article_id,article_version,last_updated,r_article_id,r_article_version,r_contractor_id,r_lcd_id,r_lcd_version,related_num,url
58679,38,06/16/2022,,,364,38972,9,1,/data/lcd?lcdid=38972&ver=9
60523,3,08/06/2026,,,507,40330,6,1,/data/lcd?lcdid=40330&ver=6
60377,5,08/06/2026,,,507,40330,6,1,/data/lcd?lcdid=40330&ver=6
60513,3,08/06/2026,,,391,40328,5,1,/data/lcd?lcdid=40328&ver=5
60375,5,08/06/2026,,,391,40328,5,1,/data/lcd?lcdid=40328&ver=5
60391,4,08/06/2026,,,143,40341,6,1,/data/lcd?lcdid=40341&ver=6
60391,4,08/06/2026,60390,3,143,,,2,/data/article?articleid=60390&ver=3
60524,3,08/06/2026,,,143,40341,6,1,/data/lcd?lcdid=40341&ver=6
60510,4,08/05/2026,,,364,40324,6,1,/data/lcd?lcdid=40324&ver=6
60361,7,08/05/2026,,,364,40324,6,1,/data/lcd?lcdid=40324&ver=6
58323,13,01/15/2021,,,228,37790,21,1,/data/lcd?lcdid=37790&ver=21
58565,52,10/07/2021,58903,6,364,,,1,/data/article?articleid=58903&ver=6
58565,52,10/07/2021,,,364,38901,12,2,https://localcoverage.cms.gov/mcd_archive/view/lcd.aspx?lcdInfo=38901:11
58565,52,10/07/2021,,,364,38902,12,3,/data/lcd?lcdid=38902&ver=12
57917,32,06/12/2020,,,228,38065,12,1,/data/lcd?lcdid=38065&ver=12
56690,18,04/10/2024,,,391,37761,23,1,/data/lcd?lcdid=37761&ver=23
57435,27,01/08/2026,,,297,37421,37,1,/data/lcd?lcdid=37421&ver=37
59702,4,04/10/2024,,,391,37761,23,1,/data/lcd?lcdid=37761&ver=23
60155,6,07/08/2026,,,358,40061,7,1,/data/lcd?lcdid=40061&ver=7
60155,6,07/08/2026,,,358,40062,6,2,/data/lcd?lcdid=40062&ver=6
60152,8,07/07/2026,60151,6,360,,,1,/data/article?articleid=60151&ver=6
60152,8,07/07/2026,,,360,40059,8,2,/data/lcd?lcdid=40059&ver=8
60152,8,07/08/2026,,,365,40060,6,3,/data/lcd?lcdid=40060&ver=6
52370,135,05/22/2025,,,297,33394,55,1,/data/lcd?lcdid=33394&ver=55
57326,42,01/17/2018,,,364,37268,9,1,https://localcoverage.cms.gov/mcd_archive/view/lcd.aspx?lcdInfo=37268:8
57326,42,09/23/2019,,,364,34315,41,2,/data/lcd?lcdid=34315&ver=41
58756,26,05/03/2022,58755,3,143,,,1,https://localcoverage.cms.gov/mcd_archive/view/article.aspx?articleInfo=58755:2
58756,26,05/10/2022,,,143,39040,8,2,/data/lcd?lcdid=39040&ver=8
58468,41,11/04/2021,,,143,38835,8,3,/data/lcd?lcdid=38835&ver=8
58761,70,02/23/2022,,,143,39044,15,1,/data/lcd?lcdid=39044&ver=15
58734,20,06/27/2022,,,228,39017,10,1,/data/lcd?lcdid=39017&ver=10
59416,14,11/03/2023,,,297,39611,5,1,/data/lcd?lcdid=39611&ver=5
52830,9,04/02/2014,,,308,33393,10,1,/data/lcd?lcdid=33393&ver=10
58376,67,11/04/2021,,,391,38779,4,1,/data/lcd?lcdid=38779&ver=4
58710,92,02/03/2022,,,391,38988,18,1,/data/lcd?lcdid=38988&ver=18
58652,29,05/13/2022,,,391,38966,5,1,/data/lcd?lcdid=38966&ver=5
58720,90,02/21/2022,,,364,39001,16,1,/data/lcd?lcdid=39001&ver=16
58454,50,11/12/2021,,,364,38814,4,1,/data/lcd?lcdid=38814&ver=4
56798,29,06/25/2020,57810,4,228,,,1,https://localcoverage.cms.gov/mcd_archive/view/article.aspx?articleInfo=57810:3
56798,29,07/16/2020,,,228,33996,33,2,/data/lcd?lcdid=33996&ver=33
57040,26,09/05/2019,,,238,34046,29,1,/data/lcd?lcdid=34046&ver=29
56692,19,11/10/2021,,,228,34061,26,1,/data/lcd?lcdid=34061&ver=26
57193,31,11/07/2019,,,228,34246,26,1,/data/lcd?lcdid=34246&ver=26
57044,22,08/11/2020,,,228,34200,30,1,/data/lcd?lcdid=34200&ver=30
57043,24,11/27/2019,,,228,34063,19,1,/data/lcd?lcdid=34063&ver=19
58582,20,06/17/2021,,,228,38920,16,1,/data/lcd?lcdid=38920&ver=16
57311,35,09/20/2019,,,236,33942,50,1,/data/lcd?lcdid=33942&ver=50
56926,17,11/07/2023,,,228,37608,22,1,/data/lcd?lcdid=37608&ver=22
59807,8,09/26/2024,,,143,39907,3,1,/data/lcd?lcdid=39907&ver=3
52451,89,04/02/2014,,,297,33394,55,1,/data/lcd?lcdid=33394&ver=55
52451,89,04/02/2014,52855,31,297,,,2,/data/article?articleid=52855&ver=31
59105,36,07/16/2025,,,297,39314,12,1,/data/lcd?lcdid=39314&ver=12
57141,47,01/07/2022,,,228,38288,11,1,/data/lcd?lcdid=38288&ver=11
57554,52,10/15/2019,,,143,34771,51,1,/data/lcd?lcdid=34771&ver=51
57331,61,06/02/2020,,,364,38351,9,1,/data/lcd?lcdid=38351&ver=9
58318,65,07/20/2020,,,391,38294,24,1,/data/lcd?lcdid=38294&ver=24
57384,53,09/01/2020,,,364,38335,16,1,/data/lcd?lcdid=38335&ver=16
58017,55,04/10/2020,,,391,38274,10,1,/data/lcd?lcdid=38274&ver=10
57482,25,10/08/2019,,,143,35498,30,1,/data/lcd?lcdid=35498&ver=30
59646,19,03/13/2024,,,228,36021,49,1,/data/lcd?lcdid=36021&ver=49
57477,15,10/08/2019,,,143,35494,28,1,/data/lcd?lcdid=35494&ver=28
57100,51,04/21/2020,,,143,38429,9,1,/data/lcd?lcdid=38429&ver=9
56973,69,11/03/2020,,,228,36021,49,1,/data/lcd?lcdid=36021&ver=49
57772,81,02/08/2022,57880,13,143,,,1,/data/article?articleid=57880&ver=13
57772,81,11/14/2019,,,143,36807,45,2,/data/lcd?lcdid=36807&ver=45
58395,44,08/12/2020,,,143,38435,15,3,/data/lcd?lcdid=38435&ver=15
59649,30,01/04/2024,,,143,36807,45,1,/data/lcd?lcdid=36807&ver=45
55162,20,12/09/2016,,,143,36807,45,1,/data/lcd?lcdid=36807&ver=45
59805,20,08/22/2024,,,143,39905,5,1,/data/lcd?lcdid=39905&ver=5
58788,18,12/04/2021,,,364,39058,17,1,/data/lcd?lcdid=39058&ver=17
59636,34,12/29/2023,,,391,35025,98,1,/data/lcd?lcdid=35025&ver=98
56853,102,08/15/2019,,,391,35025,98,1,/data/lcd?lcdid=35025&ver=98
59641,35,03/06/2024,,,360,35160,62,1,/data/lcd?lcdid=35160&ver=62
57526,93,10/14/2019,,,364,35160,62,1,/data/lcd?lcdid=35160&ver=62
58741,18,10/08/2021,,,299,39027,8,1,/data/lcd?lcdid=39027&ver=8
60274,4,07/01/2026,60273,2,143,,,1,/data/article?articleid=60273&ver=2
60274,4,07/10/2026,,,143,40249,5,2,/data/lcd?lcdid=40249&ver=5
60437,4,07/17/2026,57114,21,368,,,1,/data/article?articleid=57114&ver=21
60437,4,07/17/2026,,,368,33912,23,2,/data/lcd?lcdid=33912&ver=23
60437,4,07/17/2026,,,368,40314,11,3,/data/lcd?lcdid=40314&ver=11
60436,4,07/17/2026,57751,28,331,,,1,/data/article?articleid=57751&ver=28
60436,4,07/17/2026,,,331,35010,50,2,/data/lcd?lcdid=35010&ver=50
60436,4,07/17/2026,,,331,40310,20,3,/data/lcd?lcdid=40310&ver=20
57114,21,07/17/2026,60340,11,368,,,1,/data/article?articleid=60340&ver=11
57114,21,07/17/2026,60437,4,368,,,2,/data/article?articleid=60437&ver=4
57114,21,07/17/2026,,,368,33912,23,3,/data/lcd?lcdid=33912&ver=23
57751,28,07/17/2026,60333,12,331,,,1,/data/article?articleid=60333&ver=12
57751,28,07/17/2026,60436,4,331,,,2,/data/article?articleid=60436&ver=4
57751,28,07/17/2026,,,331,35010,50,3,/data/lcd?lcdid=35010&ver=50
58364,39,05/16/2024,,,238,38773,32,1,/data/lcd?lcdid=38773&ver=32
56612,35,06/07/2019,,,391,34417,57,1,/data/lcd?lcdid=34417&ver=57
56394,32,03/19/2019,,,143,34614,43,1,/data/lcd?lcdid=34614&ver=43
60324,3,05/21/2026,,,297,40302,3,1,/data/lcd?lcdid=40302&ver=3
60324,3,05/21/2026,60430,4,297,,,2,/data/article?articleid=60430&ver=4
56199,130,05/21/2026,,,297,35000,156,1,/data/lcd?lcdid=35000&ver=156
60381,3,05/21/2026,60417,5,297,,,1,/data/article?articleid=60417&ver=5
60381,3,05/21/2026,,,297,40334,3,2,/data/lcd?lcdid=40334&ver=3
52399,75,04/02/2014,,,297,33394,55,1,/data/lcd?lcdid=33394&ver=55
52399,75,04/02/2014,52855,31,297,,,2,/data/article?articleid=52855&ver=31
56588,33,09/23/2024,,,297,37244,41,1,/data/lcd?lcdid=37244&ver=41
59632,23,06/03/2024,,,297,39770,15,1,/data/lcd?lcdid=39770&ver=15
59707,25,12/31/2025,,,297,39832,15,1,/data/lcd?lcdid=39832&ver=15
59915,27,05/21/2025,,,297,39995,6,1,/data/lcd?lcdid=39995&ver=6
52870,38,04/02/2014,,,297,33575,44,1,/data/lcd?lcdid=33575&ver=44
56551,34,07/25/2019,,,297,33574,38,1,/data/lcd?lcdid=33574&ver=38
56781,39,07/25/2019,,,297,33577,44,1,/data/lcd?lcdid=33577&ver=44
56845,12,11/08/2019,,,297,35028,11,1,/data/lcd?lcdid=35028&ver=11
57060,12,09/09/2019,,,297,36831,35,2,/data/lcd?lcdid=36831&ver=35
57455,24,10/03/2019,,,297,33576,24,1,/data/lcd?lcdid=33576&ver=24
57736,18,11/05/2019,,,297,37535,19,2,/data/lcd?lcdid=37535&ver=19
59487,15,02/05/2024,,,297,39662,6,1,/data/lcd?lcdid=39662&ver=6
52866,35,04/02/2014,,,297,33580,41,1,/data/lcd?lcdid=33580&ver=41
52868,46,10/03/2024,,,297,33579,39,1,/data/lcd?lcdid=33579&ver=39
56537,41,07/25/2019,,,297,34380,42,1,/data/lcd?lcdid=34380&ver=42
56837,18,11/01/2019,,,297,35001,12,1,/data/lcd?lcdid=35001&ver=12
56863,15,08/07/2019,,,297,35080,54,1,/data/lcd?lcdid=35080&ver=54
56874,29,02/07/2020,,,297,35076,57,1,/data/lcd?lcdid=35076&ver=57
57427,11,09/30/2019,,,297,33578,18,2,/data/lcd?lcdid=33578&ver=18
57428,10,09/30/2019,,,297,36039,13,2,/data/lcd?lcdid=36039&ver=13
57528,5,10/14/2019,,,297,33398,40,1,/data/lcd?lcdid=33398&ver=40
57528,5,09/22/2022,,,297,39380,10,2,https://localcoverage.cms.gov/mcd_archive/view/lcd.aspx?lcdInfo=39380:9
57759,36,02/07/2020,,,297,33636,53,1,/data/lcd?lcdid=33636&ver=53
58656,9,10/06/2021,,,297,38968,5,1,/data/lcd?lcdid=38968&ver=5
59233,19,01/27/2023,,,297,39455,7,1,/data/lcd?lcdid=39455&ver=7
60176,18,01/08/2026,,,297,40168,9,1,/data/lcd?lcdid=40168&ver=9
52450,83,04/02/2014,,,297,33394,55,1,/data/lcd?lcdid=33394&ver=55
52450,83,04/02/2014,52855,31,297,,,2,/data/article?articleid=52855&ver=31
52863,59,02/05/2024,,,297,33622,36,1,/data/lcd?lcdid=33622&ver=36
56178,21,10/08/2020,,,297,33569,32,1,/data/lcd?lcdid=33569&ver=32
56550,12,07/25/2019,,,297,33628,34,1,/data/lcd?lcdid=33628&ver=34
56844,26,11/01/2019,,,297,33591,19,1,/data/lcd?lcdid=33591&ver=19
56850,33,11/08/2019,,,297,33626,45,1,/data/lcd?lcdid=33626&ver=45
56865,29,11/08/2019,,,297,33624,34,1,/data/lcd?lcdid=33624&ver=34
56937,43,11/21/2019,,,297,33632,83,1,/data/lcd?lcdid=33632&ver=83
57452,46,10/03/2019,,,297,36850,25,2,/data/lcd?lcdid=36850&ver=25
57453,5,10/03/2019,,,297,33396,11,2,/data/lcd?lcdid=33396&ver=11
58609,7,06/04/2021,,,297,38937,7,1,/data/lcd?lcdid=38937&ver=7
52448,24,04/02/2014,,,297,33394,55,1,/data/lcd?lcdid=33394&ver=55
52448,24,04/02/2014,52855,31,297,,,2,/data/article?articleid=52855&ver=31
56549,13,07/25/2019,,,297,33621,16,1,/data/lcd?lcdid=33621&ver=16
56566,46,02/07/2020,,,297,33631,52,1,/data/lcd?lcdid=33631&ver=52
56726,43,07/25/2019,,,297,33567,28,1,/data/lcd?lcdid=33567&ver=28
56758,62,07/26/2019,,,297,33627,90,1,/data/lcd?lcdid=33627&ver=90
56787,24,07/26/2019,,,297,33619,25,2,/data/lcd?lcdid=33619&ver=25
56954,6,11/14/2019,,,297,33616,11,1,/data/lcd?lcdid=33616&ver=11
58814,12,02/02/2023,,,297,39075,15,1,/data/lcd?lcdid=39075&ver=15
59101,28,07/16/2025,,,297,39297,7,1,/data/lcd?lcdid=39297&ver=7
52420,64,04/02/2014,,,297,33394,55,1,/data/lcd?lcdid=33394&ver=55
52420,64,04/02/2014,52855,31,297,,,2,/data/article?articleid=52855&ver=31
52421,23,04/02/2014,,,297,33394,55,1,/data/lcd?lcdid=33394&ver=55
52421,23,04/02/2014,52855,31,297,,,2,/data/article?articleid=52855&ver=31
52423,84,06/05/2024,,,297,33394,55,1,/data/lcd?lcdid=33394&ver=55
52453,49,04/02/2014,,,297,33394,55,1,/data/lcd?lcdid=33394&ver=55
52453,49,04/02/2014,52855,31,297,,,2,/data/article?articleid=52855&ver=31
56747,29,07/25/2019,,,297,33633,50,1,/data/lcd?lcdid=33633&ver=50
56766,25,07/26/2019,,,297,33563,27,1,/data/lcd?lcdid=33563&ver=27
57020,6,05/07/2020,,,297,38371,13,1,/data/lcd?lcdid=38371&ver=13
57092,25,02/07/2020,,,297,38387,8,1,/data/lcd?lcdid=38387&ver=8
57431,14,10/01/2019,,,297,36406,10,2,/data/lcd?lcdid=36406&ver=10
57668,45,11/13/2019,,,297,35098,28,1,/data/lcd?lcdid=35098&ver=28
58116,29,01/26/2024,,,297,38623,21,1,/data/lcd?lcdid=38623&ver=21
58921,11,10/21/2024,,,297,39189,8,1,/data/lcd?lcdid=39189&ver=8
58963,11,06/06/2022,,,297,39226,13,1,/data/lcd?lcdid=39226&ver=13
59595,4,06/03/2024,,,297,39726,4,1,/data/lcd?lcdid=39726&ver=4
52855,31,04/02/2014,,,297,33394,55,1,/data/lcd?lcdid=33394&ver=55
54548,36,07/24/2015,52855,31,297,,,1,/data/article?articleid=52855&ver=31
54548,36,07/24/2015,54549,4,297,,,2,https://localcoverage.cms.gov/mcd_archive/view/article.aspx?articleInfo=54549:3
54548,36,07/24/2015,,,297,33394,55,3,/data/lcd?lcdid=33394&ver=55
55672,26,12/28/2018,,,297,37475,18,1,/data/lcd?lcdid=37475&ver=18
56248,12,06/05/2019,,,297,38014,9,1,/data/lcd?lcdid=38014&ver=9
56548,20,07/25/2019,,,297,33630,28,1,/data/lcd?lcdid=33630&ver=28
56617,26,07/26/2019,,,297,33614,27,1,/data/lcd?lcdid=33614&ver=27
56767,29,11/01/2019,,,297,35074,33,1,/data/lcd?lcdid=35074&ver=33
56793,35,08/09/2019,,,297,37606,18,1,/data/lcd?lcdid=37606&ver=18
56797,18,07/16/2025,,,297,38367,32,1,/data/lcd?lcdid=38367&ver=32
56867,45,02/02/2022,,,297,37810,26,1,/data/lcd?lcdid=37810&ver=26
57030,11,09/05/2019,,,297,33399,15,1,/data/lcd?lcdid=33399&ver=15
57826,37,06/03/2024,,,297,35936,59,1,/data/lcd?lcdid=35936&ver=59
58152,13,09/02/2020,,,297,38667,4,1,/data/lcd?lcdid=38667&ver=4
58294,8,02/18/2021,,,297,38571,9,1,/data/lcd?lcdid=38571&ver=9
58294,8,09/22/2021,,,297,39122,3,2,/data/lcd?lcdid=39122&ver=3
58745,21,10/15/2021,,,297,39036,24,1,/data/lcd?lcdid=39036&ver=24
52849,36,04/02/2014,,,297,33585,34,1,/data/lcd?lcdid=33585&ver=34
52850,56,04/02/2014,,,297,33557,48,1,/data/lcd?lcdid=33557&ver=48
56544,28,07/25/2019,,,297,33558,33,1,/data/lcd?lcdid=33558&ver=33
56544,28,05/21/2024,,,297,39826,6,2,https://localcoverage.cms.gov/mcd_archive/view/lcd.aspx?lcdInfo=39826:5
56609,18,09/06/2022,,,297,37733,23,1,https://localcoverage.cms.gov/mcd_archive/view/lcd.aspx?lcdInfo=37733:18
56737,31,02/02/2022,,,297,33559,29,1,/data/lcd?lcdid=33559&ver=29
56743,26,07/25/2019,,,297,33560,36,1,/data/lcd?lcdid=33560&ver=36
56826,12,11/01/2019,,,297,33573,25,1,/data/lcd?lcdid=33573&ver=25
57024,16,06/16/2015,54403,2,269,,,1,/data/article?articleid=54403&ver=2
57024,16,09/05/2019,,,297,36236,18,2,/data/lcd?lcdid=36236&ver=18
59733,10,10/03/2024,,,297,39863,10,1,/data/lcd?lcdid=39863&ver=10
56827,17,11/01/2019,,,297,35075,35,1,/data/lcd?lcdid=35075&ver=35
58893,19,10/31/2023,,,297,39139,5,1,/data/lcd?lcdid=39139&ver=5
59311,10,06/07/2023,,,297,39513,4,1,/data/lcd?lcdid=39513&ver=4
59973,7,09/04/2025,,,297,40048,6,1,/data/lcd?lcdid=40048&ver=6
58282,14,05/25/2021,58807,4,391,,,1,https://localcoverage.cms.gov/mcd_archive/view/article.aspx?articleInfo=58807:2
58282,14,05/25/2021,58809,4,391,,,2,https://localcoverage.cms.gov/mcd_archive/view/article.aspx?articleInfo=58809:2
58282,14,12/15/2020,,,391,38745,17,3,/data/lcd?lcdid=38745&ver=17
58918,90,05/16/2022,59122,15,368,,,1,https://localcoverage.cms.gov/mcd_archive/view/article.aspx?articleInfo=59122:9
58918,90,11/13/2024,59123,28,368,,,2,/data/article?articleid=59123&ver=28
58918,90,07/21/2023,59492,7,368,,,3,https://localcoverage.cms.gov/mcd_archive/view/article.aspx?articleInfo=59492:6
58918,90,11/29/2021,,,368,34519,33,4,/data/lcd?lcdid=34519&ver=33
58918,90,05/17/2022,,,368,39366,11,5,https://localcoverage.cms.gov/mcd_archive/view/lcd.aspx?lcdInfo=39366:6
58918,90,12/05/2024,,,368,39367,41,6,/data/lcd?lcdid=39367&ver=41
58918,90,07/21/2023,,,368,39668,9,7,https://localcoverage.cms.gov/mcd_archive/view/lcd.aspx?lcdInfo=39668:8
58917,101,11/29/2021,52986,242,331,,,1,/data/article?articleid=52986&ver=242
58917,101,12/02/2021,56541,40,331,,,2,/data/article?articleid=56541&ver=40
58917,101,05/16/2022,59124,9,331,,,3,https://localcoverage.cms.gov/mcd_archive/view/article.aspx?articleInfo=59124:4
58917,101,12/04/2024,59125,38,331,,,4,/data/article?articleid=59125&ver=38
58917,101,07/21/2023,59491,7,331,,,5,/data/article?articleid=59491&ver=7
58917,101,12/02/2021,,,331,35062,122,6,/data/lcd?lcdid=35062&ver=122
58917,101,05/17/2022,,,331,39364,24,7,https://localcoverage.cms.gov/mcd_archive/view/lcd.aspx?lcdInfo=39364:19
58917,101,12/05/2024,,,331,39365,149,8,/data/lcd?lcdid=39365&ver=149
58917,101,07/21/2023,,,331,39667,10,9,https://localcoverage.cms.gov/mcd_archive/view/lcd.aspx?lcdInfo=39667:9
58812,81,12/03/2021,57768,7,368,,,1,https://localcoverage.cms.gov/mcd_archive/view/article.aspx?articleInfo=57768:4
58812,81,10/22/2021,58922,12,368,,,2,/data/article?articleid=58922&ver=12
58812,81,10/22/2021,,,368,39073,4,3,/data/lcd?lcdid=39073&ver=4
58801,85,12/03/2021,52986,242,331,,,1,/data/article?articleid=52986&ver=242
58801,85,12/03/2021,56541,40,335,,,2,/data/article?articleid=56541&ver=40
58801,85,10/22/2021,58929,3,331,,,3,/data/article?articleid=58929&ver=3
58801,85,10/22/2021,,,331,39063,11,4,/data/lcd?lcdid=39063&ver=11
57778,59,12/16/2022,,,368,34007,48,1,/data/lcd?lcdid=34007&ver=48
57778,59,12/16/2022,59285,3,368,,,2,/data/article?articleid=59285&ver=3
56786,77,12/16/2022,,,331,35093,114,1,/data/lcd?lcdid=35093&ver=114
56786,77,12/16/2022,59283,5,331,,,2,/data/article?articleid=59283&ver=5
53127,193,05/27/2022,53049,99,331,,,1,/data/article?articleid=53049&ver=99
60463,5,07/10/2026,,,143,40249,5,2,/data/lcd?lcdid=40249&ver=5
52800,98,11/10/2020,58544,18,143,,,1,https://localcoverage.cms.gov/mcd_archive/view/article.aspx?articleInfo=58544:1
60446,3,07/08/2026,,,364,40060,6,1,/data/lcd?lcdid=40060&ver=6
60447,3,07/08/2026,,,356,40062,6,1,/data/lcd?lcdid=40062&ver=6
60438,5,07/08/2026,,,391,40058,7,1,/data/lcd?lcdid=40058&ver=7
60146,6,07/08/2026,,,391,40058,7,1,/data/lcd?lcdid=40058&ver=7
60161,4,07/08/2026,,,228,40140,6,1,/data/lcd?lcdid=40140&ver=6
60439,4,07/08/2026,,,228,40140,6,1,/data/lcd?lcdid=40140&ver=6
52513,50,05/01/2017,55426,132,389,,,1,/data/article?articleid=55426&ver=132
52513,50,04/04/2014,,,137,33796,24,2,/data/lcd?lcdid=33796&ver=24
58747,65,02/23/2022,,,228,39038,14,1,/data/lcd?lcdid=39038&ver=14
56452,22,01/28/2020,,,228,33952,20,1,/data/lcd?lcdid=33952&ver=20
56606,22,06/07/2019,,,374,34573,31,1,/data/lcd?lcdid=34573&ver=31
56748,31,12/13/2022,,,391,37176,57,1,/data/lcd?lcdid=37176&ver=57
56718,39,08/14/2020,,,391,34580,57,1,/data/lcd?lcdid=34580&ver=57
55426,132,07/29/2021,52457,65,389,,,1,/data/article?articleid=52457&ver=65
55426,132,07/29/2021,52458,40,389,,,2,/data/article?articleid=52458&ver=40
55426,132,07/29/2021,52459,23,389,,,3,/data/article?articleid=52459&ver=23
55426,132,07/29/2021,52460,16,389,,,4,/data/article?articleid=52460&ver=16
55426,132,07/29/2021,52461,21,389,,,5,/data/article?articleid=52461&ver=21
55426,132,07/29/2021,52462,32,389,,,6,/data/article?articleid=52462&ver=32
55426,132,07/29/2021,52463,32,389,,,7,/data/article?articleid=52463&ver=32
55426,132,07/29/2021,52464,65,389,,,8,/data/article?articleid=52464&ver=65
55426,132,07/29/2021,52465,72,389,,,9,/data/article?articleid=52465&ver=72
55426,132,07/29/2021,52466,87,389,,,10,/data/article?articleid=52466&ver=87
55426,132,07/29/2021,52467,54,389,,,11,/data/article?articleid=52467&ver=54
55426,132,07/29/2021,52468,22,389,,,12,/data/article?articleid=52468&ver=22
55426,132,07/29/2021,52469,28,389,,,13,/data/article?articleid=52469&ver=28
55426,132,07/29/2021,52474,40,389,,,14,/data/article?articleid=52474&ver=40
55426,132,07/29/2021,52476,27,389,,,15,/data/article?articleid=52476&ver=27
55426,132,07/29/2021,52477,16,389,,,16,/data/article?articleid=52477&ver=16
55426,132,07/29/2021,52478,26,389,,,17,/data/article?articleid=52478&ver=26
55426,132,07/29/2021,52479,73,389,,,18,/data/article?articleid=52479&ver=73
55426,132,07/29/2021,52480,90,389,,,19,/data/article?articleid=52480&ver=90
55426,132,07/29/2021,52481,30,389,,,20,/data/article?articleid=52481&ver=30
55426,132,07/29/2021,52487,33,389,,,21,/data/article?articleid=52487&ver=33
55426,132,07/29/2021,52488,40,389,,,22,https://localcoverage.cms.gov/mcd_archive/view/article.aspx?articleInfo=52488:27
55426,132,07/29/2021,52489,24,389,,,23,/data/article?articleid=52489&ver=24
55426,132,07/29/2021,52490,27,389,,,24,/data/article?articleid=52490&ver=27
55426,132,07/29/2021,52492,22,389,,,25,/data/article?articleid=52492&ver=22
55426,132,07/29/2021,52494,63,389,,,26,/data/article?articleid=52494&ver=63
55426,132,07/29/2021,52495,18,389,,,27,/data/article?articleid=52495&ver=18
55426,132,07/29/2021,52496,64,389,,,28,/data/article?articleid=52496&ver=64
55426,132,07/29/2021,52497,35,389,,,29,/data/article?articleid=52497&ver=35
55426,132,07/29/2021,52498,64,389,,,30,/data/article?articleid=52498&ver=64
55426,132,07/29/2021,52499,23,389,,,31,/data/article?articleid=52499&ver=23
55426,132,07/29/2021,52500,46,389,,,32,/data/article?articleid=52500&ver=46
55426,132,07/29/2021,52501,47,389,,,33,/data/article?articleid=52501&ver=47
55426,132,07/29/2021,52502,20,389,,,34,/data/article?articleid=52502&ver=20
55426,132,07/29/2021,52503,26,389,,,35,/data/article?articleid=52503&ver=26
55426,132,07/29/2021,52504,61,389,,,36,/data/article?articleid=52504&ver=61
55426,132,07/29/2021,52505,80,389,,,37,/data/article?articleid=52505&ver=80
55426,132,07/29/2021,52507,156,389,,,38,/data/article?articleid=52507&ver=156
55426,132,07/29/2021,52508,39,389,,,39,/data/article?articleid=52508&ver=39
55426,132,07/29/2021,52509,73,389,,,40,/data/article?articleid=52509&ver=73
55426,132,07/29/2021,52510,61,389,,,41,/data/article?articleid=52510&ver=61
55426,132,07/29/2021,52511,28,389,,,42,/data/article?articleid=52511&ver=28
55426,132,07/29/2021,52512,46,389,,,43,/data/article?articleid=52512&ver=46
55426,132,07/29/2021,52513,50,389,,,44,/data/article?articleid=52513&ver=50
55426,132,07/29/2021,52514,61,389,,,45,/data/article?articleid=52514&ver=61
55426,132,07/29/2021,52516,26,389,,,46,/data/article?articleid=52516&ver=26
55426,132,07/29/2021,52517,50,389,,,47,/data/article?articleid=52517&ver=50
55426,132,07/29/2021,52518,36,389,,,48,/data/article?articleid=52518&ver=36
55426,132,07/29/2021,52519,39,389,,,49,/data/article?articleid=52519&ver=39
55426,132,07/29/2021,52520,31,389,,,50,/data/article?articleid=52520&ver=31
55426,132,07/29/2021,52521,55,389,,,51,/data/article?articleid=52521&ver=55
55426,132,07/29/2021,52711,22,389,,,52,/data/article?articleid=52711&ver=22
55426,132,07/29/2021,52712,25,389,,,53,/data/article?articleid=52712&ver=25
55426,132,07/29/2021,52713,18,389,,,54,/data/article?articleid=52713&ver=18
55426,132,07/29/2021,54516,48,389,,,55,/data/article?articleid=54516&ver=48
55426,132,07/29/2021,54563,54,389,,,56,/data/article?articleid=54563&ver=54
55426,132,07/16/2021,58833,17,388,,,57,/data/article?articleid=58833&ver=17
55426,132,07/15/2021,58836,20,389,,,58,/data/article?articleid=58836&ver=20
55426,132,02/16/2024,59680,3,388,,,59,/data/article?articleid=59680&ver=3
55426,132,07/29/2021,,,389,33312,40,60,/data/lcd?lcdid=33312&ver=40
55426,132,07/29/2021,,,389,33317,34,61,/data/lcd?lcdid=33317&ver=34
55426,132,07/29/2021,,,389,33318,63,62,/data/lcd?lcdid=33318&ver=63
55426,132,07/29/2021,,,389,33369,26,63,/data/lcd?lcdid=33369&ver=26
55426,132,07/29/2021,,,389,33370,58,64,/data/lcd?lcdid=33370&ver=58
55426,132,07/29/2021,,,389,33610,70,65,/data/lcd?lcdid=33610&ver=70
55426,132,06/22/2021,,,389,33611,25,66,/data/lcd?lcdid=33611&ver=25
55426,132,07/29/2021,,,389,33612,26,67,/data/lcd?lcdid=33612&ver=26
55426,132,07/29/2021,,,389,33641,21,68,/data/lcd?lcdid=33641&ver=21
55426,132,07/29/2021,,,389,33642,26,69,/data/lcd?lcdid=33642&ver=26
55426,132,07/29/2021,,,389,33686,43,70,/data/lcd?lcdid=33686&ver=43
55426,132,07/29/2021,,,389,33690,20,71,/data/lcd?lcdid=33690&ver=20
55426,132,07/29/2021,,,389,33692,21,72,/data/lcd?lcdid=33692&ver=21
55426,132,06/18/2021,,,388,33718,52,73,/data/lcd?lcdid=33718&ver=52
55426,132,07/29/2021,,,389,33733,19,74,/data/lcd?lcdid=33733&ver=19
55426,132,07/29/2021,,,389,33735,19,75,/data/lcd?lcdid=33735&ver=19
55426,132,07/29/2021,,,389,33736,20,76,/data/lcd?lcdid=33736&ver=20
55426,132,07/29/2021,,,389,33737,20,77,/data/lcd?lcdid=33737&ver=20
55426,132,07/29/2021,,,389,33738,18,78,/data/lcd?lcdid=33738&ver=18
55426,132,07/29/2021,,,389,33739,23,79,/data/lcd?lcdid=33739&ver=23
55426,132,07/29/2021,,,389,33784,21,80,/data/lcd?lcdid=33784&ver=21
55426,132,07/29/2021,,,389,33785,40,81,/data/lcd?lcdid=33785&ver=40
55426,132,07/29/2021,,,389,33786,16,82,/data/lcd?lcdid=33786&ver=16
55426,132,07/29/2021,,,389,33787,40,83,/data/lcd?lcdid=33787&ver=40
55426,132,07/29/2021,,,389,33788,15,84,/data/lcd?lcdid=33788&ver=15
55426,132,07/29/2021,,,389,33789,38,85,/data/lcd?lcdid=33789&ver=38
55426,132,07/29/2021,,,389,33790,20,86,/data/lcd?lcdid=33790&ver=20
55426,132,07/29/2021,,,389,33791,15,87,/data/lcd?lcdid=33791&ver=15
55426,132,07/29/2021,,,389,33792,43,88,/data/lcd?lcdid=33792&ver=43
55426,132,07/29/2021,,,389,33793,20,89,/data/lcd?lcdid=33793&ver=20
55426,132,06/22/2021,,,389,33794,171,90,/data/lcd?lcdid=33794&ver=171
55426,132,07/29/2021,,,389,33795,29,91,/data/lcd?lcdid=33795&ver=29
55426,132,07/29/2021,,,389,33796,24,92,/data/lcd?lcdid=33796&ver=24
55426,132,07/29/2021,,,389,33797,50,93,/data/lcd?lcdid=33797&ver=50
55426,132,07/29/2021,,,389,33799,15,94,/data/lcd?lcdid=33799&ver=15
55426,132,06/22/2021,,,389,33800,43,95,/data/lcd?lcdid=33800&ver=43
55426,132,07/29/2021,,,389,33801,26,96,/data/lcd?lcdid=33801&ver=26
55426,132,07/29/2021,,,389,33802,35,97,/data/lcd?lcdid=33802&ver=35
55426,132,07/29/2021,,,389,33803,61,98,/data/lcd?lcdid=33803&ver=61
55426,132,07/29/2021,,,389,33820,21,99,/data/lcd?lcdid=33820&ver=21
55426,132,07/29/2021,,,389,33821,28,100,/data/lcd?lcdid=33821&ver=28
55426,132,05/26/2021,,,388,33822,70,101,/data/lcd?lcdid=33822&ver=70
55426,132,07/29/2021,,,389,33823,26,102,/data/lcd?lcdid=33823&ver=26
55426,132,07/29/2021,,,389,33824,56,103,/data/lcd?lcdid=33824&ver=56
55426,132,07/29/2021,,,389,33825,17,104,/data/lcd?lcdid=33825&ver=17
55426,132,07/29/2021,,,389,33826,22,105,/data/lcd?lcdid=33826&ver=22
55426,132,07/29/2021,,,389,33827,55,106,/data/lcd?lcdid=33827&ver=55
55426,132,07/29/2021,,,389,33828,27,107,/data/lcd?lcdid=33828&ver=27
55426,132,07/29/2021,,,389,33829,52,108,https://localcoverage.cms.gov/mcd_archive/view/lcd.aspx?lcdInfo=33829:42
55426,132,07/29/2021,,,389,33830,22,109,/data/lcd?lcdid=33830&ver=22
55426,132,07/29/2021,,,389,33831,48,110,/data/lcd?lcdid=33831&ver=48
55426,132,07/29/2021,,,389,33832,20,111,/data/lcd?lcdid=33832&ver=20
55426,132,07/29/2021,,,389,34821,21,112,/data/lcd?lcdid=34821&ver=21
55426,132,07/29/2021,,,389,34823,27,113,/data/lcd?lcdid=34823&ver=27
55426,132,07/29/2021,,,389,34824,21,114,/data/lcd?lcdid=34824&ver=21
55426,132,07/29/2021,,,389,36267,44,115,/data/lcd?lcdid=36267&ver=44
55426,132,07/15/2021,,,389,38953,16,116,/data/lcd?lcdid=38953&ver=16
55426,132,07/16/2021,,,388,38955,24,117,/data/lcd?lcdid=38955&ver=24
55426,132,02/16/2024,,,388,39591,11,118,/data/lcd?lcdid=39591&ver=11
57187,39,08/28/2015,54641,13,364,,,1,/data/article?articleid=54641&ver=13
57187,39,08/31/2015,54645,3,364,,,2,/data/article?articleid=54645&ver=3
57187,39,09/01/2015,54660,14,364,,,3,/data/article?articleid=54660&ver=14
57187,39,09/16/2019,,,364,34314,53,4,/data/lcd?lcdid=34314&ver=53
56818,55,08/24/2023,,,228,36029,44,1,/data/lcd?lcdid=36029&ver=44
58713,13,05/26/2022,,,228,38997,12,1,/data/lcd?lcdid=38997&ver=12
52509,73,03/11/2017,55426,132,389,,,1,/data/article?articleid=55426&ver=132
52509,73,04/04/2014,,,137,33610,70,2,/data/lcd?lcdid=33610&ver=70
60217,4,05/19/2026,,,360,40196,4,1,/data/lcd?lcdid=40196&ver=4
60217,4,06/19/2026,,,364,40197,4,2,/data/lcd?lcdid=40197&ver=4
60449,2,06/19/2026,,,391,40187,3,1,/data/lcd?lcdid=40187&ver=3
60205,4,06/19/2026,,,391,40187,3,1,/data/lcd?lcdid=40187&ver=3
60450,2,06/19/2026,,,364,40197,4,1,/data/lcd?lcdid=40197&ver=4
60458,4,06/19/2026,,,228,40199,4,1,/data/lcd?lcdid=40199&ver=4
60215,4,06/19/2026,,,228,40199,4,1,/data/lcd?lcdid=40199&ver=4
56157,19,04/11/2023,,,143,39529,5,2,/data/lcd?lcdid=39529&ver=5
58774,24,09/22/2021,,,143,39051,10,1,/data/lcd?lcdid=39051&ver=10
58774,24,05/22/2024,,,143,39914,4,2,https://localcoverage.cms.gov/mcd_archive/view/lcd.aspx?lcdInfo=39914:1
60306,3,06/18/2026,60305,2,143,,,1,/data/article?articleid=60305&ver=2
60306,3,06/18/2026,,,143,40272,3,2,/data/lcd?lcdid=40272&ver=3
60459,3,06/18/2026,,,143,40271,3,1,/data/lcd?lcdid=40271&ver=3
60459,3,06/18/2026,,,143,40272,3,2,/data/lcd?lcdid=40272&ver=3
55703,27,12/18/2018,,,143,37537,20,2,/data/lcd?lcdid=37537&ver=20
57765,26,11/14/2019,,,368,33618,23,3,/data/lcd?lcdid=33618&ver=23
57765,26,02/20/2020,57986,3,368,,,4,https://localcoverage.cms.gov/mcd_archive/view/article.aspx?articleInfo=57986:2
60452,5,06/18/2026,,,297,33398,40,1,/data/lcd?lcdid=33398&ver=40
59549,5,07/24/2024,,,143,39709,3,1,/data/lcd?lcdid=39709&ver=3
59551,5,07/24/2024,,,143,39711,5,1,/data/lcd?lcdid=39711&ver=5
55224,37,07/20/2022,,,143,39040,8,1,/data/lcd?lcdid=39040&ver=8
58759,13,05/10/2022,,,143,39042,7,2,/data/lcd?lcdid=39042&ver=7
58700,17,05/13/2022,,,391,38985,17,1,/data/lcd?lcdid=38985&ver=17
58718,16,06/23/2022,,,364,39005,9,1,/data/lcd?lcdid=39005&ver=9
56395,18,12/16/2020,58466,4,143,,,1,https://localcoverage.cms.gov/mcd_archive/view/article.aspx?articleInfo=58466:3
56395,18,12/22/2020,58568,2,143,,,2,/data/article?articleid=58568&ver=2
56395,18,12/22/2020,,,143,34659,32,3,/data/lcd?lcdid=34659&ver=32
56395,18,12/16/2020,,,143,38833,4,4,https://localcoverage.cms.gov/mcd_archive/view/lcd.aspx?lcdInfo=38833:3
56779,25,02/14/2020,,,228,35891,35,1,/data/lcd?lcdid=35891&ver=35
56866,21,09/24/2024,,,391,37531,20,1,/data/lcd?lcdid=37531&ver=20
56346,27,02/15/2019,,,391,33445,79,1,/data/lcd?lcdid=33445&ver=79
57873,31,10/11/2022,,,228,38070,12,1,/data/lcd?lcdid=38070&ver=12
52496,64,03/31/2017,55426,132,388,,,1,/data/article?articleid=55426&ver=132
52496,64,04/04/2014,,,138,33787,40,2,/data/lcd?lcdid=33787&ver=40
52466,87,03/31/2017,55426,132,140,,,1,/data/article?articleid=55426&ver=132
52466,87,04/03/2014,,,140,33370,58,2,/data/lcd?lcdid=33370&ver=58
57948,38,01/25/2020,,,364,38310,11,1,/data/lcd?lcdid=38310&ver=11
57863,41,09/17/2024,,,364,38299,26,1,/data/lcd?lcdid=38299&ver=26
57224,68,09/15/2023,59531,4,364,,,1,/data/article?articleid=59531&ver=4
57224,68,09/15/2023,,,364,34149,52,2,/data/lcd?lcdid=34149&ver=52
57224,68,09/15/2023,,,364,39604,5,3,https://localcoverage.cms.gov/mcd_archive/view/lcd.aspx?lcdInfo=39604:4
57071,36,09/09/2019,,,238,34399,30,2,/data/lcd?lcdid=34399&ver=30
57070,16,03/04/2014,52397,11,228,,,1,https://localcoverage.cms.gov/mcd_archive/view/article.aspx?articleInfo=52397:1
57070,16,09/09/2019,,,238,34181,28,2,/data/lcd?lcdid=34181&ver=28
57067,34,09/09/2019,,,238,34049,36,3,/data/lcd?lcdid=34049&ver=36
57065,32,05/14/2019,52403,11,228,,,1,https://localcoverage.cms.gov/mcd_archive/view/article.aspx?articleInfo=52403:9
57065,32,09/09/2019,,,238,34353,35,2,/data/lcd?lcdid=34353&ver=35
57858,30,12/11/2019,,,143,38157,3,2,https://localcoverage.cms.gov/mcd_archive/view/lcd.aspx?lcdInfo=38157:2
57858,30,12/17/2019,,,143,38158,9,3,/data/lcd?lcdid=38158&ver=9
59866,6,02/18/2025,,,394,39942,5,1,/data/lcd?lcdid=39942&ver=5
57831,30,12/02/2019,57830,4,391,,,1,/data/article?articleid=57830&ver=4
57831,30,12/02/2019,,,391,38044,4,2,https://localcoverage.cms.gov/mcd_archive/view/lcd.aspx?lcdInfo=38044:3
57831,30,12/10/2019,,,391,38045,17,3,/data/lcd?lcdid=38045&ver=17
57901,27,03/26/2020,57904,5,364,,,1,/data/article?articleid=57904&ver=5
57901,27,03/26/2020,,,364,38118,4,2,https://localcoverage.cms.gov/mcd_archive/view/lcd.aspx?lcdInfo=38118:3
57901,27,03/26/2020,,,364,38119,11,3,/data/lcd?lcdid=38119&ver=11
59882,9,02/18/2025,,,364,39960,4,1,/data/lcd?lcdid=39960&ver=4
57284,14,03/04/2014,52391,8,228,,,1,https://localcoverage.cms.gov/mcd_archive/view/article.aspx?articleInfo=52391:1
57284,14,09/19/2019,,,228,34171,18,2,/data/lcd?lcdid=34171&ver=18
57069,25,09/09/2019,,,238,34175,32,2,/data/lcd?lcdid=34175&ver=32
60417,5,05/21/2026,,,297,40334,3,1,/data/lcd?lcdid=40334&ver=3
60417,5,05/21/2026,60381,3,297,,,2,/data/article?articleid=60381&ver=3
60430,4,05/21/2026,60324,3,297,,,1,/data/article?articleid=60324&ver=3
60430,4,05/21/2026,,,297,40302,3,2,/data/lcd?lcdid=40302&ver=3
60451,8,05/21/2026,,,297,35000,156,1,/data/lcd?lcdid=35000&ver=156
52505,80,03/16/2017,55426,132,388,,,1,/data/article?articleid=55426&ver=132
52505,80,04/04/2014,,,138,33312,40,2,/data/lcd?lcdid=33312&ver=40
58205,13,06/03/2021,,,143,38678,11,3,/data/lcd?lcdid=38678&ver=11
58477,22,03/02/2021,57553,5,143,,,1,https://localcoverage.cms.gov/mcd_archive/view/article.aspx?articleInfo=57553:5
58477,22,05/13/2024,59799,2,143,,,2,/data/article?articleid=59799&ver=2
58477,22,03/02/2021,,,143,35996,17,3,https://localcoverage.cms.gov/mcd_archive/view/lcd.aspx?lcdInfo=35996:16
58477,22,02/24/2021,,,143,38840,3,4,https://localcoverage.cms.gov/mcd_archive/view/lcd.aspx?lcdInfo=38840:2
58477,22,05/10/2021,,,143,38841,20,5,/data/lcd?lcdid=38841&ver=20
58477,22,01/24/2024,,,143,39795,4,6,https://localcoverage.cms.gov/mcd_archive/view/lcd.aspx?lcdInfo=39795:1
59664,17,05/21/2024,,,143,39788,11,1,/data/lcd?lcdid=39788&ver=11
57566,13,07/13/2017,,,143,37209,3,1,https://localcoverage.cms.gov/mcd_archive/view/lcd.aspx?lcdInfo=37209:2
57566,13,07/19/2017,55643,2,143,,,2,/data/article?articleid=55643&ver=2
57566,13,10/15/2019,,,143,37210,21,3,/data/lcd?lcdid=37210&ver=21
57878,26,03/15/2022,55197,35,143,,,1,/data/article?articleid=55197&ver=35
57878,26,12/18/2019,,,143,38176,13,2,/data/lcd?lcdid=38176&ver=13
57878,26,03/15/2022,57880,13,143,,,3,/data/article?articleid=57880&ver=13
57064,15,09/09/2019,,,368,33667,23,4,/data/lcd?lcdid=33667&ver=23
58350,24,05/17/2024,,,391,38765,27,1,/data/lcd?lcdid=38765&ver=27
58075,24,05/01/2020,,,391,38276,12,1,/data/lcd?lcdid=38276&ver=12
60359,9,05/14/2026,,,391,40205,8,1,/data/lcd?lcdid=40205&ver=8
60222,4,05/14/2026,,,391,40205,8,1,/data/lcd?lcdid=40205&ver=8
58403,27,05/17/2024,59793,2,360,,,1,/data/article?articleid=59793&ver=2
58403,27,05/17/2024,,,364,38801,23,2,/data/lcd?lcdid=38801&ver=23
60431,5,05/08/2026,,,391,40257,7,1,/data/lcd?lcdid=40257&ver=7
60286,6,05/08/2026,,,391,40257,7,1,/data/lcd?lcdid=40257&ver=7
60440,3,05/08/2026,,,228,40244,4,1,/data/lcd?lcdid=40244&ver=4
60292,4,05/08/2026,,,228,40244,4,1,/data/lcd?lcdid=40244&ver=4
57891,39,03/26/2020,57894,4,364,,,1,/data/article?articleid=57894&ver=4
57891,39,03/26/2020,,,364,38122,4,2,https://localcoverage.cms.gov/mcd_archive/view/lcd.aspx?lcdInfo=38122:3
57891,39,03/26/2020,,,364,38123,12,3,/data/lcd?lcdid=38123&ver=12
57204,45,08/16/2018,56061,13,364,,,1,/data/article?articleid=56061&ver=13
57204,45,07/11/2018,,,364,37372,9,2,https://localcoverage.cms.gov/mcd_archive/view/lcd.aspx?lcdInfo=37372:8
57204,45,09/17/2019,,,364,37373,41,3,/data/lcd?lcdid=37373&ver=41
52492,22,05/02/2017,55426,132,139,,,1,/data/article?articleid=55426&ver=132
52492,22,04/04/2014,,,139,33832,20,2,/data/lcd?lcdid=33832&ver=20
57837,30,12/02/2019,,,391,38046,4,1,https://localcoverage.cms.gov/mcd_archive/view/lcd.aspx?lcdInfo=38046:3
57837,30,12/06/2019,,,391,38047,13,2,/data/lcd?lcdid=38047&ver=13
53484,18,11/27/2023,,,391,35025,98,1,/data/lcd?lcdid=35025&ver=98
54799,67,08/18/2023,,,391,35724,80,1,/data/lcd?lcdid=35724&ver=80
57944,25,04/15/2020,54953,70,147,,,1,/data/article?articleid=54953&ver=70
57944,25,01/26/2021,56902,50,143,,,2,/data/article?articleid=56902&ver=50
57944,25,04/15/2020,57943,3,143,,,3,https://localcoverage.cms.gov/mcd_archive/view/article.aspx?articleInfo=57943:2
57944,25,01/11/2022,59002,4,143,,,4,https://localcoverage.cms.gov/mcd_archive/view/article.aspx?articleInfo=59002:1
57944,25,04/15/2020,,,143,35490,85,5,/data/lcd?lcdid=35490&ver=85
57944,25,04/15/2020,,,143,36839,23,6,/data/lcd?lcdid=36839&ver=23
57944,25,04/15/2020,,,143,38527,3,7,https://localcoverage.cms.gov/mcd_archive/view/lcd.aspx?lcdInfo=38527:2
57944,25,04/20/2020,,,143,38528,9,8,/data/lcd?lcdid=38528&ver=9
57944,25,01/11/2022,,,143,39246,4,9,https://localcoverage.cms.gov/mcd_archive/view/lcd.aspx?lcdInfo=39246:1
55001,69,08/18/2023,59390,4,364,,,1,https://localcoverage.cms.gov/mcd_archive/view/article.aspx?articleInfo=59390:3
55001,69,08/18/2023,59459,4,364,,,2,/data/article?articleid=59459&ver=4
55001,69,12/23/2024,,,364,36668,45,3,/data/lcd?lcdid=36668&ver=45
55001,69,08/18/2023,,,364,39586,10,4,https://localcoverage.cms.gov/mcd_archive/view/lcd.aspx?lcdInfo=39586:9
58473,11,02/24/2021,56902,50,143,,,1,/data/article?articleid=56902&ver=50
58473,11,01/11/2022,59002,4,143,,,2,https://localcoverage.cms.gov/mcd_archive/view/article.aspx?articleInfo=59002:1
58473,11,06/22/2022,59161,2,143,,,3,/data/article?articleid=59161&ver=2
58473,11,02/24/2021,,,143,35490,85,4,/data/lcd?lcdid=35490&ver=85
58473,11,03/02/2021,,,143,38839,12,5,/data/lcd?lcdid=38839&ver=12
58473,11,01/11/2022,,,143,39243,4,6,https://localcoverage.cms.gov/mcd_archive/view/lcd.aspx?lcdInfo=39243:1
58473,11,01/11/2022,,,143,39246,4,7,https://localcoverage.cms.gov/mcd_archive/view/lcd.aspx?lcdInfo=39246:1
60185,11,01/08/2026,,,228,40179,7,1,/data/lcd?lcdid=40179&ver=7
57068,17,09/09/2019,,,238,34393,24,2,/data/lcd?lcdid=34393&ver=24
57307,38,01/13/2017,55432,2,228,,,1,/data/article?articleid=55432&ver=2
57307,38,01/13/2017,,,228,36980,5,2,https://localcoverage.cms.gov/mcd_archive/view/lcd.aspx?lcdInfo=36980:4
57307,38,03/13/2017,54158,7,228,,,3,https://localcoverage.cms.gov/mcd_archive/view/article.aspx?articleInfo=54158:3
57307,38,09/20/2019,,,228,35897,32,4,/data/lcd?lcdid=35897&ver=32
57663,14,10/23/2019,,,228,35249,20,1,/data/lcd?lcdid=35249&ver=20
56836,18,03/16/2026,,,228,34195,28,1,/data/lcd?lcdid=34195&ver=28
59809,10,12/16/2025,59808,2,143,,,1,/data/article?articleid=59808&ver=2
59809,10,01/02/2026,,,143,39909,6,2,/data/lcd?lcdid=39909&ver=6
59809,10,03/26/2026,,,143,40381,4,3,/data/lcd?lcdid=40381&ver=4
56915,37,09/14/2023,59432,4,143,,,1,https://localcoverage.cms.gov/mcd_archive/view/article.aspx?articleInfo=59432:3
56915,37,09/14/2023,,,143,34645,51,2,/data/lcd?lcdid=34645&ver=51
56915,37,09/14/2023,,,143,39622,4,3,https://localcoverage.cms.gov/mcd_archive/view/lcd.aspx?lcdInfo=39622:3
60428,3,04/29/2026,,,360,40255,8,1,/data/lcd?lcdid=40255&ver=8
60279,4,04/29/2026,,,360,40255,8,1,/data/lcd?lcdid=40255&ver=8
59350,27,01/31/2025,,,391,39553,24,1,/data/lcd?lcdid=39553&ver=24
53127,193,05/27/2022,53049,99,331,,,1,/data/article?articleid=53049&ver=99
59674,18,06/21/2024,59673,5,368,,,1,https://localcoverage.cms.gov/mcd_archive/view/article.aspx?articleInfo=59673:4
59674,18,06/21/2024,59803,7,368,,,2,/data/article?articleid=59803&ver=7
59674,18,06/21/2024,,,368,39799,16,3,/data/lcd?lcdid=39799&ver=16
59668,29,06/21/2024,59667,15,331,,,1,https://localcoverage.cms.gov/mcd_archive/view/article.aspx?articleInfo=59667:14
59668,29,06/21/2024,59802,4,331,,,2,/data/article?articleid=59802&ver=4
59668,29,06/21/2024,,,331,39793,47,3,/data/lcd?lcdid=39793&ver=47
55621,17,06/20/2017,,,143,36807,45,1,/data/lcd?lcdid=36807&ver=45
56916,33,08/13/2019,,,143,34760,27,1,/data/lcd?lcdid=34760&ver=27
55146,17,12/09/2016,,,143,36807,45,1,/data/lcd?lcdid=36807&ver=45
57733,12,05/21/2024,,,143,36805,27,1,/data/lcd?lcdid=36805&ver=27
59429,4,06/25/2024,,,143,39614,5,1,/data/lcd?lcdid=39614&ver=5
55193,15,12/09/2016,,,143,36807,45,1,/data/lcd?lcdid=36807&ver=45
59332,15,09/12/2023,,,391,39543,5,1,/data/lcd?lcdid=39543&ver=5
59560,4,06/05/2024,,,143,39720,7,1,/data/lcd?lcdid=39720&ver=7
58405,22,05/17/2024,,,357,38803,17,1,/data/lcd?lcdid=38803&ver=17
58405,22,05/17/2024,59795,2,355,,,2,/data/article?articleid=59795&ver=2
52464,65,05/12/2017,55426,132,140,,,1,/data/article?articleid=55426&ver=132
52464,65,04/04/2014,,,140,33822,70,2,/data/lcd?lcdid=33822&ver=70
52458,40,04/24/2017,55426,132,388,,,1,/data/article?articleid=55426&ver=132
52458,40,04/03/2014,,,140,33690,20,2,/data/lcd?lcdid=33690&ver=20
60247,6,02/20/2026,,,391,40228,4,1,/data/lcd?lcdid=40228&ver=4
60213,13,10/23/2025,60212,2,143,,,1,/data/article?articleid=60212&ver=2
60213,13,01/08/2026,,,143,40193,9,2,/data/lcd?lcdid=40193&ver=9
56459,30,01/28/2020,,,228,34032,34,1,/data/lcd?lcdid=34032&ver=34
57306,44,04/06/2023,,,228,34338,34,1,/data/lcd?lcdid=34338&ver=34
57160,13,11/07/2023,,,228,38268,11,1,/data/lcd?lcdid=38268&ver=11
54516,48,03/09/2017,55426,132,140,,,1,/data/article?articleid=55426&ver=132
54516,48,09/22/2015,,,140,36267,44,2,/data/lcd?lcdid=36267&ver=44
60181,12,01/09/2026,60355,5,364,,,1,/data/article?articleid=60355&ver=5
60181,12,01/09/2026,,,364,40176,7,2,/data/lcd?lcdid=40176&ver=7
60211,10,01/09/2026,,,391,40189,10,1,/data/lcd?lcdid=40189&ver=10
59726,19,12/29/2025,,,228,39857,7,1,/data/lcd?lcdid=39857&ver=7
59608,32,05/16/2024,,,238,39741,8,1,/data/lcd?lcdid=39741&ver=8
57186,43,12/29/2025,,,345,35172,72,1,/data/lcd?lcdid=35172&ver=72
57185,43,12/29/2025,,,364,35170,60,1,/data/lcd?lcdid=35170&ver=60
57052,18,09/06/2019,,,238,34183,20,1,/data/lcd?lcdid=34183&ver=20
52504,61,03/09/2017,55426,132,388,,,1,/data/article?articleid=55426&ver=132
52504,61,04/04/2014,,,138,33792,43,2,/data/lcd?lcdid=33792&ver=43
52500,46,03/09/2017,55426,132,388,,,1,/data/article?articleid=55426&ver=132
52500,46,04/04/2014,,,138,33790,20,2,/data/lcd?lcdid=33790&ver=20
52498,64,04/12/2017,55426,132,388,,,1,/data/article?articleid=55426&ver=132
52498,64,04/04/2014,,,138,33789,38,2,/data/lcd?lcdid=33789&ver=38
52457,65,03/08/2017,55426,132,388,,,1,/data/article?articleid=55426&ver=132
52457,65,04/02/2014,,,140,33686,43,2,/data/lcd?lcdid=33686&ver=43
52521,55,03/06/2017,55426,132,139,,,1,/data/article?articleid=55426&ver=132
52521,55,04/04/2014,,,137,33803,61,2,/data/lcd?lcdid=33803&ver=61
57041,21,03/31/2015,54139,3,228,,,1,https://localcoverage.cms.gov/mcd_archive/view/article.aspx?articleInfo=54139:1
57041,21,09/05/2019,,,238,35906,25,2,/data/lcd?lcdid=35906&ver=25
57787,47,06/21/2024,59662,7,368,,,1,https://localcoverage.cms.gov/mcd_archive/view/article.aspx?articleInfo=59662:6
57787,47,06/21/2024,59829,6,368,,,2,/data/article?articleid=59829&ver=6
57787,47,06/21/2024,,,368,33930,49,3,/data/lcd?lcdid=33930&ver=49
57787,47,07/02/2026,,,368,40404,7,4,/data/lcd?lcdid=40404&ver=7
57054,12,09/06/2019,,,238,34539,16,2,/data/lcd?lcdid=34539&ver=16
56670,61,06/21/2024,59650,20,331,,,1,https://localcoverage.cms.gov/mcd_archive/view/article.aspx?articleInfo=59650:19
56670,61,06/21/2024,59816,6,331,,,2,/data/article?articleid=59816&ver=6
56670,61,06/21/2024,,,331,34892,123,3,/data/lcd?lcdid=34892&ver=123
56670,61,07/02/2026,,,331,40391,25,4,/data/lcd?lcdid=40391&ver=25
57053,22,03/05/2014,52413,12,228,,,1,https://localcoverage.cms.gov/mcd_archive/view/article.aspx?articleInfo=52413:1
57053,22,09/06/2019,,,238,34196,30,2,/data/lcd?lcdid=34196&ver=30
55937,46,01/29/2021,,,368,33671,48,1,/data/lcd?lcdid=33671&ver=48
58428,29,01/29/2021,,,331,38812,7,1,/data/lcd?lcdid=38812&ver=7
59634,10,05/17/2024,,,391,39773,7,1,/data/lcd?lcdid=39773&ver=7
59714,16,12/29/2025,,,391,39836,8,1,/data/lcd?lcdid=39836&ver=8
52465,72,03/09/2017,55426,132,140,,,1,/data/article?articleid=55426&ver=132
52465,72,04/04/2014,,,140,33318,63,2,/data/lcd?lcdid=33318&ver=63
59624,19,05/17/2024,59796,3,360,,,1,/data/article?articleid=59796&ver=3
59624,19,05/17/2024,,,360,39758,14,2,/data/lcd?lcdid=39758&ver=14
60342,5,03/27/2026,60318,5,368,,,1,/data/article?articleid=60318&ver=5
60342,5,03/27/2026,,,368,40288,7,2,/data/lcd?lcdid=40288&ver=7
60342,5,03/27/2026,,,368,40289,6,3,/data/lcd?lcdid=40289&ver=6
60341,4,03/27/2026,60315,4,331,,,1,/data/article?articleid=60315&ver=4
60341,4,03/27/2026,,,331,40275,8,2,/data/lcd?lcdid=40275&ver=8
60341,4,03/27/2026,,,331,40276,7,3,/data/lcd?lcdid=40276&ver=7
60318,5,03/27/2026,57125,22,368,,,1,/data/article?articleid=57125&ver=22
60318,5,03/27/2026,60342,5,368,,,2,/data/article?articleid=60342&ver=5
60318,5,03/27/2026,,,368,33693,28,3,/data/lcd?lcdid=33693&ver=28
60318,5,03/27/2026,,,368,40288,7,4,/data/lcd?lcdid=40288&ver=7
60318,5,03/27/2026,,,368,40289,6,5,/data/lcd?lcdid=40289&ver=6
60315,4,03/26/2026,52993,54,331,,,1,/data/article?articleid=52993&ver=54
60315,4,03/27/2026,60341,4,331,,,2,/data/article?articleid=60341&ver=4
60315,4,03/26/2026,,,331,35451,53,3,/data/lcd?lcdid=35451&ver=53
60315,4,03/27/2026,,,331,40275,8,4,/data/lcd?lcdid=40275&ver=8
60315,4,03/27/2026,,,331,40276,7,5,/data/lcd?lcdid=40276&ver=7
60250,8,01/22/2026,,,228,40232,5,1,/data/lcd?lcdid=40232&ver=5
56467,14,11/07/2023,,,228,34090,22,1,/data/lcd?lcdid=34090&ver=22
56465,16,11/07/2023,,,228,36906,20,1,/data/lcd?lcdid=36906&ver=20
57926,25,10/20/2025,,,228,38378,26,1,/data/lcd?lcdid=38378&ver=26
57079,15,03/31/2017,55489,3,360,,,1,/data/article?articleid=55489&ver=3
57079,15,09/10/2019,,,364,34218,26,2,/data/lcd?lcdid=34218&ver=26
57079,15,03/31/2017,,,364,36870,7,3,https://localcoverage.cms.gov/mcd_archive/view/lcd.aspx?lcdInfo=36870:6
57598,11,08/12/2022,59237,2,143,,,1,/data/article?articleid=59237&ver=2
57598,11,10/15/2019,,,143,34641,27,2,/data/lcd?lcdid=34641&ver=27
57598,11,05/17/2022,,,143,39357,4,3,https://localcoverage.cms.gov/mcd_archive/view/lcd.aspx?lcdInfo=39357:2
57591,25,06/10/2015,54402,2,143,,,1,/data/article?articleid=54402&ver=2
57591,25,10/15/2019,,,143,35755,35,2,/data/lcd?lcdid=35755&ver=35
58223,22,10/22/2020,58520,3,364,,,1,/data/article?articleid=58520&ver=3
58223,22,10/22/2020,,,364,38709,5,2,/data/lcd?lcdid=38709&ver=5
57050,13,09/06/2019,,,238,34085,18,1,/data/lcd?lcdid=34085&ver=18
56594,14,11/15/2023,,,228,34064,24,1,/data/lcd?lcdid=34064&ver=24
59154,13,01/26/2023,,,228,39383,13,1,/data/lcd?lcdid=39383&ver=13
58828,15,12/20/2021,,,391,39086,10,1,/data/lcd?lcdid=39086&ver=10
52725,38,07/14/2022,59155,3,345,,,1,/data/article?articleid=59155&ver=3
52725,38,07/14/2022,,,345,35457,64,2,/data/lcd?lcdid=35457&ver=64
59507,6,08/01/2024,,,345,39680,5,1,/data/lcd?lcdid=39680&ver=5
59401,5,06/28/2024,,,345,39594,6,1,/data/lcd?lcdid=39594&ver=6
57433,14,02/05/2016,54896,3,351,,,1,/data/article?articleid=54896&ver=3
57433,14,02/05/2016,,,351,36189,4,2,https://localcoverage.cms.gov/mcd_archive/view/lcd.aspx?lcdInfo=36189:3
57433,14,02/05/2016,,,345,36191,4,3,https://localcoverage.cms.gov/mcd_archive/view/lcd.aspx?lcdInfo=36191:3
57433,14,10/01/2019,,,345,36192,25,4,/data/lcd?lcdid=36192&ver=25
59515,5,08/01/2024,,,345,39688,4,1,/data/lcd?lcdid=39688&ver=4
57420,15,03/27/2019,,,345,37890,6,1,https://localcoverage.cms.gov/mcd_archive/view/lcd.aspx?lcdInfo=37890:5
57420,15,03/27/2019,56376,3,345,,,2,/data/article?articleid=56376&ver=3
57420,15,09/29/2019,,,345,37891,24,3,/data/lcd?lcdid=37891&ver=24
57622,17,07/20/2017,55659,2,345,,,1,/data/article?articleid=55659&ver=2
57622,17,07/20/2017,,,345,37071,6,2,https://localcoverage.cms.gov/mcd_archive/view/lcd.aspx?lcdInfo=37071:5
57622,17,10/16/2019,,,345,37072,25,3,/data/lcd?lcdid=37072&ver=25
58434,34,11/04/2021,,,228,38822,8,1,/data/lcd?lcdid=38822&ver=8
57905,28,03/26/2020,,,345,38120,4,1,https://localcoverage.cms.gov/mcd_archive/view/lcd.aspx?lcdInfo=38120:3
57905,28,03/26/2020,57906,4,345,,,2,/data/article?articleid=57906&ver=4
57905,28,03/26/2020,,,345,38121,11,3,/data/lcd?lcdid=38121&ver=11
56696,43,10/24/2019,,,228,36690,38,1,/data/lcd?lcdid=36690&ver=38
53046,22,12/22/2016,55214,9,345,,,1,/data/article?articleid=55214&ver=9
53046,22,05/02/2018,52768,13,345,,,2,https://localcoverage.cms.gov/mcd_archive/view/article.aspx?articleInfo=52768:9
54662,14,09/01/2015,,,345,34074,39,1,/data/lcd?lcdid=34074&ver=39
57084,15,09/10/2019,,,345,34038,32,1,/data/lcd?lcdid=34038&ver=32
57194,36,08/28/2015,54643,13,345,,,1,/data/article?articleid=54643&ver=13
57194,36,08/31/2015,54647,3,345,,,2,/data/article?articleid=54647&ver=3
57194,36,09/01/2015,54662,14,345,,,3,/data/article?articleid=54662&ver=14
57194,36,09/16/2019,,,345,34074,39,4,/data/lcd?lcdid=34074&ver=39
57385,46,09/01/2020,,,345,38337,16,1,/data/lcd?lcdid=38337&ver=16
58097,17,07/27/2022,59212,3,345,,,1,/data/article?articleid=59212&ver=3
58097,17,07/27/2022,,,345,38615,14,2,/data/lcd?lcdid=38615&ver=14
58229,18,10/24/2025,,,356,38707,13,1,/data/lcd?lcdid=38707&ver=13
59177,12,01/13/2023,,,345,39398,6,1,/data/lcd?lcdid=39398&ver=6
59246,18,01/27/2023,,,345,39464,8,1,/data/lcd?lcdid=39464&ver=8
59468,6,12/08/2023,,,345,39644,12,1,/data/lcd?lcdid=39644&ver=12
56034,42,07/14/2022,59151,4,364,,,1,/data/article?articleid=59151&ver=4
56034,42,07/14/2022,,,364,35456,66,2,/data/lcd?lcdid=35456&ver=66
57149,20,12/15/2021,,,228,38307,14,1,/data/lcd?lcdid=38307&ver=14
56159,23,09/13/2021,,,228,37575,22,1,/data/lcd?lcdid=37575&ver=22
56464,35,09/21/2020,,,228,34037,22,1,/data/lcd?lcdid=34037&ver=22
57049,13,01/10/2017,55430,2,228,,,1,/data/article?articleid=55430&ver=2
57049,13,01/10/2017,,,228,36901,4,2,https://localcoverage.cms.gov/mcd_archive/view/lcd.aspx?lcdInfo=36901:3
57049,13,09/06/2019,,,238,36902,16,3,/data/lcd?lcdid=36902&ver=16
59215,9,12/29/2022,,,238,39434,8,1,/data/lcd?lcdid=39434&ver=8
56462,32,01/28/2020,,,228,34356,31,1,/data/lcd?lcdid=34356&ver=31
56462,32,05/21/2026,,,228,40386,6,2,/data/lcd?lcdid=40386&ver=6
56461,26,10/23/2019,,,228,34081,26,1,/data/lcd?lcdid=34081&ver=26
56518,28,05/25/2021,,,345,38121,11,1,/data/lcd?lcdid=38121&ver=11
56518,28,05/25/2021,,,345,38125,11,2,/data/lcd?lcdid=38125&ver=11
57843,12,03/18/2024,,,345,36256,54,1,/data/lcd?lcdid=36256&ver=54
56104,17,07/25/2023,,,345,36256,54,1,/data/lcd?lcdid=36256&ver=54
54420,28,07/21/2015,,,345,36256,54,1,/data/lcd?lcdid=36256&ver=54
54388,35,07/21/2015,,,345,36256,54,1,/data/lcd?lcdid=36256&ver=54
57595,20,10/15/2019,,,143,35486,22,1,/data/lcd?lcdid=35486&ver=22
57236,22,10/16/2020,,,345,38341,14,1,/data/lcd?lcdid=38341&ver=14
57236,22,10/16/2020,,,345,38340,7,2,https://localcoverage.cms.gov/mcd_archive/view/lcd.aspx?lcdInfo=38340:6
57330,17,06/29/2020,58272,3,345,,,1,/data/article?articleid=58272&ver=3
57330,17,06/29/2020,,,345,38329,10,2,/data/lcd?lcdid=38329&ver=10
57330,17,06/29/2020,,,345,38328,7,3,https://localcoverage.cms.gov/mcd_archive/view/lcd.aspx?lcdInfo=38328:6
58975,28,11/03/2022,,,345,39232,6,1,/data/lcd?lcdid=39232&ver=6
58185,20,05/13/2021,,,345,38645,8,1,/data/lcd?lcdid=38645&ver=8
57620,9,01/23/2017,,,345,36946,4,1,https://localcoverage.cms.gov/mcd_archive/view/lcd.aspx?lcdInfo=36946:3
57620,9,10/16/2019,,,345,36947,21,2,/data/lcd?lcdid=36947&ver=21
58726,82,02/21/2022,,,345,39003,15,1,/data/lcd?lcdid=39003&ver=15
58456,43,11/12/2021,,,345,38816,6,1,/data/lcd?lcdid=38816&ver=6
56454,12,01/28/2020,,,228,33945,21,1,/data/lcd?lcdid=33945&ver=21
53296,23,12/22/2016,55215,9,364,,,2,/data/article?articleid=55215&ver=9
53296,23,05/02/2018,53287,12,364,,,3,https://localcoverage.cms.gov/mcd_archive/view/article.aspx?articleInfo=53287:8
58095,16,07/27/2022,59211,3,364,,,1,/data/article?articleid=59211&ver=3
58095,16,07/27/2022,,,364,38613,16,2,/data/lcd?lcdid=38613&ver=16
58227,20,10/24/2025,,,364,38705,14,1,/data/lcd?lcdid=38705&ver=14
59244,18,01/27/2023,,,364,39462,9,1,/data/lcd?lcdid=39462&ver=9
54660,14,09/01/2015,,,364,34314,53,1,/data/lcd?lcdid=34314&ver=53
57083,14,09/10/2019,,,364,35526,43,1,/data/lcd?lcdid=35526&ver=43
59466,7,12/08/2023,,,364,39642,11,1,/data/lcd?lcdid=39642&ver=11
59175,11,01/13/2023,,,364,39396,7,1,/data/lcd?lcdid=39396&ver=7
52848,42,04/02/2014,,,297,33646,40,1,/data/lcd?lcdid=33646&ver=40
56472,23,11/19/2019,,,228,33949,26,1,/data/lcd?lcdid=33949&ver=26
56646,24,07/02/2019,,,394,33458,70,1,/data/lcd?lcdid=33458&ver=70
57474,34,09/14/2021,58775,4,143,,,1,https://localcoverage.cms.gov/mcd_archive/view/article.aspx?articleInfo=58775:3
57474,34,09/22/2021,,,143,34635,37,2,/data/lcd?lcdid=34635&ver=37
57474,34,09/14/2021,,,143,39052,4,3,https://localcoverage.cms.gov/mcd_archive/view/lcd.aspx?lcdInfo=39052:3
56455,12,01/28/2020,,,228,37254,16,1,/data/lcd?lcdid=37254&ver=16
56494,17,01/28/2020,,,228,33960,27,1,/data/lcd?lcdid=33960&ver=27
56471,18,01/28/2020,,,228,36975,24,1,/data/lcd?lcdid=36975&ver=24
56816,16,01/28/2020,,,228,34008,23,1,/data/lcd?lcdid=34008&ver=23
56456,32,01/28/2020,,,228,34005,34,1,/data/lcd?lcdid=34005&ver=34
56460,14,01/28/2020,,,228,34062,42,1,/data/lcd?lcdid=34062&ver=42
56457,15,01/28/2020,,,228,33999,21,1,/data/lcd?lcdid=33999&ver=21
57179,22,09/16/2019,,,368,33756,23,1,/data/lcd?lcdid=33756&ver=23
56505,41,04/18/2019,,,331,35016,36,1,/data/lcd?lcdid=35016&ver=36
60400,4,02/20/2026,,,391,40228,4,1,/data/lcd?lcdid=40228&ver=4
57592,19,06/10/2015,54398,2,143,,,1,/data/article?articleid=54398&ver=2
57592,19,10/15/2019,,,143,35753,40,2,/data/lcd?lcdid=35753&ver=40
59700,5,02/12/2026,,,143,36807,45,1,/data/lcd?lcdid=36807&ver=45
55197,35,03/15/2022,57878,26,143,,,1,/data/article?articleid=57878&ver=26
55197,35,02/08/2022,,,143,38158,9,2,/data/lcd?lcdid=38158&ver=9
55197,35,02/08/2022,,,143,38176,13,3,/data/lcd?lcdid=38176&ver=13
54953,70,04/22/2020,56902,50,147,,,1,/data/article?articleid=56902&ver=50
54953,70,04/16/2020,56903,15,147,,,2,/data/article?articleid=56903&ver=15
54953,70,04/16/2020,57476,22,147,,,3,/data/article?articleid=57476&ver=22
54953,70,04/16/2020,,,147,34636,38,5,/data/lcd?lcdid=34636&ver=38
54953,70,04/16/2020,,,147,35490,85,6,/data/lcd?lcdid=35490&ver=85
54953,70,04/16/2020,,,147,36839,23,7,/data/lcd?lcdid=36839&ver=23
59423,4,08/14/2023,,,238,39616,5,1,/data/lcd?lcdid=39616&ver=5
59163,7,06/15/2023,,,228,39389,6,1,/data/lcd?lcdid=39389&ver=6
59318,13,06/22/2023,,,238,39521,8,1,/data/lcd?lcdid=39521&ver=8
57774,16,03/16/2021,58670,4,345,,,1,/data/article?articleid=58670&ver=4
57774,16,03/16/2021,,,345,37824,19,2,/data/lcd?lcdid=37824&ver=19
54424,20,07/21/2015,,,345,36256,54,1,/data/lcd?lcdid=36256&ver=54
54447,26,07/21/2015,,,345,36256,54,1,/data/lcd?lcdid=36256&ver=54
54482,16,07/21/2015,,,345,36256,54,1,/data/lcd?lcdid=36256&ver=54
54486,13,07/21/2015,,,345,36256,54,1,/data/lcd?lcdid=36256&ver=54
54500,24,07/21/2015,,,345,36256,54,1,/data/lcd?lcdid=36256&ver=54
54976,16,08/13/2025,57055,21,345,,,1,/data/article?articleid=57055&ver=21
54976,16,04/01/2016,,,345,36362,34,2,/data/lcd?lcdid=36362&ver=34
55295,30,08/20/2025,,,353,38974,9,2,/data/lcd?lcdid=38974&ver=9
55600,17,09/28/2017,,,345,36186,37,1,/data/lcd?lcdid=36186&ver=37
55600,17,08/25/2025,,,353,39927,11,2,/data/lcd?lcdid=39927&ver=11
55712,22,05/30/2018,,,345,36256,54,1,/data/lcd?lcdid=36256&ver=54
53065,76,09/11/2014,,,226,34428,93,1,/data/lcd?lcdid=34428&ver=93
53064,87,09/11/2014,,,226,34427,100,1,/data/lcd?lcdid=34427&ver=100
56432,25,04/12/2019,,,391,35677,88,1,/data/lcd?lcdid=35677&ver=88
59371,7,09/18/2023,,,391,39573,3,1,/data/lcd?lcdid=39573&ver=3
59036,23,07/05/2022,,,391,39266,3,1,/data/lcd?lcdid=39266&ver=3
52507,156,03/06/2017,55426,132,389,,,1,/data/article?articleid=55426&ver=132
52507,156,04/04/2014,,,137,33794,171,2,/data/lcd?lcdid=33794&ver=171
56777,16,08/01/2019,,,374,33456,71,1,/data/lcd?lcdid=33456&ver=71
59030,13,07/01/2022,,,391,39260,5,1,/data/lcd?lcdid=39260&ver=5
59498,10,02/07/2024,,,391,39671,5,1,/data/lcd?lcdid=39671&ver=5
58354,15,04/12/2024,,,391,38769,14,1,/data/lcd?lcdid=38769&ver=14
59672,8,11/08/2024,59192,15,391,,,1,/data/article?articleid=59192&ver=15
59672,8,12/23/2024,,,391,39797,13,2,/data/lcd?lcdid=39797&ver=13
59723,10,08/29/2024,,,391,39853,3,1,/data/lcd?lcdid=39853&ver=3
58876,12,02/11/2022,,,391,39121,9,1,/data/lcd?lcdid=39121&ver=9
56852,24,08/15/2019,,,391,34576,72,1,/data/lcd?lcdid=34576&ver=72
58008,22,10/24/2025,,,391,38549,17,1,/data/lcd?lcdid=38549&ver=17
56658,42,07/02/2019,,,391,33428,53,1,/data/lcd?lcdid=33428&ver=53
59028,12,12/01/2023,,,391,39258,12,1,/data/lcd?lcdid=39258&ver=12
57372,18,10/16/2020,,,364,38338,7,1,https://localcoverage.cms.gov/mcd_archive/view/lcd.aspx?lcdInfo=38338:6
57372,18,10/16/2020,,,364,38339,17,2,/data/lcd?lcdid=38339&ver=17
57516,12,12/01/2017,55778,4,364,,,1,/data/article?articleid=55778&ver=4
57516,12,11/16/2017,,,364,37298,5,2,https://localcoverage.cms.gov/mcd_archive/view/lcd.aspx?lcdInfo=37298:4
57516,12,10/09/2019,,,364,37299,30,3,/data/lcd?lcdid=37299&ver=30
57329,18,06/29/2020,58271,3,364,,,1,/data/article?articleid=58271&ver=3
57329,18,06/29/2020,,,364,38326,7,2,https://localcoverage.cms.gov/mcd_archive/view/lcd.aspx?lcdInfo=38326:6
57329,18,06/29/2020,,,364,38327,10,3,/data/lcd?lcdid=38327&ver=10
57486,10,04/29/2016,55048,2,364,,,1,/data/article?articleid=55048&ver=2
57486,10,04/29/2016,,,360,36307,4,2,https://localcoverage.cms.gov/mcd_archive/view/lcd.aspx?lcdInfo=36307:3
57486,10,04/29/2016,,,364,36334,4,3,https://localcoverage.cms.gov/mcd_archive/view/lcd.aspx?lcdInfo=36334:3
57486,10,10/08/2019,,,364,36335,25,4,/data/lcd?lcdid=36335&ver=25
57619,8,01/23/2017,,,364,36940,6,1,https://localcoverage.cms.gov/mcd_archive/view/lcd.aspx?lcdInfo=36940:5
57619,8,10/16/2019,,,364,36941,22,2,/data/lcd?lcdid=36941&ver=22
58052,9,04/16/2020,,,364,38151,9,1,/data/lcd?lcdid=38151&ver=9
58181,24,06/15/2023,,,364,38647,14,1,/data/lcd?lcdid=38647&ver=14
58183,19,05/13/2021,,,364,38643,8,1,/data/lcd?lcdid=38643&ver=8
58973,27,11/03/2022,,,364,39230,7,1,/data/lcd?lcdid=39230&ver=7
59509,5,06/25/2025,60201,8,360,,,1,/data/article?articleid=60201&ver=8
59509,5,06/07/2024,,,364,39682,8,2,/data/lcd?lcdid=39682&ver=8
59835,8,06/27/2025,,,364,39923,14,1,/data/lcd?lcdid=39923&ver=14
59872,9,06/25/2025,,,360,39947,4,1,https://localcoverage.cms.gov/mcd_archive/view/lcd.aspx?lcdInfo=39947:3
59872,9,06/04/2025,,,365,39948,7,2,/data/lcd?lcdid=39948&ver=7
58996,31,05/03/2022,,,364,38814,4,1,/data/lcd?lcdid=38814&ver=4
59764,16,10/11/2024,59763,9,368,,,1,https://localcoverage.cms.gov/mcd_archive/view/article.aspx?articleInfo=59763:8
59764,16,10/11/2024,59893,3,368,,,2,/data/article?articleid=59893&ver=3
59764,16,10/11/2024,,,368,39877,4,3,/data/lcd?lcdid=39877&ver=4
58577,33,05/21/2021,58770,5,370,,,1,/data/article?articleid=58770&ver=5
58577,33,05/21/2021,,,370,38918,8,2,/data/lcd?lcdid=38918&ver=8
57145,32,09/16/2019,,,368,33411,29,2,/data/lcd?lcdid=33411&ver=29
57115,10,09/11/2019,,,370,33923,14,1,/data/lcd?lcdid=33923&ver=14
56952,50,03/05/2021,,,368,38396,25,1,/data/lcd?lcdid=38396&ver=25
58250,19,11/06/2020,,,368,38720,6,1,/data/lcd?lcdid=38720&ver=6
58250,19,11/06/2020,58530,4,368,,,2,/data/article?articleid=58530&ver=4
55818,26,01/17/2023,,,368,37166,23,1,/data/lcd?lcdid=37166&ver=23
57666,36,12/10/2021,58960,7,368,,,1,/data/article?articleid=58960&ver=7
57666,36,12/10/2021,,,368,33833,26,2,/data/lcd?lcdid=33833&ver=26
59766,29,10/11/2024,59765,6,331,,,1,https://localcoverage.cms.gov/mcd_archive/view/article.aspx?articleInfo=59765:5
59766,29,10/11/2024,59894,3,331,,,2,/data/article?articleid=59894&ver=3
59766,29,10/11/2024,,,331,39879,10,3,/data/lcd?lcdid=39879&ver=10
58575,38,05/21/2021,58769,7,335,,,1,/data/article?articleid=58769&ver=7
58575,38,05/21/2021,,,335,38916,8,2,/data/lcd?lcdid=38916&ver=8
57361,46,09/25/2019,,,331,35049,58,1,/data/lcd?lcdid=35049&ver=58
57205,39,09/27/2018,53252,237,331,,,1,/data/article?articleid=53252&ver=237
57205,39,09/27/2018,,,331,35448,87,2,https://localcoverage.cms.gov/mcd_archive/view/lcd.aspx?lcdInfo=35448:61
57205,39,09/17/2019,,,331,35434,30,3,/data/lcd?lcdid=35434&ver=30
56423,59,03/05/2021,,,331,35083,108,1,/data/lcd?lcdid=35083&ver=108
56422,50,03/22/2019,,,331,35022,67,1,/data/lcd?lcdid=35022&ver=67
55229,46,11/06/2020,58378,5,331,,,1,/data/article?articleid=58378&ver=5
55229,46,11/06/2020,,,331,34924,79,2,/data/lcd?lcdid=34924&ver=79
53001,45,04/12/2019,,,331,35125,77,1,/data/lcd?lcdid=35125&ver=77
52998,50,12/10/2021,,,331,34887,53,1,/data/lcd?lcdid=34887&ver=53
52998,50,12/10/2021,58961,8,331,,,2,/data/article?articleid=58961&ver=8
58264,8,11/06/2020,58537,5,368,,,1,https://localcoverage.cms.gov/mcd_archive/view/article.aspx?articleInfo=58537:4
58264,8,02/14/2025,59932,5,368,,,2,/data/article?articleid=59932&ver=5
58264,8,11/06/2020,,,368,38726,17,3,/data/lcd?lcdid=38726&ver=17
58264,8,08/22/2024,,,368,39996,8,4,https://localcoverage.cms.gov/mcd_archive/view/lcd.aspx?lcdInfo=39996:7
58243,7,11/06/2020,58377,7,331,,,1,https://localcoverage.cms.gov/mcd_archive/view/article.aspx?articleInfo=58377:6
58243,7,02/14/2025,59931,5,331,,,2,/data/article?articleid=59931&ver=5
58243,7,11/06/2020,,,331,38712,18,3,/data/lcd?lcdid=38712&ver=18
58243,7,08/22/2024,,,331,39983,9,4,https://localcoverage.cms.gov/mcd_archive/view/lcd.aspx?lcdInfo=39983:8
57751,28,07/17/2026,60333,12,331,,,1,/data/article?articleid=60333&ver=12
57751,28,07/17/2026,60436,4,331,,,2,/data/article?articleid=60436&ver=4
57751,28,07/17/2026,,,331,35010,50,3,/data/lcd?lcdid=35010&ver=50
57114,21,07/17/2026,60340,11,368,,,1,/data/article?articleid=60340&ver=11
57114,21,07/17/2026,60437,4,368,,,2,/data/article?articleid=60437&ver=4
57114,21,07/17/2026,,,368,33912,23,3,/data/lcd?lcdid=33912&ver=23
57113,44,09/11/2019,,,331,34938,68,1,/data/lcd?lcdid=34938&ver=68
56796,31,08/01/2019,,,331,36007,65,1,/data/lcd?lcdid=36007&ver=65
57680,9,11/16/2017,55813,3,368,,,1,https://localcoverage.cms.gov/mcd_archive/view/article.aspx?articleInfo=55813:2
57680,9,10/23/2019,,,368,36377,7,2,/data/lcd?lcdid=36377&ver=7
57680,9,08/06/2020,58372,3,368,,,3,https://localcoverage.cms.gov/mcd_archive/view/article.aspx?articleInfo=58372:2
54117,88,06/23/2016,,,331,35041,113,1,/data/lcd?lcdid=35041&ver=113
57480,31,10/08/2019,,,143,34616,44,1,/data/lcd?lcdid=34616&ver=44
56902,50,04/12/2022,54953,70,147,,,1,/data/article?articleid=54953&ver=70
56902,50,04/12/2022,57552,19,143,,,2,/data/article?articleid=57552&ver=19
56902,50,04/12/2022,57944,25,143,,,3,/data/article?articleid=57944&ver=25
56902,50,04/12/2022,58209,9,143,,,4,/data/article?articleid=58209&ver=9
56902,50,04/12/2022,58213,16,143,,,5,/data/article?articleid=58213&ver=16
56902,50,04/12/2022,58471,10,143,,,6,/data/article?articleid=58471&ver=10
56902,50,04/12/2022,58473,11,143,,,7,/data/article?articleid=58473&ver=11
56902,50,04/12/2022,,,143,35121,35,8,/data/lcd?lcdid=35121&ver=35
56902,50,05/06/2022,,,143,35490,85,9,/data/lcd?lcdid=35490&ver=85
56902,50,08/23/2023,,,143,38682,13,10,/data/lcd?lcdid=38682&ver=13
56902,50,04/12/2022,,,143,38686,18,11,/data/lcd?lcdid=38686&ver=18
56902,50,04/12/2022,,,143,38837,7,12,/data/lcd?lcdid=38837&ver=7
56902,50,04/12/2022,,,143,38839,12,13,/data/lcd?lcdid=38839&ver=12
56902,50,05/06/2022,,,143,39246,4,14,https://localcoverage.cms.gov/mcd_archive/view/lcd.aspx?lcdInfo=39246:3
56902,50,05/16/2023,,,143,39612,4,15,https://localcoverage.cms.gov/mcd_archive/view/lcd.aspx?lcdInfo=39612:1
59553,11,01/31/2024,59552,4,143,,,1,https://localcoverage.cms.gov/mcd_archive/view/article.aspx?articleInfo=59552:3
59553,11,02/06/2024,,,143,39713,7,2,/data/lcd?lcdid=39713&ver=7
58209,9,10/29/2020,56902,50,143,,,1,/data/article?articleid=56902&ver=50
58209,9,10/29/2020,58208,3,143,,,2,https://localcoverage.cms.gov/mcd_archive/view/article.aspx?articleInfo=58208:2
58209,9,11/03/2020,58539,3,143,,,3,/data/article?articleid=58539&ver=3
58209,9,01/11/2022,59002,4,143,,,4,https://localcoverage.cms.gov/mcd_archive/view/article.aspx?articleInfo=59002:1
58209,9,10/11/2022,,,143,35490,85,5,/data/lcd?lcdid=35490&ver=85
58209,9,10/11/2022,,,143,38681,3,6,https://localcoverage.cms.gov/mcd_archive/view/lcd.aspx?lcdInfo=38681:3
58209,9,05/16/2023,,,143,39612,4,8,https://localcoverage.cms.gov/mcd_archive/view/lcd.aspx?lcdInfo=39612:1
58209,9,05/19/2025,,,143,40194,3,9,/data/lcd?lcdid=40194&ver=3
58209,9,10/21/2025,60346,2,143,,,10,/data/article?articleid=60346&ver=2
58209,9,10/21/2025,,,143,38682,13,11,/data/lcd?lcdid=38682&ver=13
57596,19,10/12/2015,,,143,35999,3,1,https://localcoverage.cms.gov/mcd_archive/view/lcd.aspx?lcdInfo=35999:2
57596,19,10/12/2015,54694,2,143,,,2,/data/article?articleid=54694&ver=2
57596,19,10/15/2019,,,143,36000,21,3,/data/lcd?lcdid=36000&ver=21
56914,19,08/13/2019,,,143,34536,36,1,/data/lcd?lcdid=34536&ver=36
