article_id,article_version,hcpc_modifier_group,paragraph,last_updated
58679,38,1,&lt;p&gt;N&sol;A&lt;&sol;p&gt;,08/07/2026
60377,5,1,&lt;p&gt;N&sol;A&lt;&sol;p&gt;,08/06/2026
60375,5,1,,08/06/2026
60391,4,1,&lt;p&gt;N&sol;A&lt;&sol;p&gt;,08/06/2026
60361,7,1,&lt;p&gt;N&sol;A&lt;&sol;p&gt;,08/05/2026
58323,13,1,,08/05/2026
58565,52,1,&lt;p&gt;When addressing a specific toe(s) or finger(s) use the respective CPT&amp;#174; HCPCS Level II modifier to identify them on the claim. Other modifiers listed below may include (but are not to be used alone when a more specific modifier is needed to clarify the procedure).&lt;&sol;p&gt;,08/04/2026
57917,32,1,,08/03/2026
56690,18,1,,07/31/2026
57435,27,1,,07/31/2026
60155,6,1,&lt;p&gt;N&sol;A&lt;&sol;p&gt;,07/31/2026
60152,8,1,&lt;p&gt;N&sol;A&lt;&sol;p&gt;,07/31/2026
52370,135,1,,07/31/2026
57326,42,1,,07/31/2026
58559,42,1,,07/31/2026
58756,26,1,&lt;p&gt;N&sol;A&lt;&sol;p&gt;,07/31/2026
58756,26,2,&lt;p&gt;N&sol;A&lt;&sol;p&gt;,07/31/2026
58756,26,3,&lt;p&gt;N&sol;A&lt;&sol;p&gt;,07/31/2026
58468,41,1,,07/31/2026
58761,70,1,&lt;p&gt;N&sol;A&lt;&sol;p&gt;,07/31/2026
58761,70,2,&lt;p&gt;N&sol;A&lt;&sol;p&gt;,07/31/2026
58761,70,3,&lt;p&gt;N&sol;A&lt;&sol;p&gt;,07/31/2026
58761,70,4,&lt;p&gt;N&sol;A&lt;&sol;p&gt;,07/31/2026
58761,70,5,&lt;p&gt;N&sol;A&lt;&sol;p&gt;,07/31/2026
58761,70,6,&lt;p&gt;N&sol;A&lt;&sol;p&gt;,07/31/2026
58761,70,7,&lt;p&gt;N&sol;A&lt;&sol;p&gt;,07/31/2026
58761,70,8,&lt;p&gt;N&sol;A&lt;&sol;p&gt;,07/31/2026
58761,70,9,&lt;p&gt;N&sol;A&lt;&sol;p&gt;,07/31/2026
58761,70,10,&lt;p&gt;N&sol;A&lt;&sol;p&gt;,07/31/2026
58761,70,11,&lt;p&gt;N&sol;A&lt;&sol;p&gt;,07/31/2026
58761,70,12,&lt;p&gt;N&sol;A&lt;&sol;p&gt;,07/31/2026
58734,20,1,&lt;p&gt;N&sol;A&lt;&sol;p&gt;,07/30/2026
59416,14,1,&lt;p&gt;N&sol;A&lt;&sol;p&gt;,07/30/2026
52830,9,1,,07/28/2026
58376,67,1,,07/28/2026
58710,92,1,,07/28/2026
58710,92,2,,07/28/2026
58710,92,3,,07/28/2026
58710,92,4,,07/28/2026
58710,92,5,,07/28/2026
58710,92,6,,07/28/2026
58710,92,7,,07/28/2026
58710,92,8,,07/28/2026
58710,92,9,,07/28/2026
58710,92,10,,07/28/2026
58710,92,11,,07/28/2026
58710,92,12,,07/28/2026
58652,29,1,&lt;p&gt;N&sol;A&lt;&sol;p&gt;,07/28/2026
58652,29,2,&lt;p&gt;N&sol;A&lt;&sol;p&gt;,07/28/2026
58652,29,3,&lt;p&gt;N&sol;A&lt;&sol;p&gt;,07/28/2026
58720,90,1,&lt;p&gt;N&sol;A&lt;&sol;p&gt;,07/28/2026
58720,90,2,&lt;p&gt;N&sol;A&lt;&sol;p&gt;,07/28/2026
58720,90,3,&lt;p&gt;N&sol;A&lt;&sol;p&gt;,07/28/2026
58720,90,4,&lt;p&gt;N&sol;A&lt;&sol;p&gt;,07/28/2026
58720,90,5,&lt;p&gt;N&sol;A&lt;&sol;p&gt;,07/28/2026
58720,90,6,&lt;p&gt;N&sol;A&lt;&sol;p&gt;,07/28/2026
58720,90,7,&lt;p&gt;N&sol;A&lt;&sol;p&gt;,07/28/2026
58720,90,8,&lt;p&gt;N&sol;A&lt;&sol;p&gt;,07/28/2026
58720,90,9,&lt;p&gt;N&sol;A&lt;&sol;p&gt;,07/28/2026
58720,90,10,&lt;p&gt;N&sol;A&lt;&sol;p&gt;,07/28/2026
58720,90,11,&lt;p&gt;N&sol;A&lt;&sol;p&gt;,07/28/2026
58720,90,12,&lt;p&gt;N&sol;A&lt;&sol;p&gt;,07/28/2026
58454,50,1,&lt;p&gt;N&sol;A&lt;&sol;p&gt;,07/28/2026
52470,19,1,,07/27/2026
56083,14,1,,07/27/2026
56798,29,1,,07/27/2026
57040,26,1,,07/27/2026
56692,19,1,,07/27/2026
57193,31,1,,07/27/2026
57044,22,1,,07/27/2026
57043,24,1,,07/27/2026
58582,20,1,,07/27/2026
57311,35,1,,07/27/2026
56926,17,1,,07/27/2026
59807,8,1,,07/27/2026
60507,2,1,,07/24/2026
52451,89,1,,07/24/2026
59105,36,1,&lt;p&gt;N&sol;A&lt;&sol;p&gt;,07/24/2026
57141,47,1,,07/24/2026
57554,52,1,&lt;p&gt;N&sol;A&lt;&sol;p&gt;,07/24/2026
57331,61,1,&lt;p&gt;N&sol;A&lt;&sol;p&gt;,07/24/2026
58318,65,1,&lt;p&gt;N&sol;A&lt;&sol;p&gt;,07/24/2026
57384,53,1,&lt;p&gt;N&sol;A&lt;&sol;p&gt;,07/24/2026
58017,55,1,,07/24/2026
57482,25,1,&lt;p&gt;N&sol;A&lt;&sol;p&gt;,07/24/2026
59646,19,1,,07/24/2026
57477,15,1,,07/24/2026
57100,51,1,&lt;p&gt;N&sol;A&lt;&sol;p&gt;,07/24/2026
56973,69,1,,07/24/2026
57772,81,1,,07/24/2026
58395,44,1,&lt;p&gt;N&sol;A&lt;&sol;p&gt;,07/24/2026
59649,30,1,&lt;p&gt;N&sol;A&lt;&sol;p&gt;,07/24/2026
55162,20,1,,07/24/2026
59805,20,1,"&lt;p&gt;Please note that when selecting the appropriate codes for cataract surgery, always indicate laterality of the operated eye using HCPCS Level II modifier &quot;LT&quot; or &quot;RT,&quot; as appropriate. &lt;br &sol;&gt;Bilateral procedures should be indicated by the appropriate modifier for bilateral procedures (-50).&lt;&sol;p&gt;
&lt;p&gt;&lt;strong&gt;Modifier &amp;ndash;78&lt;&sol;strong&gt; &lt;em&gt;Unplanned return to the operating&sol;procedure room by the same physician or other qualified health professional following initial procedure for a related procedure during the postoperative period.&lt;&sol;em&gt;&lt;&sol;p&gt;
&lt;p&gt;&lt;strong&gt;Modifier &amp;ndash;79&lt;&sol;strong&gt; &lt;em&gt;Unrelated procedure or service by the same physician during the postoperative period.&lt;&sol;em&gt; The procedure could be unrelated because it is performed in the other eye. Or it could be a new problem, not related to the initial surgery of the same eye.&lt;&sol;p&gt;",07/24/2026
58788,18,1,,07/23/2026
59636,34,1,,07/21/2026
56853,102,1,,07/21/2026
59641,35,1,&lt;p&gt;N&sol;A&lt;&sol;p&gt;,07/21/2026
57526,93,1,&lt;p&gt;N&sol;A&lt;&sol;p&gt;,07/21/2026
58741,18,1,&lt;p&gt;N&sol;A&lt;&sol;p&gt;,07/20/2026
60274,4,1,,07/20/2026
57114,21,1,"&lt;p&gt;It is the provider&amp;#8217;s responsibility to assess the applicability of modifiers and to select the appropriate modifier in accordance with the medical record. Any modifier submitted on a claim must be valid and effective for the date of service reported. Identified payment modifiers, those that directly affect reimbursement, must be listed first. Informational or statistical modifiers must be listed after the payment modifiers, in any order, if there are multiple modifiers applicable.&lt;&sol;p&gt;
&lt;p&gt;&lt;strong&gt;Note:&lt;&sol;strong&gt; The modifier table is not an exhaustive list of coding related modifiers. Providers must append any additional modifiers necessary to accurately reflect the services rendered.&lt;&sol;p&gt;",07/17/2026
57751,28,1,"&lt;p&gt;It is the provider&amp;#8217;s responsibility to assess the applicability of modifiers and to select the appropriate modifier in accordance with the medical record. Any modifier submitted on a claim must be valid and effective for the date of service reported. Identified payment modifiers, those that directly affect reimbursement, must be listed first. Informational or statistical modifiers must be listed after the payment modifiers, in any order, if there are multiple modifiers applicable.&lt;&sol;p&gt;
&lt;p&gt;&lt;strong&gt;Note:&lt;&sol;strong&gt; The modifier table is not an exhaustive list of coding related modifiers. Providers must append any additional modifiers necessary to accurately reflect the services rendered.&lt;&sol;p&gt;",07/17/2026
58364,39,1,&lt;p&gt;N&sol;A&lt;&sol;p&gt;,07/17/2026
56612,35,1,,07/17/2026
56394,32,1,&lt;p&gt;The &lt;span style=&quot;text-decoration: underline;&quot;&gt;providing practitioner is responsible&lt;&sol;span&gt; for applying the -KX modifier to claims for screening colonoscopy when the procedure follows a positive stool-based test as part of a complete colorectal cancer screening.&lt;&sol;p&gt;,07/16/2026
60324,3,1,,07/16/2026
56199,130,1,"&lt;p&gt;The 91 modifier is used for laboratory tests paid under the clinical laboratory fee schedule, as stated in the Medicare Claims Processing Manual Chapter 16, Laboratory Services Section 100.5.1.&lt;br &sol;&gt;&lt;br &sol;&gt;&lt;&sol;p&gt;",07/16/2026
60381,3,1,,07/16/2026
52399,75,1,,07/16/2026
58649,13,1,,07/16/2026
56588,33,1,,07/16/2026
59632,23,1,,07/16/2026
59707,25,1,,07/15/2026
59915,27,1,,07/15/2026
52870,38,1,,07/14/2026
56551,34,1,,07/14/2026
56781,39,1,,07/14/2026
56845,12,1,,07/14/2026
57060,12,1,,07/14/2026
57455,24,1,,07/14/2026
57736,18,1,,07/14/2026
59487,15,1,,07/14/2026
52866,35,1,,07/14/2026
52868,46,1,,07/14/2026
53018,14,1,,07/14/2026
54602,25,1,,07/14/2026
54909,25,1,,07/14/2026
56537,41,1,,07/14/2026
56837,18,1,,07/14/2026
56863,15,1,,07/14/2026
56874,29,1,,07/14/2026
57427,11,1,,07/14/2026
57428,10,1,,07/14/2026
57528,5,1,,07/14/2026
57759,36,1,"&lt;p style=&quot;line-height: normal;&quot;&gt;One of the modifiers listed below must be reported with codes 11055, 11056, 11057, 11719, G0127, and with codes 11720 and 11721 when the coverage is based on the presence of a qualifying systemic condition. If the patient has evidence of neuropathy, but no vascular impairment, class findings modifiers are not required:&lt;&sol;p&gt;
&lt;p&gt;Modifier Q7: One (1) Class A finding Modifier Q8: Two (2) Class B findings Modifier Q9: One (1) Class B finding and two (2) Class C findings.&lt;&sol;p&gt;",07/14/2026
58656,9,1,,07/14/2026
59233,19,1,,07/14/2026
60176,18,1,&lt;p&gt;N&sol;A&lt;&sol;p&gt;,07/14/2026
52450,83,1,,07/14/2026
52863,59,1,,07/14/2026
56178,21,1,,07/14/2026
56550,12,1,,07/14/2026
56823,22,1,,07/14/2026
56844,26,1,,07/14/2026
56850,33,1,,07/14/2026
56865,29,1,,07/14/2026
56937,43,1,,07/14/2026
57452,46,1,,07/14/2026
57453,5,1,,07/14/2026
58609,7,1,,07/14/2026
52448,24,1,,07/14/2026
56549,13,1,,07/14/2026
56566,46,1,,07/14/2026
56726,43,1,,07/14/2026
56758,62,1,,07/14/2026
56787,24,1,,07/14/2026
56954,6,1,,07/14/2026
58814,12,1,&lt;p&gt;75580&lt;&sol;p&gt;,07/14/2026
59101,28,1,,07/14/2026
52420,64,1,,07/14/2026
52421,23,1,,07/14/2026
52423,84,1,,07/14/2026
52453,49,1,,07/14/2026
56747,29,1,,07/14/2026
56766,25,1,,07/14/2026
57020,6,1,,07/14/2026
57092,25,1,,07/14/2026
57431,14,1,,07/14/2026
57668,45,1,,07/14/2026
58116,29,1,,07/14/2026
58921,11,1,,07/14/2026
58963,11,1,,07/14/2026
59595,4,1,,07/14/2026
52379,10,1,,07/14/2026
52855,31,1,,07/14/2026
54548,36,1,,07/14/2026
55672,26,1,,07/14/2026
56248,12,1,,07/14/2026
56548,20,1,,07/14/2026
56617,26,1,,07/14/2026
56767,29,1,,07/14/2026
56793,35,1,,07/14/2026
56797,18,1,,07/14/2026
56867,45,1,,07/14/2026
57030,11,1,,07/14/2026
57826,37,1,&lt;p&gt;N&sol;A&lt;&sol;p&gt;,07/14/2026
58152,13,1,,07/14/2026
58294,8,1,,07/14/2026
58745,21,1,,07/14/2026
52369,17,1,,07/14/2026
52849,36,1,,07/14/2026
52850,56,1,,07/14/2026
56544,28,1,,07/14/2026
56609,18,1,,07/14/2026
56737,31,1,,07/14/2026
56743,26,1,,07/14/2026
56826,12,1,,07/14/2026
57024,16,1,,07/14/2026
59733,10,1,,07/14/2026
56827,17,1,,07/14/2026
58893,19,1,&lt;p&gt;N&sol;A&lt;&sol;p&gt;,07/14/2026
59311,10,1,,07/14/2026
59973,7,1,,07/14/2026
58282,14,1,,07/13/2026
58918,90,1,"&lt;p&gt;It is the provider&amp;#8217;s responsibility to assess the applicability of modifiers and to select the appropriate modifier in accordance with the medical record. Any modifier submitted on a claim must be valid and effective for the date of service reported. Identified payment modifiers, those that directly affect reimbursement, must be listed first. Informational or statistical modifiers must be listed after the payment modifiers, in any order, if there are multiple modifiers applicable.&lt;&sol;p&gt;
&lt;p&gt;&lt;strong&gt;Note:&lt;&sol;strong&gt; The modifier table is not an exhaustive list of coding related modifiers. Providers must append any additional modifiers necessary to accurately reflect the services rendered.&lt;&sol;p&gt;",07/10/2026
58917,101,1,"&lt;p&gt;It is the provider&amp;#8217;s responsibility to assess the applicability of modifiers and to select the appropriate modifier in accordance with the medical record. Any modifier submitted on a claim must be valid and effective for the date of service reported. Identified payment modifiers, those that directly affect reimbursement, must be listed first. Informational or statistical modifiers must be listed after the payment modifiers, in any order, if there are multiple modifiers applicable.&lt;&sol;p&gt;
&lt;p&gt;&lt;strong&gt;Note:&lt;&sol;strong&gt; The modifier table is not an exhaustive list of coding related modifiers. Providers must append any additional modifiers necessary to accurately reflect the services rendered.&lt;&sol;p&gt;",07/10/2026
58812,81,1,,07/10/2026
58801,85,1,,07/10/2026
57778,59,1,,07/10/2026
56786,77,1,,07/10/2026
60146,6,1,,07/08/2026
60161,4,1,,07/08/2026
58747,65,1,,07/02/2026
58747,65,2,,07/02/2026
58747,65,3,,07/02/2026
58747,65,4,,07/02/2026
58747,65,5,,07/02/2026
58747,65,6,,07/02/2026
58747,65,7,,07/02/2026
58747,65,8,,07/02/2026
58747,65,9,,07/02/2026
58747,65,10,,07/02/2026
58747,65,11,,07/02/2026
58747,65,12,,07/02/2026
56452,22,1,,06/27/2026
56606,22,1,,06/27/2026
60462,3,1,,06/26/2026
53387,35,1,"&lt;p&gt;LT&lt;&sol;p&gt;
&lt;p&gt;RT&lt;&sol;p&gt;
&lt;p&gt;&amp;nbsp;&lt;&sol;p&gt;",06/26/2026
56748,31,1,,06/26/2026
56718,39,1,,06/26/2026
55239,65,1,&lt;p&gt;N&sol;A&lt;&sol;p&gt;,06/24/2026
57187,39,1,,06/24/2026
56818,55,1,,06/22/2026
58713,13,1,&lt;p&gt;N&sol;A&lt;&sol;p&gt;,06/19/2026
60217,4,1,,06/19/2026
60205,4,1,,06/19/2026
60215,4,1,,06/19/2026
53043,16,1,,06/19/2026
56157,19,1,&lt;p&gt;N&sol;A&lt;&sol;p&gt;,06/18/2026
58774,24,1,&lt;p&gt;N&sol;A&lt;&sol;p&gt;,06/18/2026
60306,3,1,&lt;p&gt;N&sol;A&lt;&sol;p&gt;,06/18/2026
55703,27,1,,06/18/2026
57765,26,1,"&lt;p&gt;It is the provider&amp;#8217;s responsibility to assess the applicability of modifiers and to select the appropriate modifier in accordance with the medical record. Any modifier submitted on a claim must be valid and effective for the date of service reported. Identified payment modifiers, those that directly affect reimbursement, must be listed first. Informational or statistical modifiers must be listed after the payment modifiers, in any order, if there are multiple modifiers applicable.&lt;&sol;p&gt;
&lt;p&gt;&lt;strong&gt;Note:&lt;&sol;strong&gt; The modifier table is not an exhaustive list of coding related modifiers. Providers must append any additional modifiers necessary to accurately reflect the services rendered.&lt;&sol;p&gt;",06/18/2026
59549,5,1,,06/18/2026
55951,21,1,&lt;p&gt;N&sol;A&lt;&sol;p&gt;,06/18/2026
59551,5,1,,06/18/2026
55224,37,1,&lt;p&gt;N&sol;A&lt;&sol;p&gt;,06/18/2026
58759,13,1,&lt;p&gt;N&sol;A&lt;&sol;p&gt;,06/17/2026
58759,13,2,&lt;p&gt;N&sol;A&lt;&sol;p&gt;,06/17/2026
53359,40,1,,06/17/2026
55061,13,1,,06/16/2026
58700,17,1,&lt;p&gt;N&sol;A&lt;&sol;p&gt;,06/16/2026
58700,17,2,&lt;p&gt;N&sol;A&lt;&sol;p&gt;,06/16/2026
58718,16,1,&lt;p&gt;N&sol;A&lt;&sol;p&gt;,06/16/2026
56395,18,1,,06/16/2026
56779,25,1,,06/12/2026
56866,21,1,,06/12/2026
56346,27,1,,06/12/2026
57873,31,1,&lt;p&gt;N&sol;A&lt;&sol;p&gt;,06/11/2026
57948,38,1,&lt;p&gt;N&sol;A&lt;&sol;p&gt;,06/09/2026
57863,41,1,&lt;p&gt;N&sol;A&lt;&sol;p&gt;,06/04/2026
57224,68,1,,06/03/2026
57071,36,1,,05/29/2026
57070,16,1,,05/29/2026
57067,34,1,,05/29/2026
57065,32,1,,05/29/2026
57858,30,1,&lt;p&gt;N&sol;A&lt;&sol;p&gt;,05/29/2026
59866,6,1,,05/28/2026
57831,30,1,,05/26/2026
57901,27,1,&lt;p&gt;N&sol;A&lt;&sol;p&gt;,05/26/2026
59882,9,1,,05/26/2026
57284,14,1,,05/22/2026
57069,25,1,,05/22/2026
58205,13,1,&lt;p&gt;N&sol;A&lt;&sol;p&gt;,05/21/2026
58477,22,1,,05/21/2026
59664,17,1,,05/21/2026
57566,13,1,&lt;p&gt;N&sol;A&lt;&sol;p&gt;,05/21/2026
57878,26,1,,05/21/2026
57064,15,1,,05/17/2026
58350,24,1,,05/15/2026
58075,24,1,,05/15/2026
60222,4,1,,05/14/2026
58403,27,1,,05/12/2026
60286,6,1,,05/08/2026
60292,4,1,,05/08/2026
57891,39,1,&lt;p&gt;N&sol;A&lt;&sol;p&gt;,05/05/2026
55115,18,1,&lt;p&gt;N&sol;A&lt;&sol;p&gt;,05/05/2026
57204,45,1,,05/05/2026
57837,30,1,,05/05/2026
53484,18,1,,05/04/2026
54767,71,1,,05/01/2026
54799,67,1,,05/01/2026
57944,25,1,"&lt;p&gt;For professional services billing of 64582, 64583, and 64584 with reduced services&lt;&sol;p&gt;",05/01/2026
55001,69,1,&lt;p&gt;N&sol;A&lt;&sol;p&gt;,04/30/2026
58473,11,1,,04/30/2026
60185,11,1,,04/29/2026
57068,17,1,,04/29/2026
57307,38,1,,04/29/2026
57663,14,1,,04/29/2026
56836,18,1,,04/29/2026
59809,10,1,,04/29/2026
56915,37,1,,04/29/2026
60279,4,1,,04/29/2026
59350,27,1,&lt;p&gt;N&sol;A&lt;&sol;p&gt;,04/28/2026
59674,18,1,"&lt;p&gt;It is the provider&amp;#8217;s responsibility to assess the applicability of modifiers and to select the appropriate modifier in accordance with the medical record. Any modifier submitted on a claim must be valid and effective for the date of service reported. Identified payment modifiers, those that directly affect reimbursement, must be listed first. Informational or statistical modifiers must be listed after the payment modifiers, in any order, if there are multiple modifiers applicable.&lt;&sol;p&gt;
&lt;p&gt;&lt;strong&gt;Note:&lt;&sol;strong&gt; The modifier table is not an exhaustive list of coding related modifiers. Providers must append any additional modifiers necessary to accurately reflect the services rendered.&lt;&sol;p&gt;",04/24/2026
59668,29,1,"&lt;p&gt;It is the provider&amp;#8217;s responsibility to assess the applicability of modifiers and to select the appropriate modifier in accordance with the medical record. Any modifier submitted on a claim must be valid and effective for the date of service reported. Identified payment modifiers, those that directly affect reimbursement, must be listed first. Informational or statistical modifiers must be listed after the payment modifiers, in any order, if there are multiple modifiers applicable.&lt;&sol;p&gt;
&lt;p&gt;&lt;strong&gt;Note: &lt;&sol;strong&gt;The modifier table is not an exhaustive list of coding related modifiers. Providers must append any additional modifiers necessary to accurately reflect the services rendered.&lt;&sol;p&gt;",04/24/2026
55621,17,1,,04/21/2026
56916,33,1,&lt;p&gt;N&sol;A&lt;&sol;p&gt;,04/21/2026
55146,17,1,,04/21/2026
57733,12,1,&lt;p&gt;N&sol;A&lt;&sol;p&gt;,04/21/2026
59429,4,1,,04/20/2026
55193,15,1,,04/20/2026
59332,15,1,,04/17/2026
59560,4,1,,04/16/2026
58405,22,1,,04/16/2026
60247,6,1,,04/10/2026
60213,13,1,&lt;p&gt;N&sol;A&lt;&sol;p&gt;,04/10/2026
56459,30,1,,04/10/2026
57306,44,1,,04/10/2026
57160,13,1,,04/10/2026
57994,7,1,,04/09/2026
60181,12,1,,04/06/2026
60211,10,1,,04/06/2026
59055,15,1,&lt;p&gt;N&sol;A&lt;&sol;p&gt;,04/06/2026
56326,28,1,,04/06/2026
56340,32,1,,04/06/2026
59726,19,1,,04/04/2026
59608,32,1,,04/04/2026
57186,43,1,&lt;p&gt;N&sol;A&lt;&sol;p&gt;,04/03/2026
57185,43,1,&lt;p&gt;N&sol;A&lt;&sol;p&gt;,04/03/2026
57052,18,1,,04/03/2026
57041,21,1,,04/02/2026
57787,47,1,&lt;p&gt;N&sol;A&lt;&sol;p&gt;,04/02/2026
57054,12,1,,04/02/2026
56670,61,1,&lt;p&gt;N&sol;A&lt;&sol;p&gt;,04/02/2026
57053,22,1,,04/02/2026
54961,21,1,,04/02/2026
55937,46,1,,04/02/2026
58428,29,1,,04/02/2026
59634,10,1,,04/02/2026
59714,16,1,,04/02/2026
59624,19,1,,03/30/2026
60318,5,1,"&lt;p&gt;&lt;br &sol;&gt;It is the provider&amp;#8217;s responsibility to assess the applicability of modifiers and to select the appropriate modifier in accordance with the medical record. Any modifier submitted on a claim must be valid and effective for the date of service reported. Identified payment modifiers, those that directly affect reimbursement, must be listed first. Informational or statistical modifiers must be listed after the payment modifiers, in any order, if there are multiple modifiers applicable.&lt;&sol;p&gt;
&lt;p&gt;&lt;strong&gt;Note:&lt;&sol;strong&gt; Coding related modifiers are not limited to those identified in the table. The provider should supplement the claim with necessary modifiers when appropriate.&lt;&sol;p&gt;",03/27/2026
60315,4,1,"&lt;p&gt;&lt;br &sol;&gt;It is the provider&amp;#8217;s responsibility to assess the applicability of modifiers and to select the appropriate modifier in accordance with the medical record. Any modifier submitted on a claim must be valid and effective for the date of service reported. Identified payment modifiers, those that directly affect reimbursement, must be listed first. Informational or statistical modifiers must be listed after the payment modifiers, in any order, if there are multiple modifiers applicable.&lt;&sol;p&gt;
&lt;p&gt;&lt;strong&gt;Note:&lt;&sol;strong&gt; Coding related modifiers are not limited to those identified in the table. The provider should supplement the claim with necessary modifiers when appropriate.&lt;&sol;p&gt;",03/27/2026
60250,8,1,,03/26/2026
56467,14,1,,03/25/2026
56465,16,1,,03/25/2026
57926,25,1,,03/25/2026
57079,15,1,,03/24/2026
57598,11,1,,03/20/2026
57591,25,1,&lt;p&gt;N&sol;A&lt;&sol;p&gt;,03/20/2026
58223,22,1,,03/18/2026
57050,13,1,,03/16/2026
56594,14,1,,03/16/2026
59154,13,1,,03/16/2026
58828,15,1,,03/13/2026
52725,38,1,,03/12/2026
59507,6,1,&lt;p&gt;N&sol;A&lt;&sol;p&gt;,03/09/2026
59401,5,1,&lt;p&gt;N&sol;A&lt;&sol;p&gt;,03/09/2026
57433,14,1,&lt;p&gt;N&sol;A&lt;&sol;p&gt;,03/09/2026
59515,5,1,&lt;p&gt;N&sol;A&lt;&sol;p&gt;,03/09/2026
57420,15,1,&lt;p&gt;N&sol;A&lt;&sol;p&gt;,03/09/2026
57622,17,1,&lt;p&gt;N&sol;A&lt;&sol;p&gt;,03/09/2026
58578,12,1,,03/09/2026
58434,34,1,,03/06/2026
57905,28,1,&lt;p&gt;N&sol;A&lt;&sol;p&gt;,03/05/2026
56696,43,1,,03/05/2026
53046,22,1,,03/05/2026
54662,14,1,,03/05/2026
57084,15,1,,03/05/2026
57194,36,1,,03/05/2026
57385,46,1,&lt;p&gt;N&sol;A&lt;&sol;p&gt;,03/05/2026
58097,17,1,&lt;p&gt;N&sol;A&lt;&sol;p&gt;,03/05/2026
58229,18,1,,03/05/2026
59177,12,1,,03/05/2026
59246,18,1,&lt;p&gt;N&sol;A&lt;&sol;p&gt;,03/05/2026
59468,6,1,,03/05/2026
56034,42,1,,03/04/2026
57149,20,1,,02/27/2026
56159,23,1,,02/27/2026
56464,35,1,,02/27/2026
55835,16,1,,02/27/2026
57049,13,1,,02/27/2026
59215,9,1,,02/27/2026
56462,32,1,,02/27/2026
56461,26,1,,02/27/2026
58121,17,1,&lt;p&gt;N&sol;A&lt;&sol;p&gt;,02/27/2026
56518,28,1,&lt;p&gt;N&sol;A&lt;&sol;p&gt;,02/27/2026
55601,14,1,&lt;p&gt;N&sol;A&lt;&sol;p&gt;,02/27/2026
57843,12,1,&lt;p&gt;N&sol;A&lt;&sol;p&gt;,02/27/2026
56104,17,1,&lt;p&gt;N&sol;A&lt;&sol;p&gt;,02/27/2026
57972,12,1,&lt;p&gt;N&sol;A&lt;&sol;p&gt;,02/27/2026
54420,28,1,&lt;p&gt;N&sol;A&lt;&sol;p&gt;,02/27/2026
55116,16,1,&lt;p&gt;N&sol;A&lt;&sol;p&gt;,02/27/2026
54388,35,1,&lt;p&gt;N&sol;A&lt;&sol;p&gt;,02/27/2026
57595,20,1,&lt;p&gt;N&sol;A&lt;&sol;p&gt;,02/25/2026
57236,22,1,&lt;p&gt;N&sol;A&lt;&sol;p&gt;,02/24/2026
57330,17,1,&lt;p&gt;N&sol;A&lt;&sol;p&gt;,02/24/2026
58975,28,1,&lt;p&gt;N&sol;A&lt;&sol;p&gt;,02/24/2026
58185,20,1,&lt;p&gt;N&sol;A&lt;&sol;p&gt;,02/24/2026
57620,9,1,&lt;p&gt;N&sol;A&lt;&sol;p&gt;,02/24/2026
58726,82,1,&lt;p&gt;N&sol;A&lt;&sol;p&gt;,02/24/2026
58726,82,2,&lt;p&gt;N&sol;A&lt;&sol;p&gt;,02/24/2026
58726,82,3,&lt;p&gt;N&sol;A&lt;&sol;p&gt;,02/24/2026
58726,82,4,&lt;p&gt;N&sol;A&lt;&sol;p&gt;,02/24/2026
58726,82,5,&lt;p&gt;N&sol;A&lt;&sol;p&gt;,02/24/2026
58726,82,6,&lt;p&gt;N&sol;A&lt;&sol;p&gt;,02/24/2026
58726,82,7,&lt;p&gt;N&sol;A&lt;&sol;p&gt;,02/24/2026
58726,82,8,&lt;p&gt;N&sol;A&lt;&sol;p&gt;,02/24/2026
58726,82,9,&lt;p&gt;N&sol;A&lt;&sol;p&gt;,02/24/2026
58726,82,10,&lt;p&gt;N&sol;A&lt;&sol;p&gt;,02/24/2026
58726,82,11,&lt;p&gt;N&sol;A&lt;&sol;p&gt;,02/24/2026
58726,82,12,&lt;p&gt;N&sol;A&lt;&sol;p&gt;,02/24/2026
58456,43,1,&lt;p&gt;N&sol;A&lt;&sol;p&gt;,02/24/2026
56454,12,1,,02/23/2026
53296,23,1,,02/23/2026
58095,16,1,&lt;p&gt;N&sol;A&lt;&sol;p&gt;,02/23/2026
58227,20,1,,02/23/2026
59244,18,1,&lt;p&gt;N&sol;A&lt;&sol;p&gt;,02/23/2026
54660,14,1,,02/23/2026
57083,14,1,,02/23/2026
59466,7,1,,02/23/2026
59175,11,1,,02/23/2026
52848,42,1,,02/21/2026
56472,23,1,,02/21/2026
56646,24,1,,02/21/2026
57474,34,1,,02/21/2026
56455,12,1,,02/20/2026
56494,17,1,,02/20/2026
56471,18,1,,02/20/2026
56816,16,1,,02/20/2026
56456,32,1,,02/20/2026
56460,14,1,,02/20/2026
56457,15,1,,02/20/2026
57179,22,1,,02/20/2026
56505,41,1,,02/20/2026
57592,19,1,,02/20/2026
55197,35,1,,02/20/2026
56050,15,1,,02/19/2026
59423,4,1,,02/19/2026
56289,14,1,,02/19/2026
59163,7,1,,02/19/2026
59318,13,1,,02/19/2026
57774,16,1,&lt;p&gt;N&sol;A&lt;&sol;p&gt;,02/19/2026
54424,20,1,&lt;p&gt;N&sol;A&lt;&sol;p&gt;,02/19/2026
54447,26,1,&lt;p&gt;N&sol;A&lt;&sol;p&gt;,02/19/2026
54482,16,1,,02/19/2026
54486,13,1,,02/19/2026
54500,24,1,&lt;p&gt;N&sol;A&lt;&sol;p&gt;,02/19/2026
54976,16,1,&lt;p&gt;N&sol;A&lt;&sol;p&gt;,02/19/2026
55265,13,1,&lt;p&gt;N&sol;A&lt;&sol;p&gt;,02/19/2026
55295,30,1,&lt;p&gt;N&sol;A&lt;&sol;p&gt;,02/19/2026
55600,17,1,&lt;p&gt;N&sol;A&lt;&sol;p&gt;,02/19/2026
55602,24,1,&lt;p&gt;N&sol;A&lt;&sol;p&gt;,02/19/2026
55628,14,1,&lt;p&gt;N&sol;A&lt;&sol;p&gt;,02/19/2026
55712,22,1,&lt;p&gt;N&sol;A&lt;&sol;p&gt;,02/19/2026
59642,32,1,&lt;p&gt;N&sol;A&lt;&sol;p&gt;,02/19/2026
56565,20,1,,02/14/2026
57484,22,1,&lt;p&gt;N&sol;A&lt;&sol;p&gt;,02/11/2026
58120,17,1,&lt;p&gt;N&sol;A&lt;&sol;p&gt;,02/09/2026
54480,16,1,,02/09/2026
54484,13,1,,02/09/2026
55596,13,1,&lt;p&gt;N&sol;A&lt;&sol;p&gt;,02/09/2026
55597,24,1,&lt;p&gt;N&sol;A&lt;&sol;p&gt;,02/09/2026
55623,16,1,&lt;p&gt;N&sol;A&lt;&sol;p&gt;,02/09/2026
55624,34,1,&lt;p&gt;N&sol;A&lt;&sol;p&gt;,02/09/2026
57842,11,1,&lt;p&gt;N&sol;A&lt;&sol;p&gt;,02/09/2026
54445,27,1,&lt;p&gt;N&sol;A&lt;&sol;p&gt;,02/09/2026
55264,14,1,&lt;p&gt;N&sol;A&lt;&sol;p&gt;,02/09/2026
56103,14,1,&lt;p&gt;N&sol;A&lt;&sol;p&gt;,02/09/2026
57970,13,1,&lt;p&gt;N&sol;A&lt;&sol;p&gt;,02/09/2026
54418,28,1,&lt;p&gt;N&sol;A&lt;&sol;p&gt;,02/09/2026
54422,21,1,&lt;p&gt;N&sol;A&lt;&sol;p&gt;,02/09/2026
54498,24,1,&lt;p&gt;N&sol;A&lt;&sol;p&gt;,02/09/2026
55294,34,1,&lt;p&gt;N&sol;A&lt;&sol;p&gt;,02/09/2026
54386,38,1,&lt;p&gt;N&sol;A&lt;&sol;p&gt;,02/09/2026
54975,17,1,&lt;p&gt;N&sol;A&lt;&sol;p&gt;,02/09/2026
55595,17,1,&lt;p&gt;N&sol;A&lt;&sol;p&gt;,02/09/2026
55711,24,1,&lt;p&gt;N&sol;A&lt;&sol;p&gt;,02/09/2026
57670,8,1,&lt;p&gt;N&sol;A&lt;&sol;p&gt;,02/06/2026
58573,13,1,,02/06/2026
56587,48,1,,02/06/2026
57332,55,1,&lt;p&gt;N&sol;A&lt;&sol;p&gt;,02/05/2026
57487,10,1,,02/05/2026
57517,13,1,&lt;p&gt;N&sol;A&lt;&sol;p&gt;,02/05/2026
57527,84,1,&lt;p&gt;N&sol;A&lt;&sol;p&gt;,02/05/2026
57892,37,1,&lt;p&gt;N&sol;A&lt;&sol;p&gt;,02/05/2026
58053,8,1,&lt;p&gt;N&sol;A&lt;&sol;p&gt;,02/05/2026
58187,25,1,&lt;p&gt;N&sol;A&lt;&sol;p&gt;,02/05/2026
58681,29,1,&lt;p&gt;N&sol;A&lt;&sol;p&gt;,02/05/2026
58997,29,1,,02/05/2026
59511,5,1,&lt;p&gt;N&sol;A&lt;&sol;p&gt;,02/05/2026
59837,8,1,,02/05/2026
59874,9,1,,02/05/2026
53057,67,1,,02/04/2026
53058,65,1,,02/04/2026
56730,27,1,,02/04/2026
56717,35,1,,02/04/2026
53065,76,1,,02/04/2026
53064,87,1,,02/04/2026
56432,25,1,,02/04/2026
59371,7,1,,02/04/2026
59036,23,1,&lt;p&gt;&lt;span style=&quot;line-height: 115%;&quot;&gt;The following modifier would need to be appropriately utilized if the AWV and Cognitive Assessment and Care plan services are done at the same visit &lt;&sol;span&gt;&lt;span style=&quot;line-height: 115%;&quot;&gt;and would only be appropriate for a truly separate and fully complete provision of the 99483 service above and beyond all the AWV components.&lt;&sol;span&gt;&lt;&sol;p&gt;,02/04/2026
56008,12,1,,01/29/2026
56777,16,1,,01/27/2026
59030,13,1,,01/27/2026
59498,10,1,,01/27/2026
58354,15,1,,01/27/2026
53793,38,1,,01/27/2026
59672,8,1,,01/27/2026
59723,10,1,,01/27/2026
58876,12,1,&lt;p&gt;N&sol;A&lt;&sol;p&gt;,01/27/2026
56852,24,1,,01/27/2026
58008,22,1,,01/27/2026
56658,42,1,,01/27/2026
59028,12,1,"&lt;p&gt;&lt;span style=&quot;line-height: 115%;&quot;&gt;For reimbursement to be considered, claims must include the nail on which the procedure is performed using 1 of the modifiers listed below to identify the digit.&lt;&sol;span&gt;&lt;&sol;p&gt;",01/27/2026
57372,18,1,&lt;p&gt;N&sol;A&lt;&sol;p&gt;,01/26/2026
57516,12,1,&lt;p&gt;N&sol;A&lt;&sol;p&gt;,01/26/2026
57329,18,1,&lt;p&gt;N&sol;A&lt;&sol;p&gt;,01/26/2026
57486,10,1,,01/26/2026
57619,8,1,&lt;p&gt;N&sol;A&lt;&sol;p&gt;,01/26/2026
58052,9,1,&lt;p&gt;N&sol;A&lt;&sol;p&gt;,01/26/2026
58181,24,1,&lt;p&gt;N&sol;A&lt;&sol;p&gt;,01/26/2026
58183,19,1,&lt;p&gt;N&sol;A&lt;&sol;p&gt;,01/26/2026
58973,27,1,&lt;p&gt;N&sol;A&lt;&sol;p&gt;,01/26/2026
59509,5,1,&lt;p&gt;N&sol;A&lt;&sol;p&gt;,01/26/2026
59835,8,1,,01/26/2026
59872,9,1,,01/26/2026
58996,31,1,&lt;p&gt;N&sol;A&lt;&sol;p&gt;,01/26/2026
59764,16,1,,01/23/2026
58577,33,1,&lt;p&gt;N&sol;A&lt;&sol;p&gt;,01/23/2026
57145,32,1,,01/23/2026
57115,10,1,,01/23/2026
56952,50,1,,01/23/2026
58250,19,1,,01/23/2026
55818,26,1,,01/23/2026
57666,36,1,,01/23/2026
59766,29,1,,01/23/2026
58575,38,1,&lt;p&gt;N&sol;A&lt;&sol;p&gt;,01/23/2026
57361,46,1,"&lt;p&gt;The procedures listed above represent commonly used anesthesia codes that may involve MAC. When these codes are used and MAC has been provided, the QS modifier must be used.&lt;&sol;p&gt;",01/23/2026
57205,39,1,,01/23/2026
56423,59,1,,01/23/2026
56422,50,1,,01/23/2026
55229,46,1,,01/23/2026
53001,45,1,,01/23/2026
52998,50,1,,01/23/2026
58264,8,1,,01/23/2026
58243,7,1,,01/23/2026
57113,44,1,,01/23/2026
56796,31,1,,01/23/2026
57680,9,1,,01/23/2026
54117,88,1,,01/23/2026
57480,31,1,,01/22/2026
56902,50,1,&lt;p&gt;N&sol;A&lt;&sol;p&gt;,01/22/2026
59553,11,1,,01/22/2026
58209,9,1,&lt;p&gt;&lt;strong&gt;N&sol;A&lt;&sol;strong&gt;&lt;&sol;p&gt;,01/22/2026
57596,19,1,,01/22/2026
56914,19,1,&lt;p&gt;N&sol;A&lt;&sol;p&gt;,01/22/2026
56905,20,1,,01/22/2026
59813,6,1,,01/22/2026
57590,15,1,&lt;p&gt;N&sol;A&lt;&sol;p&gt;,01/22/2026
57479,18,1,&lt;p&gt;N&sol;A&lt;&sol;p&gt;,01/22/2026
58207,34,1,&lt;p&gt;N&sol;A&lt;&sol;p&gt;,01/22/2026
55231,17,1,&lt;p&gt;N&sol;A&lt;&sol;p&gt;,01/22/2026
55210,15,1,&lt;p&gt;N&sol;A&lt;&sol;p&gt;,01/22/2026
54923,45,1,,01/22/2026
59870,8,1,,01/22/2026
59522,11,1,,01/22/2026
57665,10,1,&lt;p&gt;N&sol;A&lt;&sol;p&gt;,01/22/2026
58724,14,1,&lt;p&gt;N&sol;A&lt;&sol;p&gt;,01/22/2026
59034,7,1,&lt;p&gt;N&sol;A&lt;&sol;p&gt;,01/22/2026
59181,8,1,&lt;p&gt;N&sol;A&lt;&sol;p&gt;,01/22/2026
57424,14,1,,01/22/2026
57465,9,1,,01/22/2026
57608,16,1,&lt;p&gt;N&sol;A&lt;&sol;p&gt;,01/22/2026
57376,21,1,&lt;p&gt;N&sol;A&lt;&sol;p&gt;,01/22/2026
57364,14,1,&lt;p&gt;N&sol;A&lt;&sol;p&gt;,01/22/2026
57290,18,1,&lt;p&gt;N&sol;A&lt;&sol;p&gt;,01/22/2026
57055,21,1,&lt;p&gt;N&sol;A&lt;&sol;p&gt;,01/22/2026
59811,5,1,,01/20/2026
59718,10,1,,01/20/2026
58406,26,1,,01/20/2026
59721,6,1,,01/16/2026
58170,33,1,&lt;p&gt;N&sol;A&lt;&sol;p&gt;,01/13/2026
58168,33,1,&lt;p&gt;N&sol;A&lt;&sol;p&gt;,01/13/2026
58019,45,1,,01/12/2026
57432,12,1,&lt;p&gt;N&sol;A&lt;&sol;p&gt;,01/12/2026
59032,7,1,&lt;p&gt;N&sol;A&lt;&sol;p&gt;,01/12/2026
59179,10,1,&lt;p&gt;N&sol;A&lt;&sol;p&gt;,01/12/2026
59386,4,1,&lt;p&gt;N&sol;A&lt;&sol;p&gt;,01/12/2026
59505,5,1,&lt;p&gt;N&sol;A&lt;&sol;p&gt;,01/12/2026
59521,11,1,,01/12/2026
57268,21,1,&lt;p&gt;N&sol;A&lt;&sol;p&gt;,01/12/2026
57419,16,1,&lt;p&gt;N&sol;A&lt;&sol;p&gt;,01/12/2026
57423,16,1,,01/12/2026
57441,8,1,,01/12/2026
57607,15,1,&lt;p&gt;N&sol;A&lt;&sol;p&gt;,01/12/2026
57621,17,1,&lt;p&gt;N&sol;A&lt;&sol;p&gt;,01/12/2026
57664,11,1,&lt;p&gt;N&sol;A&lt;&sol;p&gt;,01/12/2026
57773,17,1,&lt;p&gt;N&sol;A&lt;&sol;p&gt;,01/12/2026
59513,4,1,&lt;p&gt;N&sol;A&lt;&sol;p&gt;,01/12/2026
59868,8,1,,01/12/2026
57037,24,1,&lt;p&gt;N&sol;A&lt;&sol;p&gt;,01/12/2026
57124,21,1,&lt;p&gt;N&sol;A&lt;&sol;p&gt;,01/12/2026
57363,14,1,&lt;p&gt;N&sol;A&lt;&sol;p&gt;,01/12/2026
59716,8,1,,01/05/2026
58218,17,1,,12/26/2025
58543,13,1,,12/25/2025
58541,14,1,,12/25/2025
53124,38,1,,12/25/2025
56391,37,1,&lt;p&gt;N&sol;A&lt;&sol;p&gt;,12/24/2025
56907,24,1,,12/24/2025
54958,28,1,&lt;p&gt;N&sol;A&lt;&sol;p&gt;,12/24/2025
56908,19,1,&lt;p&gt;The GY modifier must be billed with ICD-10 code Z41.1 for a non-covered denial.&lt;&sol;p&gt;,12/24/2025
57594,22,1,&lt;p&gt;N&sol;A&lt;&sol;p&gt;,12/23/2025
55175,25,1,,12/23/2025
55230,18,1,&lt;p&gt;N&sol;A&lt;&sol;p&gt;,12/23/2025
55200,37,1,&lt;p&gt;N&sol;A&lt;&sol;p&gt;,12/23/2025
57551,14,1,&lt;p&gt;N&sol;A&lt;&sol;p&gt;,12/23/2025
59769,9,1,,12/23/2025
59695,12,1,,12/23/2025
57685,15,1,,12/22/2025
56027,14,1,,12/22/2025
57701,30,1,&lt;p&gt;N&sol;A&lt;&sol;p&gt;,12/22/2025
53026,65,1,&lt;p&gt;N&sol;A&lt;&sol;p&gt;,12/22/2025
56605,22,1,,12/22/2025
57161,22,1,,12/22/2025
57183,23,1,,12/22/2025
54061,23,1,,12/22/2025
57802,16,1,,12/18/2025
59249,9,1,,12/18/2025
59250,8,1,,12/18/2025
57788,41,1,,12/12/2025
57122,23,1,,12/12/2025
58211,24,1,,12/11/2025
57880,13,1,,12/11/2025
55134,37,1,,12/11/2025
58216,5,1,&lt;p&gt;N&sol;A&lt;&sol;p&gt;,12/11/2025
58232,4,1,,12/11/2025
57715,55,1,&lt;p&gt;N&sol;A&lt;&sol;p&gt;,12/05/2025
58423,48,1,&lt;p&gt;N&sol;A&lt;&sol;p&gt;,12/05/2025
55240,26,1,,12/04/2025
56433,85,1,,12/04/2025
56482,49,1,&lt;p&gt;N&sol;A&lt;&sol;p&gt;,12/04/2025
59619,7,1,,12/04/2025
59620,6,1,,12/04/2025
59299,12,1,,12/01/2025
56988,17,1,,11/26/2025
56425,16,1,,11/26/2025
56448,22,1,,11/26/2025
52437,17,1,,11/26/2025
52435,14,1,,11/26/2025
57531,60,1,,11/26/2025
56558,86,1,,11/26/2025
60245,3,1,,11/24/2025
52959,15,1,,11/20/2025
55057,13,1,,11/20/2025
56573,21,1,&lt;p&gt;N&sol;A&lt;&sol;p&gt;,11/20/2025
57684,11,1,,11/20/2025
53049,99,1,,11/20/2025
59576,8,1,,11/20/2025
55639,51,1,&lt;p&gt;N&sol;A&lt;&sol;p&gt;,11/18/2025
55909,46,1,&lt;p&gt;N&sol;A&lt;&sol;p&gt;,11/18/2025
59939,5,1,,11/18/2025
59919,5,1,,11/14/2025
56440,44,1,,11/13/2025
58345,13,1,,11/13/2025
58412,5,1,,11/13/2025
59086,21,1,,11/13/2025
56424,20,1,,11/12/2025
57954,73,1,"&lt;p align=&quot;LEFT&quot;&gt;For purposes of applying presumption of coverage, when the evidence available discloses certain physical and&sol;or clinical findings consistent with the diagnosis and indicative of severe peripheral involvement, the following findings are pertinent:&lt;&sol;p&gt;
&lt;ul&gt;
&lt;li&gt;Class A Findings:
&lt;ul&gt;
&lt;li&gt;Nontraumatic amputation of foot or integral skeletal portion thereof.&lt;&sol;li&gt;
&lt;&sol;ul&gt;
&lt;&sol;li&gt;
&lt;li&gt;Class B Findings:
&lt;ul&gt;
&lt;li&gt;Absent posterior tibial pulse;&lt;&sol;li&gt;
&lt;li&gt;Advanced trophic changes as: hair growth (decrease or absence) nail changes (thickening) pigmentary changes (discoloration) skin texture (thin, shiny) skin color (rubor or redness) (three required); and&lt;&sol;li&gt;
&lt;li&gt;Absent dorsalis pedis pulse.&lt;&sol;li&gt;
&lt;&sol;ul&gt;
&lt;&sol;li&gt;
&lt;li&gt;Class C Findings:
&lt;ul&gt;
&lt;li&gt;Claudication;&lt;&sol;li&gt;
&lt;li&gt;Temperature changes (e.g., cold feet);&lt;&sol;li&gt;
&lt;li&gt;Edema;&lt;&sol;li&gt;
&lt;li&gt;Paresthesias (abnormal spontaneous sensations in the feet); and&lt;&sol;li&gt;
&lt;li&gt;Burning.&lt;&sol;li&gt;
&lt;&sol;ul&gt;
&lt;&sol;li&gt;
&lt;&sol;ul&gt;
&lt;p align=&quot;LEFT&quot;&gt;The presumption of coverage may be applied when the physician rendering the routine foot care has identified the following by using the modifiers below:&lt;&sol;p&gt;
&lt;ol&gt;
&lt;li&gt;A Class A finding (Q7);&lt;&sol;li&gt;
&lt;li&gt;Two of the Class B findings (Q8); or&lt;&sol;li&gt;
&lt;li&gt;One Class B and two Class C findings (Q9).&lt;&sol;li&gt;
&lt;&sol;ol&gt;
&lt;p&gt;&amp;nbsp;&lt;&sol;p&gt;",11/10/2025
59827,7,1,,11/10/2025
56421,40,1,,11/10/2025
52770,29,1,&lt;p&gt;The diagnosis codes below are applicable only when performing pulmonary rehabilitation services billed with CPT&amp;reg; codes 94625 and 94626.&lt;&sol;p&gt;,11/06/2025
53009,54,1,,11/06/2025
54931,35,1,,11/06/2025
55029,36,1,&lt;p&gt;N&sol;A&lt;&sol;p&gt;,11/06/2025
55323,52,1,&lt;p&gt;N&sol;A&lt;&sol;p&gt;,11/06/2025
55327,36,1,,11/06/2025
57327,36,1,,11/06/2025
57343,31,1,,11/06/2025
57498,14,1,&lt;p&gt;N&sol;A&lt;&sol;p&gt;,11/06/2025
57686,12,1,,11/06/2025
57690,39,1,&lt;p&gt;N&sol;A&lt;&sol;p&gt;,11/06/2025
57957,53,1,"&lt;p align=&quot;LEFT&quot;&gt;For purposes of applying presumption of coverage, when the evidence available discloses certain physical and&sol;or clinical findings consistent with the diagnosis and indicative of severe peripheral involvement, the following findings are pertinent:&lt;&sol;p&gt;
&lt;ul&gt;
&lt;li&gt;Class A Findings:
&lt;ul&gt;
&lt;li&gt;Nontraumatic amputation of foot or integral skeletal portion thereof.&lt;&sol;li&gt;
&lt;&sol;ul&gt;
&lt;&sol;li&gt;
&lt;li&gt;Class B Findings:
&lt;ul&gt;
&lt;li&gt;Absent posterior tibial pulse;&lt;&sol;li&gt;
&lt;li&gt;Advanced trophic changes as: hair growth (decrease or absence) nail changes&amp;nbsp; (thickening) pigmentary changes (discoloration) skin texture (thin, shiny) skin color (rubor&amp;nbsp; or redness) (three required); and&lt;&sol;li&gt;
&lt;li&gt;Absent dorsalis pedis pulse.&lt;&sol;li&gt;
&lt;&sol;ul&gt;
&lt;&sol;li&gt;
&lt;&sol;ul&gt;
&lt;ul&gt;
&lt;li&gt;Class C Findings:
&lt;ul&gt;
&lt;li&gt;Claudication;&lt;&sol;li&gt;
&lt;li&gt;Temperature changes (e.g., cold feet);&lt;&sol;li&gt;
&lt;li&gt;Edema;&lt;&sol;li&gt;
&lt;li&gt;Paresthesias (abnormal spontaneous sensations in the feet); and&lt;&sol;li&gt;
&lt;li&gt;Burning.&lt;&sol;li&gt;
&lt;&sol;ul&gt;
&lt;&sol;li&gt;
&lt;&sol;ul&gt;
&lt;p align=&quot;LEFT&quot;&gt;The presumption of coverage may be applied when the physician rendering the routine foot care has identified the following by using the modifiers below:&lt;&sol;p&gt;
&lt;ol&gt;
&lt;li&gt;A Class A finding (Q7);&lt;&sol;li&gt;
&lt;li&gt;Two of the Class B findings (Q8); or&lt;&sol;li&gt;
&lt;li&gt;One Class B and two Class C findings (Q9).&lt;&sol;li&gt;
&lt;&sol;ol&gt;
&lt;p&gt;&amp;nbsp;&lt;&sol;p&gt;",11/06/2025
59978,4,1,,11/06/2025
58324,35,1,&lt;p&gt;N&sol;A&lt;&sol;p&gt;,11/03/2025
56697,44,1,,10/31/2025
59066,10,1,,10/31/2025
56500,39,1,,10/31/2025
56439,18,1,,10/31/2025
56493,13,1,,10/31/2025
56799,29,1,,10/30/2025
53252,237,1,,10/30/2025
57807,124,1,,10/30/2025
57165,15,1,,10/27/2025
55326,40,1,,10/27/2025
54929,40,1,,10/27/2025
55056,14,1,,10/27/2025
56152,35,1,,10/27/2025
56572,22,1,&lt;p&gt;N&sol;A&lt;&sol;p&gt;,10/27/2025
57683,11,1,&lt;p&gt;N&sol;A&lt;&sol;p&gt;,10/27/2025
55028,45,1,&lt;p&gt;N&sol;A&lt;&sol;p&gt;,10/27/2025
57689,44,1,&lt;p&gt;N&sol;A&lt;&sol;p&gt;,10/27/2025
53008,56,1,,10/27/2025
57342,31,1,,10/27/2025
57497,15,1,&lt;p&gt;N&sol;A&lt;&sol;p&gt;,10/27/2025
59976,4,1,,10/27/2025
57472,15,1,,10/25/2025
56680,44,1,,10/24/2025
54992,43,1,,10/23/2025
55531,34,1,,10/23/2025
56515,21,1,&lt;p&gt;N&sol;A&lt;&sol;p&gt;,10/23/2025
57162,17,1,,10/23/2025
57207,33,1,&lt;p&gt;N&sol;A&lt;&sol;p&gt;,10/23/2025
57215,41,1,,10/23/2025
57357,16,1,&lt;p&gt;No modifiers applicable for &lt;em&gt;&lt;strong&gt;ICD-10 Codes that Support Medical Necessity Group 1: Codes.&lt;&sol;strong&gt;&lt;&sol;em&gt;&lt;&sol;p&gt;,10/23/2025
57357,16,2,&lt;p&gt;N&sol;A&lt;&sol;p&gt;,10/23/2025
57609,11,1,&lt;p&gt;N&sol;A&lt;&sol;p&gt;,10/23/2025
57662,15,1,&lt;p&gt;N&sol;A&lt;&sol;p&gt;,10/23/2025
57702,23,1,&lt;p&gt;N&sol;A&lt;&sol;p&gt;,10/23/2025
57864,36,1,&lt;p&gt;N&sol;A&lt;&sol;p&gt;,10/23/2025
58138,20,1,&lt;p&gt;N&sol;A&lt;&sol;p&gt;,10/23/2025
58867,23,1,&lt;p&gt;N&sol;A&lt;&sol;p&gt;,10/23/2025
59697,6,1,,10/23/2025
56636,20,1,,10/22/2025
57588,11,1,&lt;p&gt;N&sol;A&lt;&sol;p&gt;,10/22/2025
57583,9,1,,10/22/2025
59906,6,1,&lt;p&gt;N&sol;A&lt;&sol;p&gt;,10/22/2025
55169,15,1,&lt;p&gt;N&sol;A&lt;&sol;p&gt;,10/22/2025
57552,19,1,&lt;p&gt;N&sol;A&lt;&sol;p&gt;,10/22/2025
56961,18,1,,10/17/2025
55676,24,1,,10/16/2025
55770,11,1,,10/16/2025
56073,22,1,&lt;p&gt;N&sol;A&lt;&sol;p&gt;,10/16/2025
57184,22,1,,10/16/2025
57191,10,1,,10/16/2025
57198,27,1,,10/16/2025
57222,21,1,&lt;p&gt;N&sol;A&lt;&sol;p&gt;,10/16/2025
57225,52,1,,10/16/2025
57238,10,1,&lt;p&gt;N&sol;A&lt;&sol;p&gt;,10/16/2025
57613,8,1,&lt;p&gt;N&sol;A&lt;&sol;p&gt;,10/16/2025
57616,6,1,&lt;p&gt;N&sol;A&lt;&sol;p&gt;,10/16/2025
57707,14,1,&lt;p&gt;N&sol;A&lt;&sol;p&gt;,10/16/2025
57792,12,1,,10/16/2025
57949,21,1,,10/16/2025
59771,6,1,,10/16/2025
57195,29,1,,10/15/2025
55530,35,1,,10/14/2025
57515,12,1,&lt;p&gt;N&sol;A&lt;&sol;p&gt;,10/14/2025
54969,52,1,,10/14/2025
56514,25,1,&lt;p&gt;N&sol;A&lt;&sol;p&gt;,10/14/2025
57661,17,1,&lt;p&gt;N&sol;A&lt;&sol;p&gt;,10/14/2025
57206,30,1,&lt;p&gt;N&sol;A&lt;&sol;p&gt;,10/14/2025
57356,14,1,&lt;p&gt;No modifiers applicable for &lt;em&gt;&lt;strong&gt;ICD-10 Codes that Support Medical Necessity Group 1: Codes.&lt;&sol;strong&gt;&lt;&sol;em&gt;&lt;&sol;p&gt;,10/14/2025
57356,14,2,&lt;p&gt;N&sol;A&lt;&sol;p&gt;,10/14/2025
58133,23,1,,10/14/2025
58865,24,1,&lt;p&gt;N&sol;A&lt;&sol;p&gt;,10/14/2025
57615,6,1,&lt;p&gt;N&sol;A&lt;&sol;p&gt;,10/06/2025
57706,14,1,&lt;p&gt;N&sol;A&lt;&sol;p&gt;,10/06/2025
57791,12,1,,10/06/2025
57189,28,1,,10/06/2025
57221,25,1,,10/06/2025
55675,25,1,,10/06/2025
55769,14,1,,10/06/2025
56071,23,1,,10/06/2025
57237,11,1,&lt;p&gt;N&sol;A&lt;&sol;p&gt;,10/06/2025
57612,8,1,&lt;p&gt;N&sol;A&lt;&sol;p&gt;,10/06/2025
57190,11,1,,10/06/2025
57305,14,1,,10/03/2025
57056,44,1,,10/03/2025
56682,49,1,,10/03/2025
52755,14,1,,10/02/2025
52775,18,1,,10/02/2025
53017,37,1,,10/02/2025
53079,26,1,,10/02/2025
53975,9,1,,10/02/2025
55045,17,1,,10/02/2025
55775,12,1,&lt;p&gt;N&sol;A&lt;&sol;p&gt;,10/02/2025
56026,13,1,,10/02/2025
56028,8,1,,10/02/2025
57849,18,1,,10/02/2025
58579,10,1,,10/02/2025
57282,18,1,,09/30/2025
58127,19,1,&lt;p&gt;N&sol;A&lt;&sol;p&gt;,09/30/2025
56451,26,1,,09/30/2025
56802,18,1,,09/26/2025
56808,15,1,,09/26/2025
55315,17,1,,09/26/2025
56722,23,1,,09/26/2025
57637,20,1,,09/26/2025
57540,15,1,,09/26/2025
57450,14,1,,09/26/2025
57449,24,1,,09/26/2025
57434,35,1,,09/26/2025
57188,27,1,,09/26/2025
57063,29,1,,09/26/2025
54111,50,1,,09/26/2025
56805,41,1,,09/26/2025
56542,18,1,,09/26/2025
57123,61,1,,09/26/2025
54095,68,1,,09/26/2025
58873,7,1,,09/26/2025
57780,27,1,,09/26/2025
57669,10,1,,09/26/2025
57636,24,1,,09/26/2025
57804,41,1,,09/26/2025
58592,19,1,,09/26/2025
57678,11,1,,09/26/2025
56644,29,1,,09/26/2025
58872,6,1,,09/26/2025
57600,34,1,,09/26/2025
57414,30,1,,09/26/2025
57130,51,1,,09/26/2025
56773,30,1,,09/26/2025
56615,36,1,,09/26/2025
56538,27,1,,09/26/2025
56416,42,1,,09/26/2025
56414,41,1,,09/26/2025
52996,31,1,,09/26/2025
52732,25,1,&lt;p&gt;N&sol;A&lt;&sol;p&gt;,09/25/2025
52767,14,1,,09/25/2025
53028,59,1,&lt;p&gt;N&sol;A&lt;&sol;p&gt;,09/25/2025
54063,16,1,,09/25/2025
55062,11,1,,09/25/2025
55214,9,1,,09/25/2025
55479,11,1,,09/25/2025
55585,18,1,,09/25/2025
55756,17,1,,09/25/2025
55932,19,1,,09/25/2025
56342,33,1,,09/25/2025
57914,9,1,,09/25/2025
59056,11,1,&lt;p&gt;N&sol;A&lt;&sol;p&gt;,09/25/2025
59658,9,1,,09/25/2025
59753,4,1,,09/25/2025
59828,12,1,,09/25/2025
57181,37,1,,09/23/2025
53084,28,1,,09/23/2025
53352,13,1,,09/23/2025
53972,10,1,,09/23/2025
55044,18,1,,09/23/2025
55774,13,1,&lt;p&gt;N&sol;A&lt;&sol;p&gt;,09/23/2025
56025,16,1,,09/23/2025
57848,19,1,,09/23/2025
53304,16,1,,09/23/2025
59862,7,1,,09/19/2025
57386,21,1,,09/19/2025
56811,13,1,,09/19/2025
52438,22,1,,09/18/2025
56453,12,1,,09/18/2025
59374,14,1,,09/18/2025
59480,10,1,,09/18/2025
57593,17,1,&lt;p&gt;N&sol;A&lt;&sol;p&gt;,09/18/2025
57473,33,1,&lt;p&gt;N&sol;A&lt;&sol;p&gt;,09/18/2025
57599,14,1,&lt;p&gt;N&sol;A&lt;&sol;p&gt;,09/18/2025
57483,28,1,&lt;p&gt;N&sol;A&lt;&sol;p&gt;,09/18/2025
59849,8,1,,09/18/2025
56119,35,1,,09/18/2025
56124,32,1,,09/18/2025
59908,6,1,&lt;p&gt;N&sol;A&lt;&sol;p&gt;,09/17/2025
59261,7,1,&lt;p&gt;N&sol;A&lt;&sol;p&gt;,09/17/2025
56900,23,1,&lt;p&gt;N&sol;A&lt;&sol;p&gt;,09/17/2025
56232,34,1,&lt;p&gt;N&sol;A&lt;&sol;p&gt;,09/17/2025
57559,20,1,&lt;p&gt;N&sol;A&lt;&sol;p&gt;,09/17/2025
57597,22,1,&lt;p&gt;N&sol;A&lt;&sol;p&gt;,09/16/2025
57478,40,1,,09/16/2025
59434,19,1,&lt;p&gt;N&sol;A&lt;&sol;p&gt;,09/16/2025
57913,11,1,,09/16/2025
53024,22,1,,09/16/2025
59819,18,1,,09/16/2025
53322,16,1,,09/16/2025
54635,31,1,,09/16/2025
55215,9,1,,09/16/2025
55584,19,1,,09/16/2025
55754,22,1,,09/16/2025
59657,9,1,,09/16/2025
59752,4,1,,09/16/2025
55478,12,1,,09/16/2025
59847,8,1,,09/16/2025
56684,17,1,,09/12/2025
57196,22,1,,09/11/2025
57201,8,1,,09/11/2025
57513,16,1,&lt;p&gt;N&sol;A&lt;&sol;p&gt;,09/11/2025
57644,17,1,&lt;p&gt;N&sol;A&lt;&sol;p&gt;,09/11/2025
57698,14,1,&lt;p&gt;N&sol;A&lt;&sol;p&gt;,09/11/2025
58225,11,1,,09/11/2025
58438,11,1,,09/11/2025
58567,29,1,&lt;p&gt;When addressing a specific toe(s) or finger(s) use the respective CPT&amp;reg; HCPCS Level II modifier to identify them on the claim. Other modifiers listed below may include (but are not to be used alone when a more specific modifier is needed to clarify the procedure).&lt;&sol;p&gt;,09/11/2025
58790,14,1,,09/11/2025
58995,14,1,,09/11/2025
59645,16,1,,09/11/2025
59884,5,1,,09/11/2025
57614,15,1,&lt;p&gt;N&sol;A&lt;&sol;p&gt;,09/09/2025
57611,16,1,&lt;p&gt;N&sol;A&lt;&sol;p&gt;,09/09/2025
59971,3,1,,09/05/2025
57697,16,1,&lt;p&gt;N&sol;A&lt;&sol;p&gt;,09/04/2025
57512,19,1,&lt;p&gt;N&sol;A&lt;&sol;p&gt;,09/04/2025
57643,20,1,&lt;p&gt;N&sol;A&lt;&sol;p&gt;,09/04/2025
58993,16,1,,09/04/2025
58436,13,1,,09/04/2025
60276,3,1,&lt;p&gt;N&sol;A&lt;&sol;p&gt;,09/03/2025
59981,3,1,,09/03/2025
54338,55,1,,08/29/2025
56809,20,1,,08/29/2025
57038,16,1,,08/29/2025
57039,9,1,,08/29/2025
58359,13,1,,08/29/2025
55310,12,1,,08/28/2025
56380,56,1,,08/26/2025
59186,22,1,,08/25/2025
56729,21,1,,08/25/2025
56775,24,1,,08/25/2025
56695,24,1,,08/25/2025
56868,30,1,,08/22/2025
56273,28,1,&lt;p&gt;N&sol;A&lt;&sol;p&gt;,08/22/2025
57476,22,1,&lt;p&gt;N&sol;A&lt;&sol;p&gt;,08/22/2025
59860,5,1,,08/22/2025
56943,17,1,,08/22/2025
56389,36,1,,08/21/2025
56607,19,1,,08/21/2025
55336,49,1,,08/21/2025
56619,33,1,,08/20/2025
53052,48,1,,08/19/2025
56625,36,1,,08/19/2025
56948,23,1,,08/18/2025
57570,29,1,&lt;p&gt;N&sol;A&lt;&sol;p&gt;,08/18/2025
55717,26,1,,08/18/2025
56727,21,1,,08/18/2025
56959,31,1,,08/17/2025
56999,31,1,,08/17/2025
57421,37,1,&lt;p&gt;N&sol;A&lt;&sol;p&gt;,08/17/2025
57422,33,1,&lt;p&gt;N&sol;A&lt;&sol;p&gt;,08/17/2025
56580,30,1,,08/14/2025
59160,13,1,&lt;p&gt;&lt;span style=&quot;background: white;&quot;&gt;These modifiers are applicable to all codes listed in CPT&sol;HCPCS Codes Groups 1-7.&lt;&sol;span&gt;&lt;&sol;p&gt;,08/14/2025
55069,26,1,,08/14/2025
55227,19,1,,08/14/2025
56632,31,1,,08/14/2025
56613,17,1,,08/14/2025
56611,15,1,,08/14/2025
56825,20,1,,08/14/2025
56769,18,1,,08/14/2025
56476,35,1,,08/14/2025
54768,38,1,,08/14/2025
56641,18,1,,08/14/2025
56691,28,1,,08/14/2025
56639,20,1,,08/14/2025
53060,48,1,,08/14/2025
56621,26,1,,08/14/2025
56774,22,1,,08/14/2025
55030,63,1,&lt;p&gt;N&sol;A&lt;&sol;p&gt;,08/14/2025
57693,12,1,&lt;p&gt;N&sol;A&lt;&sol;p&gt;,08/14/2025
57719,21,1,&lt;p&gt;N&sol;A&lt;&sol;p&gt;,08/14/2025
56559,26,1,,08/13/2025
57718,20,1,&lt;p&gt;N&sol;A&lt;&sol;p&gt;,08/06/2025
57692,11,1,&lt;p&gt;N&sol;A&lt;&sol;p&gt;,08/06/2025
59529,10,1,,07/31/2025
56881,10,1,,07/31/2025
57936,33,1,&lt;p&gt;N&sol;A&lt;&sol;p&gt;,07/23/2025
56910,9,1,,07/16/2025
56638,37,1,,07/09/2025
56642,47,1,,07/09/2025
57867,33,1,,06/30/2025
58061,28,1,,06/26/2025
57575,9,1,&lt;p&gt;N&sol;A&lt;&sol;p&gt;,06/18/2025
56903,15,1,,06/18/2025
59482,4,1,,06/11/2025
56982,15,1,,06/11/2025
56980,12,1,,06/11/2025
54880,10,1,,06/05/2025
57915,10,1,,05/13/2025
59474,4,1,,05/13/2025
54926,25,1,,05/09/2025
54982,28,1,,05/09/2025
56997,18,1,,04/30/2025
57567,14,1,&lt;p&gt;N&sol;A&lt;&sol;p&gt;,04/25/2025
57560,10,1,&lt;p&gt;N&sol;A&lt;&sol;p&gt;,04/25/2025
56335,14,1,&lt;p&gt;N&sol;A&lt;&sol;p&gt;,04/25/2025
52986,242,1,,04/25/2025
59004,20,1,,04/25/2025
56795,34,1,&lt;p&gt;N&sol;A&lt;&sol;p&gt;,04/23/2025
58213,16,1,,04/22/2025
59295,6,1,,04/16/2025
58988,24,1,,04/15/2025
58998,19,1,,04/14/2025
58136,22,1,&lt;p&gt;N&sol;A&lt;&sol;p&gt;,04/11/2025
58110,22,1,&lt;p&gt;N&sol;A&lt;&sol;p&gt;,04/11/2025
52992,30,1,,04/11/2025
58982,19,1,,04/10/2025
58277,13,1,&lt;p&gt;N&sol;A&lt;&sol;p&gt;,04/09/2025
56674,11,1,,04/09/2025
56614,23,1,,04/09/2025
57870,26,1,&lt;p&gt;N&sol;A&lt;&sol;p&gt;,04/09/2025
57884,10,1,,04/04/2025
57839,14,1,,04/04/2025
56491,25,1,,03/18/2025
58731,16,1,,03/06/2025
59880,3,1,,02/18/2025
56940,11,1,,02/06/2025
59051,6,1,,02/06/2025
55715,12,1,,01/31/2025
59878,4,1,,01/24/2025
58797,15,1,,01/24/2025
58795,15,1,,01/24/2025
57633,8,1,,01/24/2025
57779,8,1,,01/24/2025
59270,26,1,,01/24/2025
59268,27,1,,01/24/2025
57025,21,1,&lt;p&gt;N&sol;A&lt;&sol;p&gt;,01/24/2025
57618,24,1,&lt;p&gt;N&sol;A&lt;&sol;p&gt;,01/24/2025
57520,43,1,,01/24/2025
56848,16,1,,01/24/2025
56602,39,1,,01/24/2025
59536,7,1,,01/23/2025
58695,11,1,"&lt;p&gt;N&sol;A&lt;&sol;p&gt;
&lt;p&gt;&amp;nbsp;&lt;&sol;p&gt;",01/13/2025
53775,34,1,&lt;p&gt;KX&lt;&sol;p&gt;,01/07/2025
59123,28,1,,01/03/2025
59125,38,1,,01/03/2025
59484,8,1,,01/02/2025
59682,4,1,,12/27/2024
59040,12,1,,12/23/2024
59257,11,1,,12/18/2024
56869,12,1,,12/17/2024
58392,13,1,,12/17/2024
56686,16,1,,12/17/2024
56503,12,1,,12/17/2024
55913,9,1,,12/17/2024
56871,19,1,,12/16/2024
56673,14,1,,12/13/2024
56616,11,1,,12/13/2024
53986,18,1,,12/04/2024
53988,20,1,,12/04/2024
59323,4,1,,12/03/2024
57571,9,1,&lt;p&gt;N&sol;A&lt;&sol;p&gt;,11/20/2024
59259,8,1,,11/20/2024
56545,14,1,,11/13/2024
59192,15,1,,11/08/2024
57034,11,1,,11/08/2024
56899,11,1,,10/31/2024
57481,12,1,&lt;p&gt;N&sol;A&lt;&sol;p&gt;,10/22/2024
57657,25,1,,10/18/2024
57077,29,1,,10/18/2024
56645,48,1,,10/18/2024
57125,22,1,&lt;p&gt;N&sol;A&lt;&sol;p&gt;,10/18/2024
52993,54,1,&lt;p&gt;N&sol;A&lt;&sol;p&gt;,10/18/2024
57677,14,1,,10/18/2024
56672,16,1,,10/18/2024
57155,15,1,&lt;p&gt;N&sol;A&lt;&sol;p&gt;,09/30/2024
55233,21,1,,09/17/2024
57110,17,1,,09/17/2024
56771,25,1,,09/17/2024
55147,30,1,&lt;p&gt;N&sol;A&lt;&sol;p&gt;,09/17/2024
54686,22,1,,09/14/2024
53531,22,1,,09/09/2024
56675,25,1,,09/05/2024
53095,28,1,,09/05/2024
58308,18,1,&lt;p&gt;N&sol;A&lt;&sol;p&gt;,09/04/2024
53101,46,1,,08/29/2024
54188,33,1,,08/28/2024
56685,17,1,,08/26/2024
56679,9,1,,08/22/2024
59892,2,1,,08/16/2024
56983,12,1,,08/14/2024
56531,19,1,,08/12/2024
56784,18,1,,08/12/2024
56562,33,1,,08/08/2024
59042,13,1,,08/08/2024
59476,4,1,,08/02/2024
59472,4,1,,08/01/2024
59462,4,1,,08/01/2024
57630,11,1,&lt;p&gt;N&sol;A&lt;&sol;p&gt;,07/24/2024
56669,16,1,,07/23/2024
59380,3,1,&lt;p&gt;N&sol;A&lt;&sol;p&gt;,06/28/2024
59382,4,1,&lt;p&gt;N&sol;A&lt;&sol;p&gt;,06/28/2024
56703,17,1,,06/24/2024
57112,11,1,&lt;p&gt;N&sol;A&lt;&sol;p&gt;,06/18/2024
59470,4,1,,06/07/2024
56287,18,1,,05/31/2024
56653,15,1,,05/31/2024
54192,22,1,,05/29/2024
54021,26,1,,05/24/2024
59654,4,1,&lt;p&gt;N&sol;A&lt;&sol;p&gt;,05/21/2024
56838,13,1,,05/21/2024
57496,14,1,,05/10/2024
55709,11,1,,04/16/2024
54830,9,1,,04/05/2024
58664,9,1,,04/04/2024
54832,14,1,,03/28/2024
57755,18,1,,03/27/2024
54901,27,1,,03/15/2024
54795,42,1,&lt;p&gt;N&sol;A&lt;&sol;p&gt;,03/15/2024
57767,12,1,,03/01/2024
53883,26,1,"&lt;p&gt;&amp;nbsp;&lt;&sol;p&gt;
&lt;p&gt;&amp;nbsp;&lt;&sol;p&gt;
&lt;p&gt;&amp;nbsp;&lt;&sol;p&gt;",03/01/2024
56995,15,1,,02/28/2024
56106,14,1,,01/30/2024
57021,19,1,,01/29/2024
54682,34,1,,01/25/2024
55136,19,1,&lt;p&gt;N&sol;A&lt;&sol;p&gt;,01/24/2024
57106,12,1,,01/23/2024
56072,13,1,,01/23/2024
57604,16,1,,01/23/2024
57638,7,1,,01/19/2024
57451,38,1,,01/19/2024
56541,40,1,,01/19/2024
54555,18,1,,01/12/2024
53773,20,1,,01/12/2024
53781,17,1,,01/11/2024
58065,19,1,,01/08/2024
58028,23,1,&lt;p&gt;N&sol;A&lt;&sol;p&gt;,01/08/2024
59158,9,1,,01/02/2024
57047,11,1,,12/29/2023
57132,19,1,,12/29/2023
56876,18,1,,12/28/2023
56731,16,1,,12/27/2023
56006,19,1,,12/21/2023
56732,15,1,,12/20/2023
57983,6,1,&lt;p&gt;N&sol;A&lt;&sol;p&gt;,12/20/2023
57587,9,1,&lt;p&gt;N&sol;A&lt;&sol;p&gt;,12/20/2023
58371,12,1,,12/13/2023
55503,5,1,,11/22/2023
59049,16,1,,11/22/2023
53134,84,1,,11/22/2023
55206,18,1,,11/20/2023
58777,11,1,,11/20/2023
57589,16,1,&lt;p&gt;N&sol;A&lt;&sol;p&gt;,11/20/2023
56502,8,1,,11/20/2023
54643,13,1,,11/17/2023
54641,13,1,,11/17/2023
58737,10,1,,11/15/2023
57910,14,1,,11/15/2023
54283,15,1,,11/15/2023
54196,20,1,,11/15/2023
56887,11,1,,11/15/2023
54195,22,1,,11/15/2023
56998,10,1,,11/15/2023
54194,23,1,,11/14/2023
54270,16,1,,11/14/2023
54269,14,1,,11/14/2023
56885,14,1,,11/10/2023
58038,10,1,,11/10/2023
54295,27,1,,11/10/2023
58063,11,1,,11/10/2023
56647,32,1,,11/09/2023
56633,47,1,,11/09/2023
56651,36,1,,11/09/2023
56681,34,1,,11/09/2023
54688,23,1,,11/08/2023
54191,27,1,,11/08/2023
56985,15,1,,11/08/2023
56981,16,1,,11/08/2023
56884,13,1,,11/08/2023
56989,11,1,,11/08/2023
54257,14,1,,11/08/2023
54685,17,1,,11/08/2023
55716,11,1,,11/08/2023
58706,12,1,,11/08/2023
58362,10,1,&lt;p&gt;N&sol;A&lt;&sol;p&gt;,11/08/2023
54689,32,1,,11/07/2023
52432,14,1,,11/07/2023
58817,6,1,,11/07/2023
54300,16,1,,11/07/2023
54327,7,1,,11/07/2023
56610,13,1,,11/06/2023
56756,20,1,,11/03/2023
57649,9,1,,10/20/2023
56631,19,1,,10/20/2023
56841,18,1,,10/20/2023
56648,19,1,,10/19/2023
57726,7,1,,10/13/2023
59109,7,1,,10/03/2023
57851,8,1,&lt;p&gt;N&sol;A&lt;&sol;p&gt;,09/19/2023
56929,15,1,&lt;p&gt;No modifiers applicable for &lt;em&gt;&lt;strong&gt;&lt;span style=&quot;line-height: 115%;&quot;&gt;ICD-10 Codes that Support Medical Necessity Group 1: Codes.&lt;&sol;span&gt;&lt;&sol;strong&gt;&lt;&sol;em&gt;&lt;&sol;p&gt;,09/14/2023
56929,15,2,,09/14/2023
54831,28,1,,08/24/2023
55161,23,1,,08/23/2023
57577,7,1,&lt;p&gt;N&sol;A&lt;&sol;p&gt;,08/23/2023
59170,5,1,,08/22/2023
58503,12,1,,08/22/2023
56792,11,1,,08/07/2023
54018,33,1,,07/21/2023
56872,10,1,,07/21/2023
57581,7,1,&lt;p&gt;N&sol;A&lt;&sol;p&gt;,07/19/2023
56333,11,1,&lt;p&gt;N&sol;A&lt;&sol;p&gt;,07/19/2023
55235,15,1,,07/19/2023
58810,11,1,&lt;p&gt;N&sol;A&lt;&sol;p&gt;,07/14/2023
58808,12,1,&lt;p&gt;N&sol;A&lt;&sol;p&gt;,07/14/2023
56913,13,1,,07/07/2023
57647,17,1,&lt;p&gt;N&sol;A&lt;&sol;p&gt;,07/07/2023
56584,14,1,,07/06/2023
56924,11,1,,07/03/2023
57072,17,1,&lt;p&gt;N&sol;A&lt;&sol;p&gt;,06/29/2023
55738,17,1,&lt;p&gt;N&sol;A&lt;&sol;p&gt;,06/22/2023
55354,35,1,,06/05/2023
59449,2,1,,06/01/2023
57576,11,1,&lt;p&gt;N&sol;A&lt;&sol;p&gt;,05/23/2023
55695,21,1,,05/23/2023
57568,11,1,&lt;p&gt;N&sol;A&lt;&sol;p&gt;,04/21/2023
56419,20,1,,04/10/2023
59015,3,1,,03/24/2023
57558,11,1,&lt;p&gt;No modifiers applicable for ICD-10 Codes that Support Medical Necessity Group 1: Codes.&lt;&sol;p&gt;,03/22/2023
57558,11,2,&lt;p&gt;N&sol;A&lt;&sol;p&gt;,03/22/2023
59121,3,1,,03/22/2023
58883,6,1,,03/08/2023
54472,30,1,,02/20/2023
58471,10,1,,02/15/2023
54954,28,1,,01/20/2023
56923,16,1,,01/20/2023
56420,16,1,,01/20/2023
56666,19,1,,01/20/2023
55723,44,1,,01/20/2023
56396,11,1,,01/17/2023
59205,3,1,,01/13/2023
53435,11,1,,01/11/2023
53497,15,1,,01/11/2023
53444,14,1,,01/10/2023
56390,11,1,,01/10/2023
56065,23,1,,11/14/2022
57029,10,1,,10/28/2022
56933,9,1,,10/10/2022
58275,9,1,&lt;p&gt;N&sol;A&lt;&sol;p&gt;,07/01/2022
56906,13,1,,06/20/2022
58021,11,1,,05/26/2022
53053,14,1,,05/12/2022
57503,17,1,,03/24/2022
58821,7,1,"&lt;p&gt;&lt;span style=&quot;background: white; line-height: 115%;&quot;&gt;Modifier - KX must be used as an attestation by the practitioner and&sol;or provider of the service that documentation is on file verifying the patient has sufficiently symptomatic HF and electrocardiographic evidence of dyssynchrony or sufficiently symptomatic HF with an EF &amp;lt; 50% and a need for frequent &lt;&sol;span&gt;&lt;span style=&quot;background: white; line-height: 115%;&quot;&gt;RV pacing. &lt;&sol;span&gt;&lt;&sol;p&gt;
&lt;p&gt;&lt;span style=&quot;line-height: 115%;&quot;&gt; &lt;&sol;span&gt;&lt;&sol;p&gt;
&lt;p&gt;&lt;span style=&quot;background: white; line-height: 115%;&quot;&gt;For medically necessary CRT in conditions not addressed by this article, use modifier - SC.&lt;&sol;span&gt;&lt;&sol;p&gt;
&lt;p&gt;&lt;span style=&quot;background: white; line-height: 115%;&quot;&gt;Modifier &amp;ndash; GA should be used when the provider wants to indicate that he&sol;she anticipates that Medicare will deny a specific service as not reasonable and necessary, an Advanced &lt;&sol;span&gt;&lt;span style=&quot;background: white; line-height: 115%;&quot;&gt;Beneficiary Notice (ABN) Form CMS-R-131 has been signed by the beneficiary and is on file. Modifier &amp;ndash; GA may also be used on assigned claims when a patient refuses to sign the ABN and the latter is properly witnessed. For claims submitted to the Part A MAC, occurrence code 32 and the date of the ABN are required.&lt;&sol;span&gt;&lt;span style=&quot;line-height: 115%;&quot;&gt;&lt;br &sol;&gt;&lt;br &sol;&gt;&lt;span style=&quot;background: white;&quot;&gt;Modifier &amp;ndash; GZ should be used when the provider wants to indicate that it is expected that Medicare will deny the specific services as not reasonable and necessary and the beneficiary was not asked to sign an ABN.&lt;&sol;span&gt;&lt;br &sol;&gt;&lt;br &sol;&gt;&lt;span style=&quot;background: white;&quot;&gt;Claims for pacemaker claims that do not meet the criteria for modifier &amp;ndash; KX or &amp;ndash; SC should have modifier &amp;ndash; GA or &amp;ndash; GZ appended depending on the ABN status and will be denied.&lt;&sol;span&gt;&lt;&sol;span&gt;&lt;&sol;p&gt;",03/09/2022
56704,10,1,,03/04/2022
58031,11,1,,02/18/2022
57872,10,1,,02/11/2022
57752,18,1,&lt;p&gt;N&sol;A&lt;&sol;p&gt;,02/11/2022
58343,11,1,,01/28/2022
57813,8,1,,01/18/2022
53104,32,1,,01/18/2022
54769,27,1,,01/18/2022
53558,29,1,,01/18/2022
56953,25,1,,01/14/2022
58410,9,1,,01/14/2022
57753,12,1,,01/14/2022
56938,46,1,,01/14/2022
58414,11,1,,01/14/2022
53047,17,1,,12/29/2021
58287,5,1,,12/29/2021
58367,6,1,,12/28/2021
56957,9,1,,12/22/2021
58321,7,1,,12/21/2021
57868,4,1,,12/13/2021
56870,7,1,,11/16/2021
56941,7,1,,10/07/2021
56963,12,1,,09/29/2021
56962,8,1,,09/09/2021
56875,11,1,,09/09/2021
54559,12,1,,08/30/2021
53605,21,1,,07/08/2021
56857,7,1,,06/30/2021
56898,15,1,,06/15/2021
56949,7,1,,04/15/2021
56431,6,1,,02/25/2021
58641,4,1,,02/10/2021
56497,20,1,,02/09/2021
56859,7,1,,02/02/2021
56141,39,1,,11/12/2020
57682,6,1,,09/25/2020
57667,10,1,,09/25/2020
58000,4,1,&lt;p&gt;N&sol;A&lt;&sol;p&gt;,08/18/2020
53784,15,1,,08/12/2020
53006,14,1,,12/12/2019
53472,18,1,,12/03/2019
57672,6,1,,11/22/2019
57660,6,1,,11/22/2019
57651,5,1,,11/21/2019
53702,19,1,,11/11/2019
53399,13,1,,11/07/2019
53708,16,1,,10/30/2019
54750,13,1,,10/28/2019
53482,13,1,,10/23/2019
53105,22,1,,10/16/2019
53538,15,1,,10/15/2019
53480,14,1,,10/15/2019
56724,5,1,,10/09/2019
56384,7,1,,10/08/2019
57118,3,1,,10/02/2019
53488,11,1,,10/02/2019
53423,16,1,,09/30/2019
53441,10,1,,09/26/2019
56754,4,1,,09/26/2019
53778,14,1,,09/25/2019
56640,16,1,,09/06/2019
