lcd_id,lcd_version,article_id,article_version,contractor_id,last_updated
32553,21,56424,20,228,03/22/2019
33252,29,57520,43,368,10/14/2019
33252,29,58257,3,368,06/19/2020
33261,40,57531,60,368,05/21/2021
33261,40,58751,6,368,05/21/2021
33267,17,57649,9,368,11/21/2019
33274,43,57715,55,368,09/19/2025
33274,43,60162,7,368,09/19/2025
33312,40,55426,132,388,03/16/2017
33312,40,52505,80,138,04/04/2014
33317,34,55426,132,139,03/20/2017
33317,34,52478,26,139,04/04/2014
33318,63,52465,72,140,12/04/2025
33318,63,55426,132,140,12/04/2025
33318,63,60371,4,140,12/04/2025
33369,26,55426,132,388,04/27/2017
33369,26,52501,47,138,04/04/2014
33370,58,52466,87,140,12/11/2025
33370,58,55426,132,140,12/03/2025
33370,58,60378,3,140,12/11/2025
33393,10,52830,9,308,04/02/2014
33394,55,52370,135,297,05/22/2025
33394,55,59983,4,297,05/22/2025
33394,55,52399,75,297,05/22/2025
33394,55,52855,31,297,05/22/2025
33394,55,54548,36,297,05/22/2025
33394,55,52420,64,297,05/22/2025
33394,55,52421,23,297,05/22/2025
33394,55,52423,84,297,05/22/2025
33394,55,52453,49,297,05/22/2025
33394,55,52448,24,297,05/22/2025
33394,55,52450,83,297,05/22/2025
33394,55,52451,89,297,06/26/2025
33396,11,57453,5,297,10/18/2019
33398,40,57528,5,297,06/18/2026
33398,40,60452,5,297,06/18/2026
33399,15,57030,11,297,09/06/2019
33405,25,55831,3,368,12/06/2017
33405,25,57496,14,368,10/11/2019
33405,25,58259,3,368,06/19/2020
33411,29,57145,32,368,10/02/2019
33417,40,55502,3,378,04/05/2017
33417,40,56559,26,378,05/08/2019
33420,41,53095,28,378,10/13/2016
33422,45,56565,20,394,05/16/2019
33423,58,55670,3,374,07/28/2017
33423,58,56691,28,391,07/02/2019
33428,53,55667,3,378,07/26/2017
33428,53,53497,15,378,07/26/2017
33428,53,56658,42,391,06/25/2019
33431,59,56686,16,394,07/02/2019
33436,38,56732,15,394,08/07/2019
33438,47,55504,3,378,04/05/2017
33438,47,56531,19,378,04/29/2019
33444,42,55409,3,378,12/15/2016
33444,42,56784,18,394,07/23/2019
33445,79,55403,3,374,12/13/2016
33445,79,56346,27,391,02/15/2019
33446,47,56730,27,394,07/17/2019
33447,48,55407,3,378,12/14/2016
33447,48,56771,25,394,07/21/2019
33449,36,56621,26,378,06/10/2019
33455,31,56724,5,394,07/16/2019
33456,71,56777,16,391,07/23/2019
33457,61,54768,38,378,12/03/2015
33457,61,56476,35,391,04/08/2019
33458,70,55428,3,378,01/10/2017
33458,70,56646,24,394,06/25/2019
33459,46,56580,30,391,05/14/2019
33461,64,55382,3,378,12/07/2016
33461,64,56695,24,378,07/03/2019
33467,49,53060,48,234,02/12/2015
33557,48,52850,56,297,04/02/2014
33558,33,55257,6,297,09/09/2016
33558,33,56544,28,297,07/25/2019
33559,29,56737,31,297,02/02/2022
33559,29,58889,5,297,02/02/2022
33560,36,56743,26,297,07/25/2019
33563,27,56766,25,297,07/26/2019
33567,28,56726,43,297,07/25/2019
33569,32,58445,3,297,10/08/2020
33569,32,56178,21,297,10/08/2020
33573,25,56826,12,297,11/01/2019
33574,38,56551,34,297,07/25/2019
33575,44,55704,7,269,11/10/2017
33575,44,52870,38,269,12/22/2017
33576,24,57455,24,297,10/17/2019
33577,44,56781,39,297,07/25/2019
33578,18,57427,11,297,10/04/2019
33579,39,52868,46,297,10/03/2024
33579,39,59913,4,297,10/03/2024
33580,41,52866,35,297,04/02/2014
33583,21,57063,29,368,10/02/2019
33585,34,52849,36,297,04/02/2014
33591,19,56844,26,297,11/01/2019
33609,14,57651,5,368,11/21/2019
33610,70,55426,132,389,03/11/2017
33610,70,52509,73,137,04/04/2014
33611,25,52512,46,389,06/18/2021
33611,25,55426,132,389,06/22/2021
33611,25,58823,4,389,06/18/2021
33612,26,55426,132,389,05/02/2017
33612,26,52519,39,137,04/04/2014
33614,27,54858,3,297,02/05/2016
33614,27,56617,26,297,07/26/2019
33616,11,55318,4,297,09/08/2016
33616,11,56954,6,297,11/14/2019
33618,23,57765,26,368,11/21/2019
33619,25,56787,24,297,07/26/2019
33621,16,56549,13,297,07/25/2019
33622,36,59655,2,297,02/05/2024
33622,36,52863,59,297,02/05/2024
33623,26,56823,22,297,11/01/2019
33624,34,52823,3,297,04/02/2014
33624,34,56865,29,297,11/08/2019
33626,45,52824,5,297,04/02/2014
33626,45,56850,33,297,02/07/2020
33627,90,56758,62,297,07/26/2019
33628,34,56550,12,297,07/25/2019
33630,28,56548,20,297,07/25/2019
33631,52,56566,46,297,12/19/2019
33632,83,52825,12,297,07/19/2017
33632,83,56937,43,297,11/21/2019
33633,50,56747,29,297,07/25/2019
33636,53,57759,36,297,12/19/2019
33641,21,55426,132,139,04/19/2017
33641,21,52481,30,139,04/04/2014
33642,26,55426,132,139,05/01/2017
33642,26,52490,27,139,04/04/2014
33646,40,52848,42,297,04/02/2014
33667,23,57064,15,368,10/02/2019
33671,48,55937,46,368,01/29/2021
33671,48,58610,5,368,01/29/2021
33674,10,57636,24,368,11/21/2019
33686,43,55426,132,388,03/08/2017
33686,43,52457,65,140,04/02/2014
33689,17,57767,12,368,11/21/2019
33690,20,55426,132,388,04/24/2017
33690,20,52458,40,140,04/03/2014
33692,21,55426,132,140,05/01/2017
33692,21,52468,22,140,04/03/2014
33693,28,57125,22,368,12/08/2023
33693,28,57807,124,370,11/15/2023
33693,28,59602,4,368,12/08/2023
33693,28,60318,5,368,03/27/2026
33695,26,57670,8,368,11/21/2019
33718,52,52467,54,388,06/18/2021
33718,52,55426,132,388,06/18/2021
33718,52,58824,3,388,06/18/2021
33733,19,55426,132,140,03/21/2017
33733,19,52459,23,140,04/03/2014
33735,19,55426,132,140,04/12/2017
33735,19,52460,16,140,04/03/2014
33736,20,55426,132,140,03/13/2017
33736,20,52461,21,140,04/03/2014
33737,20,55426,132,140,04/11/2017
33737,20,52462,32,140,04/03/2014
33738,18,55426,132,140,05/04/2017
33738,18,52463,32,140,04/03/2014
33739,23,55426,132,140,04/25/2017
33739,23,52469,28,140,04/03/2014
33751,43,55824,4,368,11/30/2017
33751,43,57804,41,368,11/21/2019
33756,23,57179,22,368,10/02/2019
33766,25,57637,20,368,11/21/2019
33771,42,56841,18,368,08/02/2019
33774,15,56704,10,368,07/15/2019
33774,15,56705,3,368,07/15/2019
33784,21,55426,132,388,04/12/2017
33784,21,52502,20,138,04/04/2014
33785,40,55426,132,388,03/16/2017
33785,40,52494,63,138,04/04/2014
33786,16,55426,132,388,04/25/2017
33786,16,52495,18,138,04/04/2014
33787,40,52496,64,388,07/12/2024
33787,40,55426,132,388,07/12/2024
33787,40,59857,3,388,07/12/2024
33788,15,55426,132,388,04/21/2017
33788,15,52497,35,138,04/04/2014
33789,38,55426,132,388,04/12/2017
33789,38,52498,64,138,04/04/2014
33790,20,55426,132,388,03/09/2017
33790,20,52500,46,138,04/04/2014
33791,15,55426,132,388,04/19/2017
33791,15,52503,26,138,04/04/2014
33792,43,55426,132,388,03/09/2017
33792,43,52504,61,138,04/04/2014
33793,20,55426,132,388,04/27/2017
33793,20,52499,23,138,04/04/2014
33794,171,52507,156,389,11/20/2025
33794,171,60373,4,389,12/04/2025
33794,171,55426,132,389,12/04/2025
33795,29,55426,132,389,04/19/2017
33795,29,52510,61,137,04/04/2014
33796,24,59402,2,389,05/11/2023
33796,24,55426,132,389,05/11/2023
33796,24,52513,50,389,05/11/2023
33797,50,52514,61,389,06/12/2020
33797,50,55426,132,389,06/12/2020
33797,50,58247,3,389,06/12/2020
33799,15,55426,132,389,05/01/2017
33799,15,52516,26,137,04/04/2014
33800,43,52517,50,389,06/18/2021
33800,43,55426,132,389,06/22/2021
33800,43,58822,3,389,06/18/2021
33801,26,59403,4,389,05/11/2023
33801,26,55426,132,389,05/11/2023
33801,26,52518,36,389,05/11/2023
33802,35,55426,132,389,05/02/2017
33802,35,52520,31,137,04/04/2014
33803,61,52521,55,139,11/07/2025
33803,61,55426,132,139,11/07/2025
33803,61,60353,4,139,11/07/2025
33813,15,57638,7,370,11/22/2019
33818,15,57660,6,370,11/22/2019
33820,21,55426,132,389,03/23/2017
33820,21,52508,39,137,04/04/2014
33821,28,55426,132,389,03/15/2017
33821,28,52511,28,137,04/04/2014
33822,70,59330,6,140,02/23/2023
33822,70,52464,65,140,03/02/2023
33822,70,55426,132,140,03/02/2023
33823,26,55426,132,139,03/20/2017
33823,26,52476,27,139,04/04/2014
33824,56,55426,132,139,04/19/2017
33824,56,52474,40,139,04/04/2014
33825,17,55426,132,139,04/19/2017
33825,17,52477,16,139,04/04/2014
33826,22,55426,132,139,03/20/2017
33826,22,52479,73,139,04/04/2014
33827,55,55426,132,139,03/06/2017
33827,55,52480,90,139,04/04/2014
33828,27,55426,132,139,04/24/2017
33828,27,52487,33,139,04/04/2014
33830,22,55426,132,139,05/01/2017
33830,22,52489,24,139,04/04/2014
33831,48,54563,54,139,07/24/2017
33831,48,55426,132,139,05/31/2017
33832,20,55426,132,139,05/02/2017
33832,20,52492,22,139,04/04/2014
33833,26,57666,36,368,12/10/2021
33833,26,58960,7,368,12/10/2021
33906,75,56651,36,368,10/22/2021
33906,75,58928,7,368,10/22/2021
33907,16,57802,16,370,11/22/2019
33912,16,57114,21,370,10/02/2019
33912,23,57114,21,368,07/17/2026
33912,23,60437,4,368,07/17/2026
33922,12,57672,6,370,11/22/2019
33923,14,57115,10,370,10/02/2019
33930,49,57787,47,368,06/21/2024
33930,49,59829,6,368,06/21/2024
33933,30,57788,41,370,11/22/2019
33937,18,57669,10,370,10/25/2019
33937,18,57671,4,370,10/25/2019
33941,23,57188,27,370,10/02/2019
33942,50,57311,35,236,09/20/2019
33943,24,56425,16,228,03/22/2019
33944,27,56439,18,228,03/25/2019
33945,21,56454,12,228,03/28/2019
33946,17,56493,13,228,04/08/2019
33947,25,56451,26,228,03/25/2019
33949,26,56472,23,228,03/28/2019
33950,38,56448,22,228,03/25/2019
33952,20,56452,22,228,03/25/2019
33954,26,56453,12,228,05/15/2019
33958,14,57540,15,370,10/16/2019
33958,14,57535,3,370,10/16/2019
33959,36,56500,39,228,04/08/2019
33960,27,56494,17,228,04/08/2019
33966,18,57118,3,370,10/02/2019
33967,25,57755,18,370,11/22/2019
33975,25,57726,7,368,11/21/2019
33977,18,57633,8,370,10/25/2019
33977,18,57493,3,370,10/25/2019
33979,36,55155,3,345,07/12/2016
33979,36,57162,17,345,09/18/2019
33996,33,56798,29,228,07/16/2020
33996,33,58270,2,228,07/16/2020
33999,21,56457,15,228,03/28/2019
34005,34,56456,32,228,03/29/2019
34007,48,57778,59,368,12/16/2022
34007,48,59285,3,368,12/16/2022
34008,23,56816,16,228,07/31/2019
34010,38,54715,4,345,01/15/2016
34010,38,53079,26,345,07/12/2016
34010,38,57707,14,345,11/08/2019
34018,18,57122,23,368,10/02/2019
34021,18,57657,25,368,11/21/2019
34027,14,57028,4,368,09/18/2019
34027,14,57029,10,368,09/18/2019
34028,16,57025,21,368,01/29/2021
34028,16,58587,5,368,01/29/2021
34032,34,56459,30,240,03/29/2019
34037,22,56464,35,228,09/27/2019
34038,32,57084,15,345,09/14/2019
34040,34,57698,14,357,05/27/2025
34040,34,60189,3,357,05/27/2025
34045,38,56697,44,228,01/31/2025
34045,38,60198,2,228,04/18/2025
34046,29,57040,26,228,09/20/2019
34049,36,57067,34,228,09/13/2019
34051,43,55373,4,345,12/03/2016
34051,43,57719,21,345,11/20/2019
34056,27,56802,18,228,09/20/2019
34061,26,56692,19,228,07/05/2019
34062,42,56460,14,228,03/29/2019
34063,19,57043,24,238,09/06/2019
34064,24,56594,14,228,09/25/2019
34074,39,54643,13,345,08/28/2015
34074,39,54647,3,345,08/31/2015
34074,39,54662,14,345,09/01/2015
34074,39,57194,36,345,09/17/2019
34076,24,55490,4,345,04/27/2017
34076,24,57201,8,345,09/18/2019
34081,26,56461,26,228,10/23/2019
34082,30,57305,14,228,09/20/2019
34084,23,56811,13,228,09/20/2019
34085,18,57050,13,228,09/20/2019
34087,20,57038,16,228,09/20/2019
34090,22,56467,14,228,04/05/2019
34106,47,56573,21,345,11/18/2020
34106,47,58535,3,345,11/18/2020
34149,52,57224,68,364,09/15/2023
34149,52,59531,4,364,09/15/2023
34149,52,59532,4,354,10/16/2025
34163,33,55072,6,364,05/25/2016
34163,33,57683,11,364,11/16/2019
34163,33,55076,6,356,11/11/2025
34171,18,57284,14,228,01/08/2020
34175,32,57069,25,228,09/13/2019
34181,28,57070,16,238,09/18/2019
34183,20,57052,18,228,09/20/2019
34194,27,57190,11,364,09/20/2019
34195,28,56836,18,228,08/01/2019
34196,30,57053,22,228,09/20/2019
34200,30,57044,22,228,09/16/2019
34203,26,57195,29,364,06/09/2023
34203,26,59312,5,364,06/09/2023
34203,26,59413,3,364,06/09/2023
34203,26,59414,3,357,09/16/2025
34209,43,54713,4,364,01/15/2016
34209,43,53084,28,364,07/12/2016
34209,43,57706,14,364,11/08/2019
34209,43,54715,4,359,10/16/2025
34211,40,57701,30,364,02/07/2024
34211,40,59651,2,364,02/07/2024
34211,40,59652,3,357,10/28/2025
34213,56,55555,8,364,05/18/2017
34213,56,57342,31,364,10/03/2019
34213,56,55558,8,353,11/11/2025
34215,59,55933,4,364,04/09/2018
34215,59,57689,44,364,11/26/2019
34218,26,55489,3,360,03/31/2017
34218,26,55490,4,353,09/16/2025
34218,26,57079,15,364,09/18/2019
34220,40,56017,2,364,07/02/2018
34220,40,57206,30,364,09/20/2019
34220,40,56018,2,354,10/28/2025
34228,54,56572,22,364,11/18/2020
34228,54,58534,3,364,11/18/2020
34228,54,58535,3,356,11/11/2025
34233,36,55154,2,364,07/12/2016
34233,36,57161,22,364,09/18/2019
34233,36,55155,3,357,10/28/2025
34246,26,57193,31,228,09/23/2019
34313,18,57181,37,364,09/18/2019
34314,53,54641,13,364,08/28/2015
34314,53,54645,3,364,08/31/2015
34314,53,54660,14,364,09/01/2015
34314,53,57187,39,364,09/17/2019
34315,41,57326,42,364,10/03/2019
34324,38,55553,4,364,05/17/2017
34324,38,57183,23,364,09/19/2019
34324,38,55554,6,357,10/16/2025
34328,44,55530,35,364,06/26/2018
34328,44,56041,3,364,06/26/2018
34328,44,56042,3,353,10/28/2025
34337,23,56809,20,228,09/20/2019
34338,34,57306,44,228,04/06/2023
34338,34,59357,4,228,04/06/2023
34353,35,57065,32,228,09/20/2019
34356,31,56462,32,228,09/23/2019
34372,22,57779,8,368,11/22/2019
34372,22,58258,4,368,06/19/2020
34380,42,56537,41,297,07/25/2019
34393,24,57068,17,228,09/13/2019
34394,27,52417,10,228,03/12/2014
34394,27,56799,29,238,08/05/2019
34399,30,57071,36,228,09/18/2019
34410,46,56605,22,391,12/22/2025
34410,46,60382,5,391,12/22/2025
34411,46,55408,3,374,12/14/2016
34411,46,56503,12,391,04/11/2019
34413,53,53047,17,378,02/15/2016
34413,53,54828,4,378,01/21/2016
34413,53,56613,17,391,05/30/2019
34415,58,56421,40,391,07/07/2022
34415,58,59140,2,391,07/07/2022
34417,57,55517,3,374,04/19/2017
34417,57,56612,35,391,05/29/2019
34419,43,56675,25,391,01/19/2024
34419,43,59635,2,391,01/19/2024
34424,47,56775,24,391,12/06/2024
34424,47,59946,2,391,12/06/2024
34425,43,56729,21,391,12/06/2024
34425,43,59949,2,391,12/06/2024
34426,55,55314,2,378,08/30/2016
34426,55,56774,22,391,07/23/2019
34427,100,53064,87,374,12/01/2016
34427,100,55374,3,374,12/01/2016
34427,100,53053,14,374,12/13/2016
34427,100,53773,20,374,12/13/2016
34428,93,53065,76,226,09/11/2014
34428,93,53773,20,226,09/18/2014
34428,93,53053,14,226,01/21/2015
34429,63,54753,3,374,12/04/2015
34429,63,56868,30,391,08/07/2019
34430,46,55263,3,374,08/12/2016
34430,46,56717,35,391,07/15/2019
34431,60,55534,3,378,05/04/2017
34431,60,56825,20,391,07/31/2019
34433,43,55508,3,374,04/06/2017
34433,43,56769,18,391,07/20/2019
34434,68,56389,36,391,06/24/2022
34434,68,59127,3,391,06/24/2022
34454,67,56212,3,391,12/06/2018
34454,67,55069,26,395,12/18/2018
34454,67,55227,19,391,06/05/2019
34454,67,56632,31,391,06/10/2019
34512,48,56611,15,391,05/29/2019
34513,41,55717,26,378,08/28/2017
34519,33,57440,3,368,10/04/2019
34519,33,57451,38,368,10/04/2019
34519,33,58918,90,368,11/29/2021
34520,32,57780,27,368,11/21/2019
34520,32,58256,3,368,06/19/2020
34521,7,57667,10,368,11/21/2019
34522,29,57647,17,368,10/21/2022
34522,29,59263,6,368,10/21/2022
34526,24,56905,20,143,08/20/2019
34528,38,56908,19,143,08/20/2019
34536,36,56914,19,143,08/20/2019
34537,45,55405,3,378,12/14/2016
34537,45,56497,20,378,04/08/2019
34539,16,57054,12,228,09/20/2019
34540,15,57039,9,228,09/20/2019
34541,21,59287,2,238,12/29/2022
34541,21,56808,15,238,12/29/2022
34544,47,53056,15,227,02/09/2023
34544,47,56669,16,373,06/27/2019
34547,40,53056,15,227,02/09/2023
34547,40,56502,8,373,04/17/2019
34548,43,53056,15,227,02/09/2023
34548,43,56610,13,373,05/29/2019
34548,43,53054,15,227,03/31/2014
34552,40,56673,14,374,07/03/2019
34553,47,56703,17,391,06/24/2024
34553,47,59814,3,391,06/24/2024
34554,34,55995,5,378,07/31/2018
34554,34,56871,19,391,08/07/2019
34558,40,53056,15,227,02/09/2023
34558,40,56679,9,373,06/27/2019
34559,43,53056,15,227,02/09/2023
34559,43,56545,14,373,05/02/2019
34560,76,53053,14,227,03/31/2014
34560,76,53057,67,227,03/31/2014
34561,69,56756,20,373,07/23/2019
34562,45,56641,18,373,06/24/2019
34563,51,53052,48,227,03/31/2014
34564,83,53053,14,227,03/31/2014
34564,83,53058,65,227,03/31/2014
34565,40,56648,19,373,06/24/2019
34567,43,53056,15,227,02/09/2023
34567,43,56639,20,373,06/13/2019
34570,52,56614,23,391,06/05/2019
34573,31,56606,22,391,05/28/2019
34575,43,56215,5,374,12/13/2018
34575,43,55354,35,391,12/13/2018
34576,72,56852,24,391,08/05/2019
34577,64,55336,49,374,05/09/2017
34577,64,55546,3,374,05/09/2017
34578,30,56584,14,391,05/15/2019
34580,57,56718,39,391,08/14/2020
34580,57,58289,2,391,08/14/2020
34594,42,57478,40,143,10/23/2019
34596,52,56900,23,143,08/19/2019
34614,43,56394,32,143,03/19/2019
34615,42,57483,28,143,10/23/2019
34616,44,57480,31,143,10/23/2019
34623,38,57604,16,143,10/30/2019
34624,42,57597,22,143,11/01/2019
34633,54,57117,4,143,12/11/2019
34633,54,56795,34,143,12/16/2019
34633,54,57844,2,143,12/16/2019
34635,37,58775,4,143,09/14/2021
34635,37,57474,34,143,09/22/2021
34635,37,58907,2,143,09/22/2021
34636,38,54953,70,147,12/19/2025
34636,38,57476,22,143,02/02/2021
34641,27,57598,11,143,08/12/2022
34641,27,59237,2,143,08/23/2022
34645,51,59432,4,143,09/14/2023
34645,51,56915,37,143,09/21/2023
34645,51,59562,2,143,09/21/2023
34646,26,57481,12,143,10/23/2019
34648,31,56907,24,143,12/12/2023
34648,31,59561,3,143,12/12/2023
34648,31,59622,2,143,12/20/2023
34658,36,57484,22,143,10/23/2019
34659,32,58466,4,143,12/16/2020
34659,32,56395,18,143,12/22/2020
34659,32,58568,2,143,12/22/2020
34760,27,56916,33,143,08/20/2019
34761,34,57479,18,143,10/24/2019
34771,51,57554,52,143,10/30/2019
34821,21,55426,132,389,05/02/2017
34821,21,52713,18,140,04/04/2014
34823,27,52711,22,388,07/12/2019
34823,27,55426,132,388,07/12/2019
34823,27,56688,7,388,07/12/2019
34824,21,55426,132,140,04/20/2017
34824,21,52712,25,140,04/04/2014
34833,94,56602,39,331,06/06/2019
34859,34,57123,61,368,10/20/2023
34859,34,59568,5,368,10/20/2023
34865,72,56805,41,331,07/31/2019
34869,42,57813,8,394,01/18/2022
34869,42,58977,3,394,01/18/2022
34887,53,52998,50,331,12/10/2021
34887,53,58961,8,331,12/10/2021
34892,123,56670,61,331,06/21/2024
34892,123,59816,6,331,06/21/2024
34912,20,57450,14,368,10/04/2019
34912,20,57439,3,368,10/04/2019
34914,68,56416,42,331,03/22/2019
34924,79,55229,46,331,11/06/2020
34924,79,58378,5,331,11/06/2020
34938,68,57113,44,331,09/20/2019
34961,48,53883,26,331,04/18/2019
34975,67,56773,30,331,07/31/2019
34976,34,58686,3,368,05/21/2021
34976,34,57872,10,368,05/27/2021
34998,33,57072,17,331,10/21/2022
34998,33,59262,7,331,10/21/2022
35000,156,56199,130,297,05/21/2026
35000,156,60451,8,297,05/21/2026
35001,12,56837,18,297,11/01/2019
35003,61,56722,23,331,07/17/2019
35004,23,57618,24,331,01/29/2021
35004,23,58586,6,331,01/29/2021
35006,119,56645,48,331,06/21/2019
35007,81,53252,237,331,11/22/2017
35007,81,57434,35,331,10/11/2019
35010,40,57751,28,331,11/15/2019
35010,50,57751,28,331,07/17/2026
35010,50,60436,4,331,07/17/2026
35013,36,56640,16,331,07/05/2019
35014,39,56224,94,331,01/04/2019
35014,39,55723,44,331,01/04/2019
35016,36,56505,41,331,04/18/2019
35022,67,56422,50,331,03/22/2019
35025,98,53480,14,391,11/27/2023
35025,98,53484,18,391,11/27/2023
35025,98,53538,15,391,11/27/2023
35025,98,53558,29,391,11/27/2023
35025,98,53702,19,391,11/27/2023
35025,98,54472,30,391,05/10/2023
35025,98,54832,14,391,11/27/2023
35025,98,55695,21,391,06/06/2023
35025,98,56072,13,391,08/25/2022
35025,98,56853,102,391,02/16/2022
35025,98,59636,34,391,12/29/2023
35025,98,59678,4,391,02/19/2024
35025,98,53101,46,234,04/04/2014
35025,98,53104,32,234,04/04/2014
35025,98,53105,22,234,04/04/2014
35025,98,53106,16,234,04/04/2014
35025,98,54018,33,234,01/16/2015
35025,98,54021,26,234,01/16/2015
35026,75,56380,56,391,03/07/2019
35028,11,56845,12,297,11/08/2019
35035,74,55817,4,331,12/01/2017
35035,74,56631,19,331,06/20/2019
35038,76,55570,12,331,12/01/2017
35038,76,57600,34,331,10/25/2019
35041,113,54117,88,331,06/23/2016
35048,82,56619,33,392,06/11/2019
35049,58,57361,46,331,10/11/2019
35050,55,56923,16,331,09/06/2019
35062,122,56541,40,331,05/23/2019
35062,122,58917,101,331,12/02/2021
35070,76,54111,50,331,03/23/2018
35073,51,54810,4,378,12/23/2015
35073,51,56962,8,391,08/22/2019
35074,33,58628,5,297,02/19/2021
35074,33,56767,29,297,02/19/2021
35075,35,55124,2,297,06/29/2016
35075,35,56827,17,297,11/01/2019
35076,57,56874,29,297,02/07/2020
35076,57,57921,7,297,02/07/2020
35080,54,58614,3,297,02/19/2021
35080,54,56863,15,297,02/19/2021
35081,85,54095,68,335,10/20/2023
35081,85,59566,7,331,10/20/2023
35083,108,56423,59,335,03/05/2021
35083,108,58661,7,335,03/05/2021
35089,30,57753,12,331,11/15/2019
35090,95,56587,48,331,05/21/2021
35090,95,58771,5,331,05/21/2021
35091,103,56615,36,331,05/21/2021
35091,103,58764,8,331,05/21/2021
35092,78,56682,49,331,07/05/2019
35093,114,56786,77,331,12/16/2022
35093,114,59283,5,331,12/16/2022
35098,28,57668,45,297,11/13/2019
35099,60,56420,16,331,03/22/2019
35101,128,57130,51,331,09/20/2019
35121,35,56902,50,143,01/26/2021
35121,35,57552,19,143,10/30/2019
35121,35,59002,4,143,01/11/2022
35121,35,59812,3,143,05/15/2024
35121,35,59813,6,143,09/26/2024
35124,25,57551,14,143,10/30/2019
35125,77,55578,9,331,09/15/2017
35125,77,53001,45,331,04/12/2019
35130,66,58685,4,331,05/21/2021
35130,66,57752,18,331,05/27/2021
35132,54,53887,3,227,11/04/2014
35132,54,56674,11,373,06/26/2019
35136,37,54980,2,364,03/22/2016
35136,37,57791,12,364,11/20/2019
35136,37,54981,3,354,10/16/2025
35138,43,52996,31,331,04/12/2019
35160,62,54356,26,364,03/02/2023
35160,62,54386,38,364,03/02/2023
35160,62,54418,28,364,03/02/2023
35160,62,54422,21,364,03/02/2023
35160,62,54445,27,364,03/02/2023
35160,62,54480,16,364,03/02/2023
35160,62,54484,13,364,03/02/2023
35160,62,54494,18,364,07/24/2023
35160,62,54498,24,364,03/02/2023
35160,62,54552,3,364,03/02/2023
35160,62,55094,13,360,04/03/2024
35160,62,55711,24,364,03/02/2023
35160,62,56103,14,364,09/26/2023
35160,62,57526,93,364,03/02/2023
35160,62,57842,11,360,03/18/2024
35160,62,59641,35,360,03/06/2024
35160,62,54553,3,353,02/09/2026
35163,29,55684,5,364,08/11/2017
35163,29,57221,25,364,09/20/2019
35163,29,55685,5,356,10/16/2025
35170,60,60365,3,364,12/29/2025
35170,60,57185,43,364,12/29/2025
35172,72,57186,43,345,12/29/2025
35172,72,60366,4,345,12/29/2025
35175,64,56067,9,345,08/16/2018
35175,64,57215,41,345,09/19/2019
35222,25,57589,16,143,11/26/2019
35249,20,56567,7,228,11/07/2023
35249,20,57663,14,228,10/22/2019
35350,60,57414,30,331,10/11/2019
35391,17,56848,16,331,08/16/2019
35395,48,54954,28,331,05/05/2016
35396,220,52986,242,331,10/23/2020
35396,220,58529,4,331,10/23/2020
35397,64,52992,30,331,10/04/2016
35434,30,53252,237,331,09/27/2018
35434,30,57205,39,331,10/18/2019
35442,26,56998,10,238,09/03/2019
35451,53,52993,54,331,12/08/2023
35451,53,53252,237,331,11/15/2023
35451,53,59601,3,331,12/08/2023
35451,53,60315,4,331,03/26/2026
35456,66,56034,42,364,07/14/2022
35456,66,59151,4,364,07/14/2022
35456,66,59155,3,357,03/05/2026
35457,64,52725,38,345,07/14/2022
35457,64,59155,3,345,07/14/2022
35486,22,57595,20,143,11/01/2019
35490,85,54953,70,147,12/19/2025
35490,85,56902,50,143,05/06/2022
35490,85,57552,19,143,10/16/2025
35490,85,57944,25,143,04/12/2022
35490,85,58209,9,143,10/11/2022
35490,85,58213,16,143,04/12/2022
35490,85,58471,10,143,04/12/2022
35490,85,58473,11,143,04/12/2022
35490,85,59002,4,143,04/12/2022
35490,85,59090,2,143,04/20/2022
35494,28,57477,15,143,10/23/2019
35498,30,57482,25,143,10/23/2019
35526,43,57083,14,364,09/13/2019
35677,88,55406,3,374,12/14/2016
35677,88,56432,25,391,04/03/2019
35702,32,56514,25,364,05/06/2019
35704,22,56515,21,345,05/06/2019
35724,80,54799,67,391,08/18/2023
35724,80,59501,2,391,08/18/2023
35751,50,54400,2,143,06/10/2015
35751,50,57594,22,143,10/30/2019
35753,40,54398,2,143,06/10/2015
35753,40,57592,19,143,10/30/2019
35755,35,54402,2,143,06/10/2015
35755,35,57591,25,143,10/30/2019
35761,40,54399,2,143,06/10/2015
35761,40,57593,17,143,10/30/2019
35891,35,54137,2,228,03/31/2015
35891,35,56779,25,228,07/26/2019
35897,32,55432,2,228,01/13/2017
35897,32,57307,38,228,09/20/2019
35906,25,54139,3,228,03/31/2015
35906,25,57041,21,228,09/20/2019
35922,44,56838,13,391,05/21/2024
35922,44,59755,4,391,05/21/2024
35936,59,57826,37,297,06/03/2024
35936,59,59773,3,297,06/03/2024
35974,28,54566,4,234,07/29/2015
35974,28,56941,7,378,08/19/2019
35984,22,54586,2,228,08/05/2015
35984,22,56980,12,228,08/29/2019
35986,38,59295,6,228,04/16/2025
35986,38,59791,4,228,04/16/2025
35986,38,59292,6,228,05/12/2025
35998,36,54562,3,143,07/22/2015
35998,36,57590,15,143,10/30/2019
36000,21,54694,2,143,10/12/2015
36000,21,57596,19,143,10/30/2019
36007,65,56796,31,331,08/01/2019
36021,49,54185,20,228,08/07/2015
36021,49,54186,21,228,08/07/2015
36021,49,54187,23,228,08/07/2015
36021,49,54188,33,228,08/07/2015
36021,49,54189,14,228,08/07/2015
36021,49,54191,27,228,08/07/2015
36021,49,54192,22,228,08/07/2015
36021,49,54193,17,228,08/07/2015
36021,49,54194,23,228,08/07/2015
36021,49,54195,22,228,08/07/2015
36021,49,54196,20,228,08/07/2015
36021,49,54197,20,228,08/07/2015
36021,49,54198,24,228,08/07/2015
36021,49,54199,15,228,08/07/2015
36021,49,54200,17,228,08/07/2015
36021,49,54201,19,228,08/07/2015
36021,49,54209,13,228,08/07/2015
36021,49,54241,16,228,08/07/2015
36021,49,54242,17,228,08/07/2015
36021,49,54243,15,228,08/07/2015
36021,49,54244,17,228,08/07/2015
36021,49,54253,19,228,08/07/2015
36021,49,54254,17,228,08/07/2015
36021,49,54255,17,228,08/07/2015
36021,49,54256,15,228,08/07/2015
36021,49,54257,14,228,08/07/2015
36021,49,54262,17,228,08/07/2015
36021,49,54263,17,228,08/07/2015
36021,49,54264,21,228,08/07/2015
36021,49,54265,16,228,08/07/2015
36021,49,54266,15,228,08/07/2015
36021,49,54267,20,228,08/07/2015
36021,49,54268,17,228,08/07/2015
36021,49,54269,14,228,08/07/2015
36021,49,54270,16,228,08/07/2015
36021,49,54271,19,228,08/07/2015
36021,49,54272,15,228,08/07/2015
36021,49,54273,20,228,08/07/2015
36021,49,54274,20,228,08/07/2015
36021,49,54275,16,228,08/07/2015
36021,49,54276,15,228,08/07/2015
36021,49,54277,18,228,08/07/2015
36021,49,54278,17,228,08/07/2015
36021,49,54279,11,228,08/07/2015
36021,49,54281,21,228,08/07/2015
36021,49,54282,14,228,08/07/2015
36021,49,54283,15,228,08/07/2015
36021,49,54284,19,228,08/07/2015
36021,49,54285,19,228,08/07/2015
36021,49,54288,15,228,08/07/2015
36021,49,54290,19,228,08/07/2015
36021,49,54291,20,228,08/07/2015
36021,49,54292,16,228,08/07/2015
36021,49,54293,18,228,08/07/2015
36021,49,54295,27,228,08/07/2015
36021,49,54296,18,228,08/07/2015
36021,49,54297,18,228,08/07/2015
36021,49,54299,18,228,08/07/2015
36021,49,54300,16,228,08/07/2015
36021,49,54584,2,228,08/05/2015
36021,49,54688,23,228,06/15/2020
36021,49,54830,9,228,01/12/2016
36021,49,54901,27,228,08/17/2020
36021,49,55716,11,228,08/23/2017
36021,49,55851,11,228,09/15/2022
36021,49,56106,14,228,06/28/2022
36021,49,56307,11,228,08/17/2020
36021,49,56973,69,228,08/28/2019
36021,49,59646,19,228,03/13/2024
36021,49,59698,3,238,04/05/2024
36029,44,56818,55,228,08/24/2023
36029,44,59496,2,228,09/05/2023
36039,13,54693,3,297,10/08/2015
36039,13,57428,10,297,10/04/2019
36044,59,53531,22,378,07/13/2017
36044,59,56959,31,391,08/21/2019
36089,30,54849,3,378,01/26/2016
36089,30,56899,11,391,08/13/2019
36094,58,55934,4,345,04/09/2018
36094,58,57690,39,345,11/26/2019
36113,25,54607,2,228,08/14/2015
36113,25,56983,12,238,08/29/2019
36117,36,54612,4,228,08/14/2015
36117,36,56999,31,238,09/03/2019
36125,40,56949,7,374,08/19/2019
36129,54,53605,21,378,01/14/2016
36129,54,56943,17,391,08/19/2019
36139,31,54610,3,228,08/14/2015
36139,31,54685,17,228,01/12/2016
36139,31,54988,2,228,04/06/2016
36139,31,57386,21,228,09/26/2019
36155,23,54893,4,364,02/03/2016
36155,23,57423,16,364,10/08/2019
36155,23,54894,4,353,01/28/2026
36159,22,54894,4,345,02/03/2016
36159,22,57424,14,345,10/08/2019
36180,37,54927,3,364,02/17/2016
36180,37,55595,17,364,09/28/2017
36180,37,57421,37,364,10/09/2019
36186,37,54916,2,345,02/17/2016
36186,37,55600,17,345,09/28/2017
36186,37,57422,33,345,10/09/2019
36188,26,54895,2,360,02/05/2016
36188,26,57432,12,364,10/08/2019
36188,26,54896,3,357,01/28/2026
36192,25,54896,3,351,02/05/2016
36192,25,57433,14,345,10/08/2019
36204,23,54981,3,345,03/22/2016
36204,23,57792,12,345,11/20/2019
36236,18,54403,2,269,06/16/2015
36236,18,57024,16,297,09/06/2019
36240,57,59574,4,331,02/09/2024
36240,57,56538,27,331,02/09/2024
36240,57,53049,99,331,03/22/2024
36241,98,56558,86,331,05/21/2021
36241,98,58750,11,331,05/21/2021
36256,54,54358,25,345,03/02/2023
36256,54,54388,35,345,03/02/2023
36256,54,54420,28,345,03/02/2023
36256,54,54424,20,345,03/02/2023
36256,54,54447,26,345,03/02/2023
36256,54,54482,16,345,03/02/2023
36256,54,54486,13,345,03/02/2023
36256,54,54496,17,345,07/24/2023
36256,54,54500,24,345,03/02/2023
36256,54,54554,3,345,03/02/2023
36256,54,55095,13,345,04/03/2024
36256,54,55712,22,345,03/02/2023
36256,54,56104,17,345,07/25/2023
36256,54,57527,84,345,03/02/2023
36256,54,57843,12,345,03/18/2024
36256,54,59642,32,345,03/06/2024
36267,44,54516,48,140,09/22/2015
36267,44,55426,132,140,03/09/2017
36286,22,57191,10,345,09/20/2019
36335,25,55048,2,364,04/29/2016
36335,25,57486,10,364,10/28/2019
36335,25,55049,3,353,02/09/2026
36339,26,55049,3,345,04/29/2016
36339,26,57487,10,345,10/28/2019
36351,42,57611,16,364,09/09/2025
36351,42,60312,3,364,09/09/2025
36353,38,57614,15,345,09/09/2025
36353,38,60320,3,345,09/09/2025
36358,39,54975,17,364,03/23/2016
36358,39,54978,3,364,03/23/2016
36358,39,57037,24,364,09/17/2019
36358,39,54979,4,357,01/28/2026
36362,34,54976,16,345,03/23/2016
36362,34,54979,4,345,03/23/2016
36362,34,57055,21,345,09/17/2019
36377,7,55813,3,368,11/16/2017
36377,7,57680,9,368,11/21/2019
36380,27,57363,14,364,10/08/2019
36386,24,57364,14,345,10/08/2019
36393,37,57077,29,368,10/02/2019
36400,20,54920,2,143,02/16/2016
36400,20,57571,9,143,11/15/2019
36402,35,54842,2,143,01/18/2016
36402,35,57473,33,143,10/25/2019
36406,10,54860,3,297,02/05/2016
36406,10,57431,14,297,10/04/2019
36408,34,60276,3,143,09/03/2025
36408,34,60319,2,143,09/03/2025
36425,21,54790,2,228,12/14/2015
36425,21,56989,11,238,08/29/2019
36427,38,55511,3,374,04/11/2017
36427,38,56727,21,391,07/16/2019
36460,25,54777,2,228,12/09/2015
36460,25,57132,19,228,09/23/2019
36464,27,55434,3,378,01/13/2017
36464,27,56857,7,374,08/06/2019
36469,24,57047,11,228,10/13/2022
36469,24,59253,2,228,10/13/2022
36485,23,55435,2,228,01/13/2017
36485,23,56881,10,228,08/08/2019
36499,28,55806,3,368,11/11/2017
36499,28,57449,24,368,10/04/2019
36499,28,57438,4,368,10/04/2019
36523,35,55003,2,143,04/13/2016
36523,35,55235,15,143,11/13/2019
36523,35,57559,20,143,11/14/2019
36524,43,54969,52,364,04/09/2016
36524,43,54990,4,364,04/09/2016
36524,43,54991,4,357,10/28/2025
36526,33,54991,4,345,04/09/2016
36526,33,54992,43,345,04/09/2016
36538,22,55053,2,364,05/10/2016
36538,22,55056,14,364,05/10/2016
36538,22,57615,6,364,10/24/2019
36538,22,55055,2,354,10/16/2025
36544,21,57465,9,345,10/09/2019
36551,21,57441,8,364,10/08/2019
36569,19,55057,13,345,05/10/2016
36569,19,55055,2,345,05/10/2016
36569,19,57616,6,345,10/24/2019
36573,17,55076,6,345,05/25/2016
36573,17,57684,11,345,11/16/2019
36575,21,55079,5,364,05/25/2016
36575,21,57685,15,364,11/19/2019
36575,21,55077,5,354,11/11/2025
36577,17,55077,5,345,05/25/2016
36577,17,57686,12,345,11/19/2019
36593,37,55005,3,374,04/20/2016
36593,37,55958,6,378,06/14/2018
36593,37,56006,19,378,06/11/2018
36593,37,56995,15,391,09/03/2019
36658,22,55313,2,228,08/30/2016
36658,22,55315,17,228,08/31/2016
36665,19,56105,3,378,08/23/2018
36665,19,56957,9,391,08/21/2019
36668,45,59963,2,364,12/23/2024
36668,45,55001,69,364,12/23/2024
36668,45,59964,2,353,09/16/2025
36675,19,55305,2,228,08/23/2016
36675,19,57034,11,238,09/05/2019
36678,33,55457,7,364,03/16/2017
36678,33,55028,45,364,03/16/2017
36680,26,55458,7,345,03/16/2017
36680,26,55029,36,345,03/16/2017
36690,38,55276,2,228,08/16/2016
36690,38,56696,43,228,07/05/2019
36692,27,55372,4,364,12/03/2016
36692,27,57718,20,364,11/20/2019
36692,27,55373,4,353,09/16/2025
36700,16,55362,3,345,01/10/2017
36700,16,57198,27,345,09/20/2019
36702,20,55361,3,364,01/10/2017
36702,20,57189,28,364,09/20/2019
36702,20,55362,3,359,10/16/2025
36704,23,57515,12,364,10/29/2019
36704,23,55470,3,364,12/15/2022
36704,23,55471,3,357,10/28/2025
36706,23,57609,11,345,10/29/2019
36706,23,55471,3,345,12/15/2022
36707,40,55030,63,357,12/23/2024
36707,40,59964,2,357,12/23/2024
36715,58,56542,18,331,05/23/2019
36761,20,56089,3,378,08/15/2018
36761,20,56872,10,391,08/08/2019
36767,27,55856,3,368,01/03/2018
36767,27,57056,44,368,10/02/2019
36797,22,55400,3,143,12/13/2016
36797,22,57581,7,143,11/26/2019
36805,27,55136,19,143,05/13/2024
36805,27,57733,12,143,05/21/2024
36805,27,59801,2,143,05/21/2024
36807,45,55137,14,143,12/09/2016
36807,45,55138,14,143,12/09/2016
36807,45,55139,19,143,12/09/2016
36807,45,55141,20,143,12/09/2016
36807,45,55142,17,143,12/09/2016
36807,45,55143,16,143,12/09/2016
36807,45,55144,18,143,12/09/2016
36807,45,55145,18,143,12/09/2016
36807,45,55146,17,143,12/09/2016
36807,45,55147,30,143,12/09/2016
36807,45,55148,16,143,12/09/2016
36807,45,55156,12,143,12/09/2016
36807,45,55157,20,143,12/09/2016
36807,45,55159,22,143,12/09/2016
36807,45,55160,17,143,12/09/2016
36807,45,55161,23,143,12/09/2016
36807,45,55162,20,143,12/09/2016
36807,45,55163,21,143,12/09/2016
36807,45,55164,14,143,12/09/2016
36807,45,55165,14,143,12/09/2016
36807,45,55166,20,143,12/09/2016
36807,45,55167,12,143,12/09/2016
36807,45,55168,17,143,12/09/2016
36807,45,55169,15,143,12/09/2016
36807,45,55170,17,143,12/09/2016
36807,45,55171,14,143,12/09/2016
36807,45,55172,15,143,12/09/2016
36807,45,55173,14,143,12/09/2016
36807,45,55174,14,143,12/09/2016
36807,45,55175,25,143,12/09/2016
36807,45,55176,17,143,12/09/2016
36807,45,55189,17,143,12/09/2016
36807,45,55190,14,143,12/09/2016
36807,45,55191,19,143,12/09/2016
36807,45,55192,23,143,12/09/2016
36807,45,55193,15,143,12/09/2016
36807,45,55195,17,143,12/09/2016
36807,45,55197,35,143,12/09/2016
36807,45,55198,22,143,12/09/2016
36807,45,55199,16,143,12/09/2016
36807,45,55200,37,143,12/09/2016
36807,45,55201,12,143,12/09/2016
36807,45,55202,14,143,12/09/2016
36807,45,55203,16,143,12/09/2016
36807,45,55204,20,143,12/09/2016
36807,45,55205,22,143,12/09/2016
36807,45,55206,18,143,12/09/2016
36807,45,55207,12,143,12/09/2016
36807,45,55208,22,143,12/09/2016
36807,45,55209,20,143,12/09/2016
36807,45,55210,15,143,12/09/2016
36807,45,55211,14,143,12/09/2016
36807,45,55221,23,143,12/09/2016
36807,45,55222,13,143,12/09/2016
36807,45,55223,12,143,12/09/2016
36807,45,55230,18,143,12/09/2016
36807,45,55231,17,143,12/09/2016
36807,45,55232,14,143,12/09/2016
36807,45,55233,21,143,12/09/2016
36807,45,55234,12,143,12/09/2016
36807,45,55391,2,143,12/12/2016
36807,45,55621,17,143,06/20/2017
36807,45,55622,14,143,06/20/2017
36807,45,55738,17,143,09/18/2017
36807,45,55846,15,143,03/19/2018
36807,45,57772,81,143,12/13/2019
36807,45,59649,30,143,01/04/2024
36807,45,59700,5,143,02/12/2026
36811,16,55401,2,143,12/13/2016
36811,16,57560,10,143,11/27/2019
36815,26,55397,2,143,12/13/2016
36815,26,57570,29,143,11/27/2019
36815,26,55233,21,143,11/27/2019
36831,35,55475,3,297,03/17/2017
36831,35,57060,12,297,10/11/2019
36839,23,54953,70,147,12/19/2025
36839,23,55381,2,143,12/07/2016
36839,23,56903,15,143,08/20/2019
36846,21,57612,8,364,10/22/2019
36850,25,55421,9,269,03/07/2017
36850,25,57452,46,297,11/15/2019
36857,17,57613,8,345,10/31/2019
36859,27,57702,23,345,02/07/2024
36859,27,59652,3,345,02/07/2024
36861,25,60188,3,364,05/27/2025
36861,25,57697,16,364,05/27/2025
36861,25,60189,3,357,09/16/2025
36864,21,55527,5,364,06/01/2017
36864,21,57237,11,364,09/19/2019
36864,21,55528,5,353,10/16/2025
36866,18,55528,5,345,06/01/2017
36866,18,57238,10,345,09/19/2019
36868,25,55558,8,345,05/18/2017
36868,25,57343,31,345,10/03/2019
36889,25,55554,6,345,05/17/2017
36889,25,57184,22,345,09/19/2019
36902,16,55430,2,228,01/10/2017
36902,16,57049,13,228,12/09/2019
36906,20,55427,2,228,01/10/2017
36906,20,56465,16,228,08/29/2019
36912,30,55433,3,378,01/13/2017
36912,30,56870,7,374,08/08/2019
36920,107,56681,34,331,10/22/2021
36920,107,58926,8,331,10/22/2021
36941,22,57619,8,364,11/11/2019
36947,21,57620,9,345,11/11/2019
36951,20,55436,2,228,01/13/2017
36951,20,56887,11,238,08/09/2019
36975,24,55429,3,228,01/10/2017
36975,24,55451,2,228,01/23/2017
36975,24,56471,18,228,03/28/2019
37001,21,55535,2,143,05/15/2017
37001,21,57577,7,143,11/26/2019
37003,14,55536,2,143,05/15/2017
37003,14,57575,9,143,11/14/2019
37011,24,57587,9,143,11/21/2019
37015,27,55533,2,143,05/15/2017
37015,27,57599,14,143,10/30/2019
37020,26,55685,5,345,08/11/2017
37020,26,57222,21,345,09/20/2019
37022,30,55537,3,378,05/15/2017
37022,30,55709,11,391,10/29/2019
37027,20,57196,22,345,06/09/2023
37027,20,59313,5,345,06/09/2023
37027,20,59414,3,345,06/09/2023
37031,35,55557,3,378,05/17/2017
37031,35,56929,15,391,08/15/2019
37033,30,55538,3,378,05/16/2017
37033,30,56906,13,391,08/13/2019
37054,22,55661,3,364,07/25/2017
37054,22,57356,14,364,10/07/2019
37054,22,55662,3,356,10/28/2025
37062,25,55662,3,345,07/25/2017
37062,25,57357,16,345,10/07/2019
37066,31,55769,14,364,10/21/2017
37068,23,55770,11,345,10/21/2017
37070,26,55657,4,364,07/20/2017
37070,26,57621,17,364,11/11/2019
37070,26,55659,2,357,01/28/2026
37072,25,55659,2,345,07/20/2017
37072,25,57622,17,345,11/11/2019
37086,27,57692,11,364,06/28/2023
37086,27,59443,3,364,06/28/2023
37086,27,59444,3,353,09/16/2025
37088,22,57693,12,345,06/28/2023
37088,22,59444,3,345,06/28/2023
37126,22,55560,3,228,05/18/2017
37126,22,55715,12,228,08/23/2017
37130,21,55561,2,228,05/18/2017
37130,21,56981,16,228,08/29/2019
37166,23,55757,5,368,09/28/2017
37166,23,55818,26,368,11/27/2017
37166,23,58303,3,368,07/22/2020
37176,57,56748,31,391,12/13/2022
37176,57,59284,2,391,12/13/2022
37176,57,54682,34,391,12/29/2022
37199,16,55648,2,143,07/21/2017
37199,16,57583,9,143,11/18/2019
37205,15,55639,51,143,07/18/2017
37205,15,55641,2,143,07/18/2017
37210,21,55643,2,143,07/19/2017
37210,21,57566,13,143,12/17/2019
37216,23,55644,2,143,07/19/2017
37216,23,57558,11,143,11/18/2019
37228,24,55910,2,143,12/11/2019
37228,24,55909,46,143,12/17/2019
37228,24,57846,4,143,12/17/2019
37244,41,56588,33,297,09/23/2024
37244,41,59912,3,297,09/23/2024
37254,16,55737,3,228,11/08/2017
37254,16,56455,12,228,03/29/2019
37260,27,55680,3,378,08/04/2017
37260,27,56933,9,391,08/15/2019
37264,21,56963,12,391,05/13/2021
37264,21,58696,2,391,05/13/2021
37281,23,56018,2,345,07/02/2018
37281,23,57207,33,345,09/20/2019
37283,23,57327,36,345,10/03/2019
37293,28,57225,52,345,09/15/2023
37293,28,59532,4,345,09/15/2023
37295,22,57607,15,360,05/19/2021
37295,22,58783,4,360,05/19/2021
37295,22,58786,4,353,01/28/2026
37299,30,55778,4,364,12/01/2017
37299,30,57516,12,364,10/29/2019
37299,30,55779,4,353,02/09/2026
37311,21,57608,16,345,05/19/2021
37311,21,58786,4,345,05/19/2021
37313,28,55779,4,345,12/01/2017
37313,28,57517,13,345,10/29/2019
37352,25,55736,2,228,11/08/2017
37352,25,56940,11,238,08/19/2019
37356,17,58708,3,228,05/13/2021
37356,17,56997,18,228,05/13/2021
37360,22,55531,34,345,06/26/2018
37360,22,56042,3,345,06/26/2018
37371,42,53252,237,331,11/20/2017
37371,42,55809,11,331,12/01/2017
37371,42,56672,16,331,07/03/2019
37373,41,56061,13,364,08/16/2018
37373,41,57204,45,364,09/19/2019
37373,41,56067,9,357,10/28/2025
37379,42,55668,3,374,07/26/2017
37379,42,56625,36,391,06/06/2019
37387,25,55677,3,378,08/03/2017
37387,25,56616,11,394,06/03/2019
37398,21,55827,3,368,12/06/2017
37398,21,57677,14,368,11/21/2019
37421,37,57435,27,297,01/08/2026
37421,37,60386,2,297,01/08/2026
37475,18,55672,26,297,12/28/2018
37475,18,56252,2,297,12/28/2018
37502,21,55675,25,364,12/21/2018
37502,21,56240,8,364,12/21/2018
37502,21,56241,8,353,10/16/2025
37504,17,55676,24,345,12/21/2018
37504,17,56241,8,345,12/21/2018
37531,20,56866,21,391,09/24/2024
37531,20,59917,3,391,09/24/2024
37531,20,56613,17,391,09/24/2024
37535,19,55852,6,297,02/02/2018
37535,19,57736,18,297,11/08/2019
37537,20,56235,2,143,12/18/2018
37537,20,55703,27,143,12/18/2018
37539,17,55879,2,143,01/22/2018
37539,17,57588,11,143,11/26/2019
37547,22,55936,2,364,04/19/2018
37547,22,57497,15,364,10/15/2019
37547,22,55938,2,357,11/11/2025
37549,22,55938,2,345,04/19/2018
37549,22,57498,14,345,10/15/2019
37561,20,55830,3,368,12/06/2017
37561,20,57682,6,368,11/21/2019
37564,12,56263,7,368,01/04/2019
37564,12,56666,19,368,06/21/2019
37564,12,57396,3,368,09/27/2019
37575,22,56159,23,228,12/14/2018
37575,22,56239,3,228,12/17/2018
37578,30,56491,25,228,09/27/2024
37578,30,59910,4,228,09/27/2024
37578,30,56453,12,228,09/27/2024
37581,24,56143,5,378,10/10/2018
37581,24,56948,23,378,08/19/2019
37598,21,56177,2,228,10/24/2018
37598,21,56988,17,238,08/29/2019
37602,18,56329,4,378,02/21/2019
37602,18,56913,13,378,08/13/2019
37606,18,56793,35,297,05/21/2025
37606,18,59984,3,297,05/21/2025
37608,22,56354,3,239,03/15/2019
37608,22,56926,17,228,08/14/2019
37616,16,56211,2,364,12/19/2018
37616,16,57643,20,364,10/23/2019
37616,16,56213,3,357,09/16/2025
37618,16,56213,3,345,12/19/2018
37618,16,57644,17,345,10/24/2019
37620,16,56446,4,364,04/03/2019
37620,16,57661,17,364,10/24/2019
37620,16,56447,5,352,10/28/2025
37622,18,56447,5,345,04/03/2019
37622,18,57662,15,345,10/24/2019
37628,24,56071,23,364,08/14/2018
37628,24,56076,5,364,08/16/2018
37628,24,56077,5,357,10/16/2025
37630,21,56073,22,345,08/14/2018
37630,21,56077,5,345,08/16/2018
37632,26,56876,18,391,08/14/2019
37633,26,56685,17,391,07/02/2019
37638,31,56562,33,391,05/09/2019
37641,16,56607,19,391,05/28/2019
37642,18,56731,16,391,07/17/2019
37643,24,56680,44,391,07/16/2019
37644,22,56792,11,391,07/31/2019
37663,20,58203,4,143,05/04/2021
37663,20,57567,14,143,05/10/2021
37663,20,58752,2,143,05/10/2021
37725,44,56961,18,391,05/13/2022
37725,44,59070,4,391,05/13/2022
37729,25,57512,19,364,06/09/2023
37729,25,59419,2,364,06/09/2023
37729,25,59420,2,357,09/16/2025
37738,23,57513,16,345,06/09/2023
37738,23,59420,2,345,06/09/2023
37748,31,59135,3,345,06/16/2022
37748,31,57290,18,345,06/16/2022
37750,32,59134,3,364,06/16/2022
37750,32,57268,21,364,06/16/2022
37750,32,59135,3,353,01/28/2026
37761,23,56690,18,391,04/10/2024
37761,23,59702,4,391,04/10/2024
37772,14,56399,2,143,03/19/2019
37772,14,57576,11,143,11/21/2019
37774,15,56149,3,391,09/27/2018
37774,15,56384,7,391,03/08/2019
37779,16,56088,3,374,07/31/2018
37779,16,56684,17,391,07/01/2019
37790,21,58323,13,228,01/15/2021
37790,21,58563,3,228,01/15/2021
37792,16,56653,15,331,11/08/2019
37792,16,57322,4,331,11/08/2019
37792,16,57729,4,331,11/08/2019
37794,23,56875,11,391,03/10/2021
37794,23,58629,2,391,03/10/2021
37798,13,57764,4,368,11/15/2019
37798,13,57763,3,368,11/15/2019
37798,13,56287,18,368,11/21/2019
37800,19,57678,11,368,02/09/2024
37800,19,59575,4,368,02/09/2024
37800,19,59576,8,368,03/22/2024
37810,26,56867,45,297,08/09/2019
37810,26,58984,4,297,02/02/2022
37822,19,57773,17,364,03/16/2021
37822,19,58669,4,364,03/16/2021
37822,19,58670,4,353,01/28/2026
37824,19,57774,16,345,03/16/2021
37824,19,58670,4,345,03/16/2021
37826,28,56393,2,391,03/13/2019
37826,28,56390,11,391,03/13/2019
37832,23,56884,13,228,03/10/2021
37832,23,58647,3,228,03/10/2021
37848,18,56396,11,391,03/13/2019
37848,18,56397,2,391,03/13/2019
37857,20,56315,3,378,02/20/2019
37857,20,56898,15,378,08/13/2019
37863,25,56401,2,391,03/14/2019
37863,25,56419,20,391,03/19/2019
37870,19,56344,2,378,02/21/2019
37870,19,56924,11,378,08/14/2019
37873,18,56392,3,391,03/13/2019
37873,18,56431,6,391,03/21/2019
37887,25,56375,3,364,03/27/2019
37887,25,57419,16,364,10/08/2019
37887,25,56376,3,357,01/28/2026
37891,24,56376,3,345,03/27/2019
37891,24,57420,15,345,10/08/2019
37893,30,56414,41,331,11/06/2020
37893,30,58394,7,331,11/06/2020
37897,18,56411,4,364,04/11/2019
37897,18,57664,11,364,10/24/2019
37899,14,56410,6,345,04/11/2019
37899,14,57665,10,345,10/24/2019
37903,18,56374,3,228,03/21/2019
37903,18,56982,15,228,08/29/2019
37905,18,56366,3,228,03/29/2019
37905,18,56985,15,228,08/29/2019
37913,17,56335,14,143,03/09/2021
37913,17,58201,4,143,03/02/2021
37913,17,58676,2,143,11/24/2021
37919,12,56402,2,143,03/20/2019
37919,12,57568,11,143,11/15/2019
37921,18,56336,2,143,02/19/2019
37921,18,56333,11,143,02/19/2019
38014,9,56248,12,297,06/05/2019
38014,9,56529,4,297,06/05/2019
38016,21,57165,15,228,05/13/2022
38016,21,59084,4,228,05/13/2022
38018,18,58763,4,143,05/03/2022
38018,18,56636,20,143,05/10/2022
38018,18,59117,2,143,05/10/2022
38026,30,56968,2,391,08/28/2019
38033,13,57010,3,391,09/04/2019
38033,13,57021,19,378,09/12/2019
38043,14,57867,33,391,12/12/2019
38043,14,57866,2,391,12/12/2019
38045,17,57831,30,391,03/24/2021
38045,17,54795,42,391,03/24/2021
38045,17,57830,4,391,06/17/2021
38047,13,57837,30,391,12/02/2019
38047,13,57836,3,391,12/02/2019
38047,13,54795,42,391,07/15/2020
38051,17,57868,4,391,12/16/2019
38051,17,57869,4,391,12/20/2019
38065,12,57917,32,228,06/04/2020
38065,12,57918,4,228,06/04/2020
38067,13,57870,26,228,12/18/2019
38067,13,57876,4,228,12/18/2019
38070,12,57877,4,228,12/18/2019
38070,12,57873,31,228,12/18/2019
38111,10,57915,10,228,02/05/2020
38111,10,57916,4,228,02/05/2020
38119,11,55624,34,364,05/25/2021
38119,11,57901,27,364,03/26/2020
38119,11,57904,5,364,03/26/2020
38119,11,57906,4,353,02/09/2026
38121,11,56518,28,345,05/25/2021
38121,11,57905,28,345,03/26/2020
38121,11,57906,4,345,03/26/2020
38123,12,55624,34,364,05/25/2021
38123,12,57891,39,364,03/26/2020
38123,12,57894,4,364,03/26/2020
38123,12,57909,4,353,02/09/2026
38125,11,56518,28,345,05/25/2021
38125,11,57892,37,345,03/26/2020
38125,11,57909,4,345,03/26/2020
38151,9,58052,9,364,04/16/2020
38151,9,58072,4,364,04/16/2020
38153,8,58053,8,345,04/16/2020
38153,8,58073,4,345,04/16/2020
38158,9,55197,35,143,02/08/2022
38158,9,57858,30,143,12/17/2019
38158,9,57861,2,143,12/17/2019
38168,11,57936,33,143,01/22/2020
38168,11,57935,2,143,01/22/2020
38176,13,55197,35,143,02/08/2022
38176,13,57878,26,143,12/18/2019
38176,13,57879,2,143,12/18/2019
38178,11,57983,6,143,02/19/2020
38178,11,57979,2,143,02/19/2020
38201,25,58462,5,238,03/04/2021
38201,25,57282,18,238,03/04/2021
38201,25,56951,5,228,03/05/2021
38211,17,56910,9,143,08/21/2019
38211,17,56917,2,143,08/21/2019
38213,13,57631,2,143,10/22/2019
38213,13,57630,11,143,10/22/2019
38223,19,56633,47,331,11/08/2019
38223,19,57314,3,331,11/08/2019
38223,19,57735,7,331,11/08/2019
38227,19,56638,37,370,08/26/2022
38227,19,59195,5,370,08/26/2022
38229,27,56642,47,335,08/26/2022
38229,27,59197,7,335,08/26/2022
38231,19,56644,29,368,11/06/2020
38231,19,58531,4,368,11/06/2020
38233,6,56647,32,368,11/08/2019
38233,6,57739,3,368,11/08/2019
38233,6,57740,2,368,11/08/2019
38238,13,58031,11,391,04/23/2020
38238,13,58030,5,391,04/23/2020
38240,26,58308,18,391,09/02/2020
38240,26,58306,2,391,09/02/2020
38249,22,57155,15,238,09/09/2020
38249,22,58452,3,238,09/09/2020
38268,11,57160,13,228,02/14/2020
38268,11,57929,3,228,02/07/2020
38274,10,58017,55,391,04/10/2020
38274,10,58016,4,391,04/10/2020
38276,12,58075,24,391,05/01/2020
38276,12,58070,2,391,05/01/2020
38278,35,58406,26,391,06/11/2025
38278,35,60200,5,391,06/11/2025
38284,13,58038,10,228,06/04/2020
38284,13,58039,4,228,06/04/2020
38288,11,57141,47,228,04/17/2020
38288,11,58040,2,228,04/17/2020
38292,17,58343,11,391,09/14/2020
38292,17,58344,3,391,09/14/2020
38294,24,58157,4,391,06/05/2020
38294,24,58318,65,391,07/20/2020
38299,26,57863,41,364,09/17/2024
38299,26,59896,4,364,09/17/2024
38299,26,59897,4,357,10/28/2025
38301,26,57864,36,357,09/17/2024
38301,26,59897,4,357,09/17/2024
38303,13,58371,12,228,09/14/2020
38303,13,58368,3,228,09/14/2020
38307,14,57149,20,228,02/14/2020
38307,14,57930,2,228,02/07/2020
38310,11,57938,8,364,01/25/2020
38310,11,57948,38,364,01/25/2020
38310,11,57947,4,352,10/23/2025
38312,5,57947,4,345,01/25/2020
38312,5,57949,21,345,01/25/2020
38327,10,58271,3,364,06/29/2020
38327,10,57329,18,364,06/29/2020
38329,10,58272,3,345,06/29/2020
38329,10,57330,17,345,06/29/2020
38331,25,57124,21,364,10/14/2020
38331,25,58505,4,364,10/14/2020
38331,25,58506,4,353,01/28/2026
38333,20,57376,21,345,10/14/2020
38333,20,58506,4,345,10/14/2020
38335,16,58237,9,364,06/17/2020
38335,16,57384,53,364,09/01/2020
38335,16,58238,6,353,03/05/2026
38337,16,58238,6,345,06/18/2020
38337,16,57385,46,345,09/01/2020
38339,17,57372,18,364,10/15/2020
38339,17,58509,4,364,10/15/2020
38339,17,58511,4,357,02/09/2026
38341,14,57236,22,345,10/15/2020
38341,14,58511,4,345,10/15/2020
38351,9,57331,61,364,06/02/2020
38351,9,58176,3,364,06/02/2020
38351,9,58177,3,353,02/09/2026
38353,9,57332,55,345,06/02/2020
38353,9,58177,3,345,06/02/2020
38367,32,56797,18,297,07/16/2025
38367,32,60254,3,297,07/16/2025
38371,13,57020,6,297,05/07/2020
38371,13,58112,6,297,05/07/2020
38378,26,57926,25,228,10/20/2025
38378,26,60344,3,228,10/20/2025
38385,40,56938,46,331,01/24/2020
38385,40,57928,6,331,01/24/2020
38387,8,57967,2,297,02/07/2020
38387,8,57092,25,297,02/07/2020
38394,13,58178,3,228,06/12/2020
38394,13,58324,35,228,07/20/2020
38396,25,56952,50,368,03/05/2021
38396,25,58657,4,368,03/05/2021
38398,6,57959,2,368,01/24/2020
38398,6,56953,25,368,01/24/2020
38398,6,57961,5,368,01/24/2020
38429,9,57100,51,143,04/21/2020
38429,9,58118,2,143,04/21/2020
38433,9,57105,3,143,09/04/2020
38433,9,57106,12,143,09/16/2020
38433,9,58450,4,143,09/16/2020
38435,15,58198,2,143,06/04/2020
38435,15,58395,44,143,08/19/2020
38441,15,57109,3,143,08/27/2020
38441,15,57110,17,143,09/04/2020
38441,15,58431,2,143,09/04/2020
38443,11,57111,3,143,04/15/2020
38443,11,57112,11,143,04/20/2020
38443,11,58117,2,143,04/20/2020
38495,7,57839,14,331,05/21/2020
38495,7,58049,6,331,05/21/2020
38506,3,57884,10,368,05/22/2020
38506,3,58220,2,368,05/22/2020
38506,3,58199,3,368,05/22/2020
38528,9,54953,70,147,04/15/2020
38528,9,56902,50,147,04/15/2020
38528,9,56903,15,147,04/15/2020
38528,9,57943,3,147,04/15/2020
38528,9,57944,25,143,04/20/2020
38528,9,58119,2,143,04/20/2020
38549,17,58008,22,391,10/24/2025
38549,17,60343,3,391,10/24/2025
38551,14,58000,4,391,08/18/2020
38551,14,58300,2,391,08/18/2020
38566,11,58021,11,391,06/02/2021
38566,11,58728,6,391,06/02/2021
38568,10,58019,45,391,04/15/2021
38568,10,58675,4,391,04/15/2021
38571,9,58294,8,297,02/18/2021
38571,9,58959,2,297,12/17/2021
38576,14,58028,23,391,06/16/2023
38576,14,59102,4,391,06/16/2023
38576,14,59408,2,391,06/16/2023
38582,11,58061,28,228,04/16/2021
38582,11,58687,3,228,04/16/2021
38584,15,58063,11,228,06/01/2021
38584,15,58743,5,228,06/01/2021
38586,13,58065,19,238,06/27/2023
38586,13,59437,4,238,06/27/2023
38613,16,58095,16,364,07/27/2022
38613,16,59211,3,364,07/27/2022
38613,16,59212,3,353,03/05/2026
38615,14,58097,17,345,07/27/2022
38615,14,59212,3,345,07/27/2022
38617,31,58110,22,331,06/21/2024
38617,31,59832,2,331,06/21/2024
38623,21,58116,29,297,01/26/2024
38623,21,59659,3,297,01/26/2024
38629,5,58168,33,364,05/13/2021
38629,5,58778,3,364,05/13/2021
38643,8,58183,19,364,05/13/2021
38643,8,58781,3,364,05/13/2021
38643,8,58782,3,353,02/09/2026
38645,8,58185,20,345,05/13/2021
38645,8,58782,3,345,05/13/2021
38647,14,59452,3,364,06/15/2023
38647,14,58181,24,364,06/15/2023
38647,14,59453,3,353,02/09/2026
38649,13,59453,3,345,06/15/2023
38649,13,58187,25,345,06/15/2023
38657,21,58133,23,364,01/02/2024
38657,21,59611,5,364,01/02/2024
38657,21,59616,4,354,10/28/2025
38659,18,58138,20,345,01/02/2024
38659,18,59616,4,345,01/02/2024
38662,18,58127,19,228,09/14/2024
38662,18,59909,3,228,09/14/2024
38664,26,58136,22,368,06/21/2024
38664,26,59833,3,368,06/21/2024
38667,4,58152,13,297,09/02/2020
38667,4,58327,2,297,09/02/2020
38671,6,58170,33,345,05/13/2021
38671,6,58780,3,345,05/13/2021
38678,11,58205,13,143,06/03/2021
38678,11,58792,2,143,06/03/2021
38680,7,58206,3,143,04/06/2021
38680,7,58207,34,143,04/13/2021
38680,7,58703,2,143,04/13/2021
38682,13,58209,9,143,10/21/2025
38682,13,60346,2,143,10/21/2025
38684,10,59254,3,143,06/14/2023
38684,10,58211,24,143,06/22/2023
38684,10,59456,2,143,06/22/2023
38686,18,58213,16,143,03/20/2024
38686,18,59703,2,143,03/20/2024
38694,12,58218,17,238,09/11/2020
38694,12,58398,4,238,09/11/2020
38700,5,58225,11,345,10/22/2020
38700,5,58521,4,345,10/22/2020
38705,14,58227,20,364,10/24/2025
38705,14,60347,4,364,10/24/2025
38705,14,60348,4,353,03/05/2026
38707,13,58229,18,356,10/24/2025
38707,13,60348,4,352,10/24/2025
38709,5,58223,22,364,10/22/2020
38709,5,58520,3,364,10/22/2020
38709,5,58521,4,357,09/16/2025
38712,18,58243,7,331,02/14/2025
38712,18,59931,5,331,02/14/2025
38720,6,58250,19,368,11/06/2020
38720,6,58530,4,368,11/06/2020
38726,17,58264,8,368,02/14/2025
38726,17,59932,5,368,02/14/2025
38737,19,59138,3,391,07/01/2022
38737,19,58275,9,391,07/01/2022
38743,15,58277,13,391,01/05/2024
38743,15,59614,2,391,01/05/2024
38745,17,58282,14,391,12/15/2020
38745,17,58547,3,391,12/15/2020
38747,9,58287,5,391,01/05/2021
38747,9,58561,2,391,01/05/2021
38755,6,58321,7,391,02/15/2021
38755,6,58618,3,391,02/15/2021
38765,27,58350,24,391,05/17/2024
38765,27,59751,2,391,05/17/2024
38769,14,58354,15,391,04/12/2024
38769,14,59704,2,391,04/12/2024
38771,18,58359,13,228,05/16/2022
38771,18,59132,5,228,05/19/2022
38773,32,58364,39,238,05/16/2024
38773,32,59737,3,238,05/16/2024
38775,10,58367,6,391,12/21/2020
38775,10,58557,2,391,12/21/2020
38777,7,58362,10,238,12/10/2021
38777,7,58957,6,238,12/10/2021
38779,4,58376,67,391,11/04/2021
38779,4,58915,7,391,11/04/2021
38779,4,58988,24,391,01/07/2022
38786,10,58503,12,391,12/18/2020
38786,10,58549,3,391,12/18/2020
38792,6,58392,13,391,12/15/2020
38792,6,58548,3,391,12/15/2020
38801,23,58403,27,364,05/17/2024
38801,23,59793,2,364,05/17/2024
38801,23,59795,2,357,04/13/2026
38803,17,58405,22,357,05/17/2024
38803,17,59795,2,357,05/17/2024
38805,7,58410,9,368,02/05/2021
38805,7,58619,7,368,02/05/2021
38807,7,58414,11,331,02/05/2021
38807,7,58606,7,331,02/05/2021
38809,30,58423,48,331,09/19/2025
38809,30,60163,6,331,09/19/2025
38812,7,58428,29,331,01/29/2021
38812,7,58612,4,331,01/29/2021
38814,4,58454,50,364,11/12/2021
38814,4,58953,4,364,11/12/2021
38814,4,58996,31,364,05/03/2022
38814,4,58954,4,353,02/09/2026
38816,6,58456,43,345,11/12/2021
38816,6,58954,4,345,11/12/2021
38816,6,58997,29,345,05/03/2022
38822,8,58434,34,228,11/04/2021
38822,8,58916,3,228,11/04/2021
38822,8,58998,19,238,01/07/2022
38824,10,58436,13,364,10/29/2021
38824,10,58944,2,364,10/29/2021
38824,10,58947,2,357,09/16/2025
38826,8,58438,11,345,10/29/2021
38826,8,58947,2,345,10/29/2021
38835,8,58468,41,143,11/04/2021
38835,8,58930,2,143,11/04/2021
38835,8,59004,20,143,01/11/2022
38837,7,56902,50,143,02/02/2021
38837,7,58471,10,143,02/02/2021
38837,7,58624,2,143,02/02/2021
38837,7,59002,4,143,01/11/2022
38839,12,56902,50,143,06/22/2022
38839,12,58473,11,143,06/22/2022
38839,12,59161,2,143,06/23/2022
38841,20,58477,22,143,05/13/2024
38841,20,59799,2,143,05/21/2024
38902,12,58565,52,364,10/07/2021
38902,12,58903,6,364,10/07/2021
38902,12,58904,6,357,09/16/2025
38904,11,58567,29,345,10/07/2021
38904,11,58904,6,345,10/07/2021
38914,20,58573,13,368,05/21/2021
38914,20,58772,4,368,05/21/2021
38916,8,58575,38,335,05/21/2021
38916,8,58769,7,335,05/21/2021
38918,8,58577,33,370,05/21/2021
38918,8,58770,5,370,05/21/2021
38920,16,58582,20,228,06/17/2021
38920,16,58727,3,228,06/17/2021
38926,23,56647,32,368,12/23/2021
38926,23,58592,19,368,05/21/2021
38926,23,58765,5,368,05/21/2021
38937,7,58609,7,297,06/04/2021
38937,7,58819,2,297,06/04/2021
38953,16,59399,3,389,05/11/2023
38953,16,55426,132,389,05/11/2023
38953,16,58836,20,389,05/11/2023
38955,24,55426,132,388,05/11/2023
38955,24,58833,17,388,05/11/2023
38955,24,59397,2,388,05/11/2023
38966,5,54338,55,391,08/25/2022
38966,5,58652,29,391,05/13/2022
38966,5,59058,2,391,05/13/2022
38968,5,58656,9,297,10/06/2021
38968,5,58853,3,297,10/06/2021
38970,8,58664,9,391,10/11/2021
38970,8,58900,2,391,10/11/2021
38972,9,55294,34,360,08/20/2025
38972,9,58679,38,364,06/16/2022
38972,9,59130,3,364,06/16/2022
38972,9,59131,3,353,02/09/2026
38974,9,55295,30,353,08/20/2025
38974,9,58681,29,345,06/16/2022
38974,9,59131,3,345,06/16/2022
38985,17,58700,17,391,05/13/2022
38985,17,59069,5,391,05/13/2022
38988,18,58710,92,391,02/03/2022
38988,18,59005,8,391,02/03/2022
38992,14,58943,5,238,12/07/2021
38992,14,58706,12,238,12/07/2021
38994,20,58695,11,391,10/13/2021
38994,20,58905,4,391,10/13/2021
38997,12,58713,13,228,05/26/2022
38997,12,59112,4,228,05/26/2022
39001,16,59017,3,364,02/21/2022
39001,16,58720,90,364,02/21/2022
39001,16,59018,3,353,02/09/2026
39003,15,59018,3,345,02/21/2022
39003,15,58726,82,345,02/21/2022
39005,9,59142,4,364,06/13/2022
39005,9,58718,16,364,06/23/2022
39005,9,59144,3,352,01/28/2026
39007,10,59144,3,345,06/13/2022
39007,10,58724,14,345,06/23/2022
39015,16,58731,16,238,10/14/2021
39015,16,58899,10,238,10/14/2021
39017,10,54689,32,228,02/27/2023
39017,10,58734,20,228,06/27/2022
39017,10,59063,4,228,06/27/2022
39023,23,58737,10,238,11/12/2021
39023,23,58894,8,238,11/12/2021
39027,8,58741,18,299,10/08/2021
39027,8,58890,8,299,10/08/2021
39036,24,58745,21,297,10/15/2021
39036,24,58912,7,297,10/15/2021
39038,14,59007,4,228,02/23/2022
39038,14,58747,65,228,02/23/2022
39040,8,55224,37,143,07/20/2022
39040,8,58756,26,143,05/10/2022
39040,8,59116,2,143,05/10/2022
39042,7,58758,3,143,05/04/2022
39042,7,58759,13,143,05/10/2022
39042,7,59118,2,143,05/10/2022
39044,15,58761,70,143,02/23/2022
39044,15,59020,2,143,02/23/2022
39051,10,58774,24,143,08/14/2024
39051,10,59903,2,143,08/22/2024
39054,17,58777,11,143,10/12/2021
39054,17,58919,2,143,10/12/2021
39058,17,58788,18,364,12/04/2021
39058,17,58966,3,364,12/04/2021
39058,17,58967,4,352,09/16/2025
39060,16,58790,14,345,12/04/2021
39060,16,58967,4,345,12/04/2021
39063,11,56541,40,331,12/02/2021
39063,11,58801,85,331,10/22/2021
39063,11,58929,3,331,10/22/2021
39068,21,58808,12,331,10/22/2021
39068,21,58923,5,331,10/22/2021
39071,16,58810,11,368,10/22/2021
39071,16,58924,4,368,10/22/2021
39073,4,57768,7,368,12/03/2021
39073,4,58812,81,368,10/22/2021
39073,4,58922,12,368,10/22/2021
39075,15,58814,12,297,02/02/2023
39075,15,59327,5,297,02/02/2023
39080,4,58821,7,391,10/19/2021
39080,4,58906,3,391,10/19/2021
39082,6,58795,15,331,12/10/2021
39082,6,58955,4,331,12/10/2021
39084,5,58797,15,368,12/10/2021
39084,5,58956,4,368,12/10/2021
39086,10,58828,15,391,12/20/2021
39086,10,58958,2,391,12/20/2021
39116,6,59541,3,364,09/22/2023
39116,6,58865,24,364,09/22/2023
39116,6,59542,3,356,10/28/2025
39118,6,58867,23,345,09/22/2023
39118,6,59542,3,345,09/22/2023
39121,9,58876,12,391,02/11/2022
39121,9,59001,3,391,02/11/2022
39128,15,58883,6,391,03/08/2023
39128,15,59277,4,391,03/08/2023
39139,5,58893,19,297,10/31/2023
39139,5,59578,3,297,10/31/2023
39189,8,58921,11,297,06/06/2022
39189,8,59900,2,297,10/21/2024
39226,13,58963,11,297,06/06/2022
39226,13,59088,6,297,06/06/2022
39230,7,58973,27,364,11/03/2022
39230,7,59278,3,364,11/03/2022
39230,7,59279,3,353,02/09/2026
39232,6,58975,28,345,11/03/2022
39232,6,59279,3,345,11/03/2022
39237,10,58982,19,391,06/03/2022
39237,10,59114,3,391,06/03/2022
39240,15,58992,7,364,04/29/2022
39240,15,58993,16,364,04/29/2022
39240,15,59079,3,364,04/29/2022
39240,15,59115,3,357,09/16/2025
39242,8,58994,7,345,04/29/2022
39242,8,58995,14,345,04/29/2022
39242,8,59115,3,345,04/29/2022
39256,7,59015,3,391,03/24/2023
39256,7,59343,4,391,03/24/2023
39258,12,59028,12,391,12/01/2023
39258,12,59579,3,391,12/01/2023
39260,5,59030,13,391,07/01/2022
39260,5,59137,3,391,07/01/2022
39262,8,59353,5,364,04/05/2023
39262,8,59032,7,364,04/05/2023
39262,8,59354,5,353,01/28/2026
39264,8,59354,5,345,04/05/2023
39264,8,59034,7,345,04/05/2023
39266,3,59036,23,391,07/05/2022
39266,3,59139,3,391,07/05/2022
39268,7,59040,12,391,07/28/2022
39268,7,59184,2,391,07/28/2022
39270,8,59042,13,391,07/14/2022
39270,8,59148,5,391,07/14/2022
39276,9,59051,6,238,04/14/2023
39276,9,59344,4,238,04/14/2023
39284,12,59066,10,228,09/30/2022
39284,12,59242,2,228,09/30/2022
39297,7,59101,28,297,07/16/2025
39297,7,60253,3,297,07/16/2025
39314,12,59105,36,297,07/16/2025
39314,12,60252,3,297,07/16/2025
39345,3,59108,4,391,06/16/2023
39345,3,59109,7,391,06/16/2023
39345,3,59394,2,391,06/16/2023
39356,5,59120,3,143,03/16/2023
39356,5,59121,3,143,03/22/2023
39356,5,59360,2,143,03/22/2023
39365,149,58917,101,331,12/11/2024
39365,149,59125,38,331,01/03/2025
39365,149,59856,22,331,01/03/2025
39367,41,58918,90,368,12/05/2024
39367,41,59123,28,368,12/06/2024
39367,41,59967,11,368,12/06/2024
39373,6,59440,6,364,06/15/2023
39373,6,59179,10,364,06/15/2023
39373,6,59441,4,352,01/28/2026
39375,4,59441,4,345,06/15/2023
39375,4,59181,8,345,06/15/2023
39383,13,59154,13,228,01/26/2023
39383,13,59301,2,228,01/26/2023
39385,6,59158,9,391,12/19/2022
39385,6,59281,5,391,12/19/2022
39387,8,59160,13,391,12/29/2022
39387,8,59159,6,391,12/29/2022
39387,8,59288,3,391,12/29/2022
39389,6,59163,7,228,06/15/2023
39389,6,59412,4,228,06/15/2023
39391,9,59170,5,391,12/07/2022
39391,9,59276,2,391,12/07/2022
39396,7,59175,11,364,01/13/2023
39396,7,59325,4,364,01/13/2023
39396,7,59174,4,360,01/13/2023
39396,7,59326,3,357,03/05/2026
39398,6,59177,12,345,01/13/2023
39398,6,59326,3,345,01/13/2023
39398,6,59176,4,345,01/13/2023
39400,8,59186,22,391,11/28/2022
39400,8,59275,3,391,11/28/2022
39402,14,59192,15,391,01/23/2023
39402,14,59309,4,391,01/23/2023
39420,4,59205,3,391,01/13/2023
39420,4,59297,3,391,01/13/2023
39424,6,59484,8,391,08/25/2023
39424,6,59483,3,391,08/25/2023
39427,7,59529,10,238,08/25/2023
39427,7,59519,3,238,08/25/2023
39434,8,59215,9,238,12/29/2022
39434,8,59289,3,238,12/29/2022
39455,7,59233,19,297,01/27/2023
39455,7,59319,5,297,01/27/2023
39462,9,59243,4,364,01/27/2023
39462,9,59244,18,364,01/27/2023
39462,9,59333,3,364,01/27/2023
39462,9,59334,3,357,03/05/2026
39464,8,59245,4,345,01/27/2023
39464,8,59246,18,345,01/27/2023
39464,8,59334,3,345,01/27/2023
39467,9,59523,3,364,08/25/2023
39467,9,59521,11,364,08/25/2023
39467,9,59524,3,353,01/28/2026
39469,9,59524,3,345,08/25/2023
39469,9,59522,11,345,08/25/2023
39475,7,59257,11,143,01/19/2023
39475,7,59329,2,143,01/19/2023
39477,7,59259,8,143,12/22/2022
39477,7,59306,2,143,12/22/2022
39479,5,59455,2,143,06/22/2023
39479,5,59261,7,143,06/22/2023
39481,8,59536,7,143,08/23/2023
39481,8,59534,2,143,08/23/2023
39490,7,59268,27,331,04/21/2023
39490,7,59366,5,331,04/21/2023
39492,7,59270,26,368,04/21/2023
39492,7,59367,5,368,04/21/2023
39506,6,59299,12,228,04/06/2023
39506,6,59356,3,228,04/06/2023
39513,4,59311,10,297,06/07/2023
39513,4,59451,3,297,06/07/2023
39521,8,59318,13,238,06/22/2023
39521,8,59355,6,238,06/22/2023
39529,5,56157,19,143,04/11/2023
39529,5,59369,2,143,04/21/2023
39543,5,59332,15,391,09/12/2023
39543,5,59520,5,391,09/12/2023
39553,24,59350,27,391,01/31/2025
39553,24,59965,3,391,01/31/2025
39573,3,59371,7,391,09/18/2023
39573,3,59533,2,391,09/18/2023
39575,4,59374,14,238,10/16/2023
39575,4,59564,4,238,10/16/2023
39583,3,59379,3,391,06/28/2024
39583,3,59380,3,391,06/28/2024
39583,3,59815,4,391,06/28/2024
39585,5,59822,3,238,06/28/2024
39585,5,59382,4,238,06/28/2024
39589,4,59386,4,364,06/28/2024
39589,4,59830,5,364,06/28/2024
39589,4,59831,4,353,01/28/2026
39591,11,55426,132,388,02/16/2024
39591,11,59679,3,388,02/16/2024
39591,11,59680,3,388,02/16/2024
39594,6,59401,5,345,06/28/2024
39594,6,59831,4,345,06/28/2024
39611,5,59581,4,297,11/03/2023
39611,5,59416,14,297,11/03/2023
39614,5,59429,4,143,06/25/2024
39614,5,59844,2,143,06/25/2024
39616,5,59423,4,238,08/14/2023
39616,5,59503,2,238,08/14/2023
39624,5,59434,19,143,09/21/2023
39624,5,59563,2,143,09/21/2023
39636,4,59462,4,391,08/01/2024
39636,4,59838,3,391,08/01/2024
39642,11,59466,7,364,12/08/2023
39642,11,59598,3,364,12/08/2023
39642,11,59465,4,364,08/12/2024
39642,11,59599,4,353,03/05/2026
39644,12,59468,6,345,12/08/2023
39644,12,59599,4,345,12/08/2023
39644,12,59467,4,345,08/12/2024
39646,7,59470,4,391,06/07/2024
39646,7,59734,4,391,06/07/2024
39648,4,59472,4,228,08/01/2024
39648,4,59850,3,228,08/01/2024
39650,7,59735,3,228,08/23/2024
39650,7,59474,4,228,08/23/2024
39654,3,59475,3,391,08/02/2024
39654,3,59476,4,391,08/02/2024
39654,3,59843,2,391,08/02/2024
39656,9,59480,10,238,02/05/2024
39656,9,59647,4,238,02/05/2024
39658,5,59482,4,228,08/23/2024
39658,5,59858,4,228,08/23/2024
39662,6,59487,15,297,02/05/2024
39662,6,59656,3,297,02/05/2024
39671,5,59498,10,391,02/07/2024
39671,5,59648,2,391,02/07/2024
39678,5,59505,5,364,08/01/2024
39678,5,59854,4,364,08/01/2024
39678,5,59855,4,353,01/28/2026
39680,5,59507,6,345,08/01/2024
39680,5,59855,4,345,08/01/2024
39682,8,59509,5,364,06/07/2024
39682,8,59747,4,364,06/07/2024
39682,8,59748,4,353,02/09/2026
39684,7,59511,5,351,06/07/2024
39684,7,59748,4,345,06/07/2024
39686,4,59513,4,364,08/01/2024
39686,4,59851,3,364,08/01/2024
39686,4,59853,3,357,01/28/2026
39688,4,59515,5,345,08/01/2024
39688,4,59853,3,345,08/01/2024
39709,3,59549,5,143,07/24/2024
39709,3,59875,2,143,07/24/2024
39711,5,59876,2,143,07/24/2024
39711,5,59551,5,143,07/24/2024
39713,7,59553,11,143,02/06/2024
39713,7,59675,2,143,02/06/2024
39720,7,59560,4,143,06/05/2024
39720,7,59825,2,143,06/05/2024
39726,4,59595,4,297,06/03/2024
39726,4,59758,3,297,06/03/2024
39741,8,59738,2,238,05/16/2024
39741,8,59608,32,238,05/16/2024
39758,14,59624,19,360,05/17/2024
39758,14,59796,3,360,05/17/2024
39758,14,59797,3,353,09/16/2025
39762,9,59645,16,352,05/17/2024
39762,9,59797,3,352,05/17/2024
39770,15,59632,23,297,06/03/2024
39770,15,59772,3,297,06/03/2024
39773,7,59634,10,391,05/17/2024
39773,7,59736,2,391,05/17/2024
39780,5,59654,4,391,05/21/2024
39780,5,59759,2,391,05/21/2024
39788,11,59664,17,143,05/21/2024
39788,11,59800,2,143,05/21/2024
39793,47,56681,34,331,05/13/2024
39793,47,59668,29,331,06/21/2024
39793,47,59802,4,331,06/21/2024
39797,13,59672,8,391,12/23/2024
39797,13,59948,7,391,12/23/2024
39799,16,56651,36,368,06/12/2024
39799,16,59674,18,368,06/21/2024
39799,16,59803,7,368,06/21/2024
39802,8,59682,4,228,12/27/2024
39802,8,59957,3,228,12/27/2024
39810,13,59695,12,364,12/23/2024
39810,13,59961,3,364,12/23/2024
39810,13,59962,4,357,10/28/2025
39812,14,59697,6,357,12/23/2024
39812,14,59962,4,357,12/23/2024
39832,15,59707,25,297,12/31/2025
39832,15,59986,13,297,12/31/2025
39836,8,59714,16,391,12/29/2025
39836,8,60349,6,391,12/29/2025
39840,14,59928,2,228,09/30/2024
39840,14,59716,8,228,09/30/2024
39849,3,59718,10,391,08/29/2024
39849,3,59885,2,391,08/29/2024
39851,15,59721,6,391,10/04/2024
39851,15,59930,4,391,10/04/2024
39853,3,59723,10,391,08/29/2024
39853,3,59886,2,391,08/29/2024
39857,7,59726,19,228,12/29/2025
39857,7,60352,4,228,12/29/2025
39863,10,59733,10,297,10/03/2024
39863,10,59929,4,297,10/03/2024
39877,4,59764,16,368,10/11/2024
39877,4,59893,3,368,10/11/2024
39879,10,59766,29,331,10/11/2024
39879,10,59894,3,331,10/11/2024
39881,9,59769,9,364,10/17/2024
39881,9,59935,3,364,10/17/2024
39881,9,59936,3,357,10/14/2025
39883,9,59771,6,357,10/17/2024
39883,9,59936,3,357,10/17/2024
39905,5,59805,20,143,08/22/2024
39905,5,59904,2,143,08/22/2024
39907,3,59807,8,143,09/26/2024
39907,3,59934,2,143,09/26/2024
39909,6,59809,10,143,01/02/2026
39909,6,60384,2,143,01/02/2026
39911,7,59811,5,143,08/22/2024
39911,7,59902,2,143,08/22/2024
39913,7,57552,19,143,10/16/2025
39913,7,59813,6,143,10/03/2024
39913,7,59937,2,143,10/03/2024
39919,5,53531,22,391,07/21/2025
39919,5,59826,3,394,06/27/2025
39919,5,59827,7,394,06/27/2025
39919,5,60223,4,394,06/27/2025
39923,14,59835,8,364,06/27/2025
39923,14,60227,4,364,06/27/2025
39923,14,55595,17,360,08/25/2025
39923,14,60228,4,353,02/09/2026
39927,11,59837,8,345,06/27/2025
39927,11,60228,4,345,06/27/2025
39927,11,55600,17,353,08/25/2025
39933,5,59846,3,391,06/04/2025
39933,5,59847,8,391,06/04/2025
39933,5,60197,4,391,06/04/2025
39935,8,60190,5,391,06/04/2025
39935,8,59849,8,378,06/04/2025
39938,5,59860,5,228,06/24/2025
39938,5,60199,4,228,06/24/2025
39940,10,59862,7,228,06/24/2025
39940,10,60191,6,228,06/24/2025
39942,5,59866,6,394,02/18/2025
39942,5,59985,4,394,02/18/2025
39944,7,59868,8,360,06/04/2025
39944,7,60206,4,360,06/04/2025
39944,7,59867,4,360,06/25/2025
39944,7,60207,4,353,01/28/2026
39946,8,59869,4,353,06/25/2025
39946,8,59870,8,353,06/04/2025
39946,8,60207,4,353,06/04/2025
39948,7,59872,9,365,06/04/2025
39948,7,60201,8,365,06/04/2025
39948,7,60202,5,353,02/09/2026
39950,7,59874,9,345,06/04/2025
39950,7,60202,5,345,06/04/2025
39956,5,59878,4,391,12/06/2024
39956,5,59943,2,391,12/06/2024
39958,4,60147,3,228,02/18/2025
39958,4,59880,3,228,02/18/2025
39960,4,59882,9,364,02/18/2025
39960,4,60148,3,364,02/18/2025
39960,4,60150,4,353,09/16/2025
39962,4,59884,5,345,02/18/2025
39962,4,60150,4,345,02/18/2025
39987,4,59906,6,143,06/03/2025
39987,4,60219,3,143,06/03/2025
39989,4,59908,6,143,06/03/2025
39989,4,60220,3,143,06/03/2025
39995,6,59915,27,297,05/21/2025
39995,6,59982,4,297,05/21/2025
40000,4,54686,22,228,08/28/2025
40000,4,59919,5,228,06/26/2025
40000,4,60248,2,228,06/26/2025
40022,3,59938,3,143,06/27/2025
40022,3,59939,5,143,06/27/2025
40022,3,60251,2,143,06/27/2025
40046,3,59971,3,391,09/05/2025
40046,3,60237,2,391,09/05/2025
40048,6,59973,7,297,09/04/2025
40048,6,60257,3,297,09/04/2025
40050,6,59976,4,364,09/02/2025
40050,6,60281,2,364,09/02/2025
40050,6,60282,3,352,11/11/2025
40052,5,59978,4,345,09/02/2025
40052,5,60282,3,345,09/02/2025
40056,3,59981,3,228,09/03/2025
40056,3,60218,2,228,09/03/2025
40058,7,60146,6,391,07/08/2026
40058,7,60438,5,391,07/08/2026
40060,6,60152,8,365,07/08/2026
40060,6,60446,3,364,07/08/2026
40062,6,60155,6,358,07/08/2026
40062,6,60447,3,356,07/08/2026
40140,6,60161,4,228,07/08/2026
40140,6,60439,4,228,07/08/2026
40168,9,60176,18,297,01/08/2026
40168,9,60356,4,297,01/08/2026
40176,7,60181,12,364,01/09/2026
40176,7,60355,5,364,01/09/2026
40179,7,60185,11,228,01/08/2026
40179,7,60357,4,228,01/08/2026
40187,3,60205,4,391,06/19/2026
40187,3,60449,2,391,06/19/2026
40189,10,60211,10,391,01/09/2026
40189,10,60354,3,391,01/09/2026
40193,9,60213,13,143,01/08/2026
40193,9,60350,2,143,01/08/2026
40197,4,60216,4,360,05/19/2026
40197,4,60217,4,364,06/19/2026
40197,4,60450,2,364,06/19/2026
40199,4,60215,4,228,06/19/2026
40199,4,60458,4,228,06/19/2026
40205,8,60222,4,391,05/14/2026
40205,8,60359,9,391,05/14/2026
40224,3,60245,3,228,11/24/2025
40224,3,60362,4,228,11/24/2025
40228,4,60247,6,391,02/20/2026
40228,4,60400,4,391,02/20/2026
40232,5,60250,8,228,01/22/2026
40232,5,60399,4,228,01/22/2026
40244,4,60292,4,228,05/08/2026
40244,4,60440,3,228,05/08/2026
40249,5,60274,4,143,07/10/2026
40249,5,60463,5,143,07/10/2026
40255,8,60279,4,360,04/29/2026
40255,8,60428,3,360,04/29/2026
40257,7,60286,6,391,05/08/2026
40257,7,60431,5,391,05/08/2026
40272,3,60306,3,143,06/18/2026
40272,3,60459,3,143,06/18/2026
40276,7,60315,4,331,03/27/2026
40276,7,60341,4,331,03/27/2026
40289,6,60318,5,368,03/27/2026
40289,6,60342,5,368,03/27/2026
40302,3,60324,3,297,05/21/2026
40302,3,60430,4,297,05/21/2026
40324,6,60361,7,364,08/05/2026
40324,6,60510,4,364,08/05/2026
40328,5,60375,5,391,08/06/2026
40328,5,60513,3,391,08/06/2026
40330,6,60377,5,507,08/06/2026
40330,6,60523,3,507,08/06/2026
40334,3,60381,3,297,05/21/2026
40334,3,60417,5,297,05/21/2026
40341,6,60391,4,143,08/06/2026
40341,6,60524,3,143,08/06/2026
