last_updated,lcd_id,lcd_version,r_ncd_id,r_ncd_version,related_num,source_lcd_id,url
04/29/2025,38926,23,60,1,1,38926,/data/ncd?ncdid=60&ncdver=1
04/29/2025,38926,23,213,1,2,38926,/data/ncd?ncdid=213&ncdver=1
04/29/2025,38926,23,9,1,3,38926,/data/ncd?ncdid=9&ncdver=1
04/29/2025,38926,23,239,1,4,38926,/data/ncd?ncdid=239&ncdver=1
04/29/2025,36866,18,0,1,1,36866,/data/ncd?ncdid=0&ncdver=1
04/29/2025,38918,8,0,1,1,38918,/data/ncd?ncdid=0&ncdver=1
04/29/2025,36864,21,0,1,1,36864,/data/ncd?ncdid=0&ncdver=1
04/29/2025,34821,21,0,1,1,34821,/data/ncd?ncdid=0&ncdver=1
04/29/2025,36906,20,0,1,1,36906,/data/ncd?ncdid=0&ncdver=1
04/29/2025,36868,25,281,1,1,36868,/data/ncd?ncdid=281&ncdver=1
04/29/2025,34824,21,0,1,1,34824,/data/ncd?ncdid=0&ncdver=1
04/29/2025,38916,8,0,1,1,38916,/data/ncd?ncdid=0&ncdver=1
04/29/2025,38920,16,0,1,1,38920,/data/ncd?ncdid=0&ncdver=1
04/29/2025,38937,7,217,1,1,38937,/data/ncd?ncdid=217&ncdver=1
04/29/2025,33793,20,233,1,1,33793,/data/ncd?ncdid=233&ncdver=1
04/29/2025,36912,30,0,1,1,36912,/data/ncd?ncdid=0&ncdver=1
04/29/2025,38955,24,0,1,1,38955,/data/ncd?ncdid=0&ncdver=1
04/29/2025,34869,42,0,1,1,34869,/data/ncd?ncdid=0&ncdver=1
04/29/2025,34865,72,177,1,1,34865,/data/ncd?ncdid=177&ncdver=1
04/29/2025,33795,29,0,1,1,33795,/data/ncd?ncdid=0&ncdver=1
04/29/2025,33797,50,169,1,1,33797,/data/ncd?ncdid=169&ncdver=1
04/29/2025,33797,50,312,1,2,33797,/data/ncd?ncdid=312&ncdver=1
04/29/2025,33797,50,47,1,3,33797,/data/ncd?ncdid=47&ncdver=1
04/29/2025,33797,50,190,1,4,33797,/data/ncd?ncdid=190&ncdver=1
04/29/2025,33799,15,190,1,1,33799,/data/ncd?ncdid=190&ncdver=1
04/29/2025,38974,9,372,1,1,38974,/data/ncd?ncdid=372&ncdver=1
04/29/2025,34887,53,0,1,1,34887,/data/ncd?ncdid=0&ncdver=1
04/29/2025,38985,17,0,1,1,38985,/data/ncd?ncdid=0&ncdver=1
04/29/2025,38988,18,53,1,1,38988,/data/ncd?ncdid=53&ncdver=1
04/29/2025,38988,18,352,1,2,38988,/data/ncd?ncdid=352&ncdver=1
04/29/2025,38988,18,361,1,3,38988,/data/ncd?ncdid=361&ncdver=1
04/29/2025,38988,18,365,1,4,38988,/data/ncd?ncdid=365&ncdver=1
04/29/2025,38988,18,369,1,5,38988,/data/ncd?ncdid=369&ncdver=1
04/29/2025,38988,18,335,1,6,38988,/data/ncd?ncdid=335&ncdver=1
04/29/2025,36941,22,0,1,1,36941,/data/ncd?ncdid=0&ncdver=1
04/29/2025,38992,14,0,1,1,38992,/data/ncd?ncdid=0&ncdver=1
04/29/2025,34892,123,11,1,1,34892,/data/ncd?ncdid=11&ncdver=1
04/29/2025,34892,123,15,1,2,34892,/data/ncd?ncdid=15&ncdver=1
04/29/2025,34892,123,176,1,3,34892,/data/ncd?ncdid=176&ncdver=1
04/29/2025,36947,21,0,1,1,36947,/data/ncd?ncdid=0&ncdver=1
04/29/2025,36951,20,0,1,1,36951,/data/ncd?ncdid=0&ncdver=1
04/29/2025,34823,27,0,1,1,34823,/data/ncd?ncdid=0&ncdver=1
04/29/2025,33790,20,0,1,1,33790,/data/ncd?ncdid=0&ncdver=1
04/29/2025,33791,15,190,1,1,33791,/data/ncd?ncdid=190&ncdver=1
04/29/2025,33791,15,219,1,2,33791,/data/ncd?ncdid=219&ncdver=1
04/29/2025,38914,20,64,1,1,38914,/data/ncd?ncdid=64&ncdver=1
04/29/2025,38914,20,69,1,2,38914,/data/ncd?ncdid=69&ncdver=1
04/29/2025,38914,20,129,1,3,38914,/data/ncd?ncdid=129&ncdver=1
04/29/2025,38953,16,0,1,1,38953,/data/ncd?ncdid=0&ncdver=1
04/29/2025,34833,94,238,1,1,34833,/data/ncd?ncdid=238&ncdver=1
04/29/2025,34833,94,160,1,2,34833,/data/ncd?ncdid=160&ncdver=1
04/29/2025,34833,94,345,1,3,34833,/data/ncd?ncdid=345&ncdver=1
04/29/2025,34833,94,357,1,4,34833,/data/ncd?ncdid=357&ncdver=1
04/29/2025,36902,16,330,1,1,36902,/data/ncd?ncdid=330&ncdver=1
04/29/2025,36902,16,226,1,2,36902,/data/ncd?ncdid=226&ncdver=1
04/29/2025,34859,34,270,1,1,34859,/data/ncd?ncdid=270&ncdver=1
04/29/2025,39001,16,53,1,1,39001,/data/ncd?ncdid=53&ncdver=1
04/29/2025,39001,16,352,1,2,39001,/data/ncd?ncdid=352&ncdver=1
04/29/2025,39001,16,361,1,3,39001,/data/ncd?ncdid=361&ncdver=1
04/29/2025,39001,16,365,1,4,39001,/data/ncd?ncdid=365&ncdver=1
04/29/2025,39001,16,369,1,5,39001,/data/ncd?ncdid=369&ncdver=1
04/29/2025,39001,16,335,1,6,39001,/data/ncd?ncdid=335&ncdver=1
04/29/2025,38966,5,372,1,1,38966,/data/ncd?ncdid=372&ncdver=1
04/29/2025,36920,107,0,1,1,36920,/data/ncd?ncdid=0&ncdver=1
04/29/2025,36889,25,36,1,1,36889,/data/ncd?ncdid=36&ncdver=1
04/29/2025,38972,9,372,1,1,38972,/data/ncd?ncdid=372&ncdver=1
04/29/2025,38970,8,0,1,1,38970,/data/ncd?ncdid=0&ncdver=1
04/29/2025,39005,9,0,1,1,39005,/data/ncd?ncdid=0&ncdver=1
04/29/2025,38968,5,101,1,1,38968,/data/ncd?ncdid=101&ncdver=1
04/29/2025,38968,5,372,1,2,38968,/data/ncd?ncdid=372&ncdver=1
04/29/2025,39003,15,53,1,1,39003,/data/ncd?ncdid=53&ncdver=1
04/29/2025,39003,15,352,1,2,39003,/data/ncd?ncdid=352&ncdver=1
04/29/2025,39003,15,361,1,3,39003,/data/ncd?ncdid=361&ncdver=1
04/29/2025,39003,15,365,1,4,39003,/data/ncd?ncdid=365&ncdver=1
04/29/2025,39003,15,369,1,5,39003,/data/ncd?ncdid=369&ncdver=1
04/29/2025,39003,15,335,1,6,39003,/data/ncd?ncdid=335&ncdver=1
04/29/2025,34914,68,159,1,1,34914,/data/ncd?ncdid=159&ncdver=1
04/29/2025,39007,10,0,1,1,39007,/data/ncd?ncdid=0&ncdver=1
04/29/2025,34912,20,372,1,1,34912,/data/ncd?ncdid=372&ncdver=1
04/29/2025,39015,16,0,1,1,39015,/data/ncd?ncdid=0&ncdver=1
04/29/2025,39017,10,372,1,2,39017,/data/ncd?ncdid=372&ncdver=1
04/29/2025,34924,79,263,1,1,34924,/data/ncd?ncdid=263&ncdver=1
04/29/2025,36975,24,0,1,1,36975,/data/ncd?ncdid=0&ncdver=1
04/29/2025,34938,68,129,1,1,34938,/data/ncd?ncdid=129&ncdver=1
04/29/2025,39036,24,0,1,1,39036,/data/ncd?ncdid=0&ncdver=1
04/29/2025,37001,21,0,1,1,37001,/data/ncd?ncdid=0&ncdver=1
04/29/2025,39027,8,0,1,1,39027,/data/ncd?ncdid=0&ncdver=1
04/29/2025,39038,14,53,1,1,39038,/data/ncd?ncdid=53&ncdver=1
04/29/2025,39038,14,352,1,2,39038,/data/ncd?ncdid=352&ncdver=1
04/29/2025,39038,14,361,1,3,39038,/data/ncd?ncdid=361&ncdver=1
04/29/2025,39038,14,365,1,4,39038,/data/ncd?ncdid=365&ncdver=1
04/29/2025,39038,14,369,1,5,39038,/data/ncd?ncdid=369&ncdver=1
04/29/2025,39038,14,335,1,6,39038,/data/ncd?ncdid=335&ncdver=1
04/29/2025,37003,14,0,1,1,37003,/data/ncd?ncdid=0&ncdver=1
04/29/2025,39040,8,372,1,1,39040,/data/ncd?ncdid=372&ncdver=1
04/29/2025,39042,7,0,1,1,39042,/data/ncd?ncdid=0&ncdver=1
04/29/2025,39044,15,53,1,1,39044,/data/ncd?ncdid=53&ncdver=1
04/29/2025,39044,15,352,1,2,39044,/data/ncd?ncdid=352&ncdver=1
04/29/2025,39044,15,361,1,3,39044,/data/ncd?ncdid=361&ncdver=1
04/29/2025,39044,15,365,1,4,39044,/data/ncd?ncdid=365&ncdver=1
04/29/2025,39044,15,369,1,5,39044,/data/ncd?ncdid=369&ncdver=1
04/29/2025,39044,15,335,1,6,39044,/data/ncd?ncdid=335&ncdver=1
04/29/2025,39023,23,217,1,1,39023,/data/ncd?ncdid=217&ncdver=1
04/29/2025,39051,10,64,1,1,39051,/data/ncd?ncdid=64&ncdver=1
04/29/2025,39051,10,14,1,2,39051,/data/ncd?ncdid=14&ncdver=1
04/29/2025,39051,10,129,1,3,39051,/data/ncd?ncdid=129&ncdver=1
04/29/2025,39051,10,338,1,4,39051,/data/ncd?ncdid=338&ncdver=1
04/29/2025,39054,17,0,1,1,39054,/data/ncd?ncdid=0&ncdver=1
04/29/2025,33801,26,221,1,1,33801,/data/ncd?ncdid=221&ncdver=1
04/29/2025,33801,26,190,1,2,33801,/data/ncd?ncdid=190&ncdver=1
12/15/2025,40327,4,155,1,1,40327,/data/ncd?ncdid=155&ncdver=1
12/15/2025,40327,4,266,1,2,40327,/data/ncd?ncdid=266&ncdver=1
12/15/2025,40327,4,187,1,3,40327,/data/ncd?ncdid=187&ncdver=1
12/15/2025,40327,4,161,1,4,40327,/data/ncd?ncdid=161&ncdver=1
04/29/2025,34961,48,129,1,1,34961,/data/ncd?ncdid=129&ncdver=1
04/29/2025,37011,24,0,1,1,37011,/data/ncd?ncdid=0&ncdver=1
04/29/2025,39058,17,217,1,1,39058,/data/ncd?ncdid=217&ncdver=1
04/29/2025,38994,20,0,1,1,38994,/data/ncd?ncdid=0&ncdver=1
04/29/2025,39060,16,217,1,1,39060,/data/ncd?ncdid=217&ncdver=1
04/29/2025,37015,27,0,1,1,37015,/data/ncd?ncdid=0&ncdver=1
04/29/2025,39063,11,333,1,1,39063,/data/ncd?ncdid=333&ncdver=1
04/29/2025,39063,11,372,1,2,39063,/data/ncd?ncdid=372&ncdver=1
04/29/2025,37020,26,64,1,1,37020,/data/ncd?ncdid=64&ncdver=1
04/29/2025,37020,26,14,1,2,37020,/data/ncd?ncdid=14&ncdver=1
04/29/2025,39071,16,217,1,1,39071,/data/ncd?ncdid=217&ncdver=1
04/29/2025,34976,34,0,1,1,34976,/data/ncd?ncdid=0&ncdver=1
04/29/2025,39068,21,217,1,1,39068,/data/ncd?ncdid=217&ncdver=1
04/29/2025,39073,4,333,1,1,39073,/data/ncd?ncdid=333&ncdver=1
04/29/2025,39073,4,372,1,2,39073,/data/ncd?ncdid=372&ncdver=1
01/08/2026,40329,5,0,1,1,40329,/data/ncd?ncdid=0&ncdver=1
04/29/2025,37022,30,0,1,1,37022,/data/ncd?ncdid=0&ncdver=1
04/29/2025,39075,15,176,1,1,39075,/data/ncd?ncdid=176&ncdver=1
04/29/2025,37027,20,9,1,1,37027,/data/ncd?ncdid=9&ncdver=1
04/29/2025,34975,67,200,1,1,34975,/data/ncd?ncdid=200&ncdver=1
04/29/2025,37031,35,0,1,1,37031,/data/ncd?ncdid=0&ncdver=1
04/29/2025,39080,4,110,1,1,39080,/data/ncd?ncdid=110&ncdver=1
04/29/2025,39080,4,238,1,2,39080,/data/ncd?ncdid=238&ncdver=1
04/29/2025,37033,30,0,1,1,37033,/data/ncd?ncdid=0&ncdver=1
04/29/2025,38997,12,0,1,1,38997,/data/ncd?ncdid=0&ncdver=1
04/29/2025,39084,5,0,1,1,39084,/data/ncd?ncdid=0&ncdver=1
01/08/2026,40333,7,0,1,1,40333,/data/ncd?ncdid=0&ncdver=1
04/29/2025,39082,6,0,1,1,39082,/data/ncd?ncdid=0&ncdver=1
04/29/2025,39086,10,0,1,1,39086,/data/ncd?ncdid=0&ncdver=1
04/29/2025,34998,33,0,1,1,34998,/data/ncd?ncdid=0&ncdver=1
05/20/2026,35000,156,372,2,1,35000,/data/ncd?ncdid=372&ncdver=2
04/29/2025,35003,61,0,1,1,35003,/data/ncd?ncdid=0&ncdver=1
04/29/2025,35001,12,64,1,1,35001,/data/ncd?ncdid=64&ncdver=1
04/29/2025,37893,30,201,1,1,37893,/data/ncd?ncdid=201&ncdver=1
04/29/2025,35004,23,0,1,1,35004,/data/ncd?ncdid=0&ncdver=1
04/29/2025,37054,22,0,1,1,37054,/data/ncd?ncdid=0&ncdver=1
04/29/2025,35007,81,0,1,1,35007,/data/ncd?ncdid=0&ncdver=1
04/29/2025,35006,119,29,1,1,35006,/data/ncd?ncdid=29&ncdver=1
04/29/2025,35006,119,28,1,2,35006,/data/ncd?ncdid=28&ncdver=1
04/29/2025,35006,119,59,1,3,35006,/data/ncd?ncdid=59&ncdver=1
04/29/2025,33823,26,190,1,1,33823,/data/ncd?ncdid=190&ncdver=1
04/29/2025,35013,36,0,1,1,35013,/data/ncd?ncdid=0&ncdver=1
05/13/2026,35010,50,0,1,1,35010,/data/ncd?ncdid=0&ncdver=1
04/29/2025,37062,25,0,1,1,37062,/data/ncd?ncdid=0&ncdver=1
04/29/2025,35014,39,156,1,1,35014,/data/ncd?ncdid=156&ncdver=1
04/29/2025,35014,39,55,1,2,35014,/data/ncd?ncdid=55&ncdver=1
04/29/2025,35014,39,203,1,3,35014,/data/ncd?ncdid=203&ncdver=1
04/29/2025,35014,39,194,1,4,35014,/data/ncd?ncdid=194&ncdver=1
04/29/2025,37066,31,0,1,1,37066,/data/ncd?ncdid=0&ncdver=1
04/29/2025,35016,36,263,1,1,35016,/data/ncd?ncdid=263&ncdver=1
04/29/2025,37068,23,0,1,1,37068,/data/ncd?ncdid=0&ncdver=1
04/29/2025,39116,6,0,1,1,39116,/data/ncd?ncdid=0&ncdver=1
04/29/2025,37070,26,0,1,1,37070,/data/ncd?ncdid=0&ncdver=1
04/29/2025,39118,6,0,1,1,39118,/data/ncd?ncdid=0&ncdver=1
04/29/2025,37072,25,0,1,1,37072,/data/ncd?ncdid=0&ncdver=1
04/29/2025,35025,98,0,1,1,35025,/data/ncd?ncdid=0&ncdver=1
04/29/2025,39121,9,263,1,1,39121,/data/ncd?ncdid=263&ncdver=1
04/29/2025,35028,11,0,1,1,35028,/data/ncd?ncdid=0&ncdver=1
04/29/2025,35022,67,57,1,1,35022,/data/ncd?ncdid=57&ncdver=1
04/29/2025,39122,3,281,1,1,39122,/data/ncd?ncdid=281&ncdver=1
04/29/2025,35026,75,0,1,1,35026,/data/ncd?ncdid=0&ncdver=1
01/22/2026,40340,3,0,1,1,40340,/data/ncd?ncdid=0&ncdver=1
04/29/2025,35035,74,201,1,1,35035,/data/ncd?ncdid=201&ncdver=1
04/29/2025,35035,74,255,1,2,35035,/data/ncd?ncdid=255&ncdver=1
04/29/2025,39128,15,366,1,1,39128,/data/ncd?ncdid=366&ncdver=1
01/22/2026,40342,2,0,1,1,40342,/data/ncd?ncdid=0&ncdver=1
04/29/2025,37086,27,0,1,1,37086,/data/ncd?ncdid=0&ncdver=1
04/29/2025,35038,76,128,1,1,35038,/data/ncd?ncdid=128&ncdver=1
04/29/2025,35038,76,349,1,2,35038,/data/ncd?ncdid=349&ncdver=1
04/29/2025,35038,76,157,1,3,35038,/data/ncd?ncdid=157&ncdver=1
04/29/2025,35038,76,350,1,4,35038,/data/ncd?ncdid=350&ncdver=1
04/29/2025,35038,76,56,1,5,35038,/data/ncd?ncdid=56&ncdver=1
04/29/2025,35038,76,261,1,6,35038,/data/ncd?ncdid=261&ncdver=1
04/29/2025,35038,76,69,1,7,35038,/data/ncd?ncdid=69&ncdver=1
04/29/2025,35038,76,176,1,8,35038,/data/ncd?ncdid=176&ncdver=1
04/29/2025,37088,22,0,1,1,37088,/data/ncd?ncdid=0&ncdver=1
04/29/2025,39936,14,0,1,1,39936,/data/ncd?ncdid=0&ncdver=1
08/17/2016,35041,113,217,5,1,35041,/data/ncd?ncdid=217&ncdver=5
04/29/2025,39139,5,0,1,1,39139,/data/ncd?ncdid=0&ncdver=1
04/29/2025,35048,82,0,1,1,35048,/data/ncd?ncdid=0&ncdver=1
01/23/2026,40344,12,190,4,1,40344,/data/ncd?ncdid=190&ncdver=4
01/23/2026,40344,12,219,2,2,40344,/data/ncd?ncdid=219&ncdver=2
01/23/2026,40344,12,376,1,3,40344,/data/ncd?ncdid=376&ncdver=1
04/29/2025,35049,58,0,1,1,35049,/data/ncd?ncdid=0&ncdver=1
04/29/2025,35062,122,333,1,1,35062,/data/ncd?ncdid=333&ncdver=1
04/29/2025,35050,55,32,1,1,35050,/data/ncd?ncdid=32&ncdver=1
04/29/2025,35050,55,226,1,2,35050,/data/ncd?ncdid=226&ncdver=1
04/29/2025,35050,55,330,1,3,35050,/data/ncd?ncdid=330&ncdver=1
04/29/2025,35074,33,0,1,1,35074,/data/ncd?ncdid=0&ncdver=1
04/29/2025,35070,76,89,1,1,35070,/data/ncd?ncdid=89&ncdver=1
04/29/2025,35073,51,0,1,1,35073,/data/ncd?ncdid=0&ncdver=1
04/29/2025,37126,22,0,1,1,37126,/data/ncd?ncdid=0&ncdver=1
04/29/2025,35075,35,0,1,1,35075,/data/ncd?ncdid=0&ncdver=1
04/29/2025,35081,85,270,1,1,35081,/data/ncd?ncdid=270&ncdver=1
04/29/2025,35080,54,81,1,1,35080,/data/ncd?ncdid=81&ncdver=1
04/29/2025,35080,54,108,1,2,35080,/data/ncd?ncdid=108&ncdver=1
04/29/2025,35080,54,191,1,3,35080,/data/ncd?ncdid=191&ncdver=1
04/29/2025,35076,57,0,1,1,35076,/data/ncd?ncdid=0&ncdver=1
04/29/2025,37130,21,0,1,1,37130,/data/ncd?ncdid=0&ncdver=1
03/27/2026,40352,6,0,1,1,40352,/data/ncd?ncdid=0&ncdver=1
04/29/2025,35083,108,177,1,1,35083,/data/ncd?ncdid=177&ncdver=1
04/29/2025,35083,108,263,1,2,35083,/data/ncd?ncdid=263&ncdver=1
04/29/2025,35083,108,211,1,3,35083,/data/ncd?ncdid=211&ncdver=1
04/29/2025,35083,108,292,1,4,35083,/data/ncd?ncdid=292&ncdver=1
04/29/2025,35083,108,298,1,5,35083,/data/ncd?ncdid=298&ncdver=1
04/29/2025,35083,108,271,1,6,35083,/data/ncd?ncdid=271&ncdver=1
04/29/2025,35089,30,81,1,1,35089,/data/ncd?ncdid=81&ncdver=1
04/29/2025,35090,95,64,1,1,35090,/data/ncd?ncdid=64&ncdver=1
04/29/2025,35090,95,69,1,2,35090,/data/ncd?ncdid=69&ncdver=1
04/29/2025,35090,95,129,1,3,35090,/data/ncd?ncdid=129&ncdver=1
04/29/2025,35091,103,60,1,1,35091,/data/ncd?ncdid=60&ncdver=1
04/29/2025,35091,103,213,1,2,35091,/data/ncd?ncdid=213&ncdver=1
04/29/2025,35091,103,9,1,3,35091,/data/ncd?ncdid=9&ncdver=1
04/29/2025,35091,103,239,1,4,35091,/data/ncd?ncdid=239&ncdver=1
04/29/2025,35093,114,158,1,1,35093,/data/ncd?ncdid=158&ncdver=1
04/29/2025,35092,78,0,1,1,35092,/data/ncd?ncdid=0&ncdver=1
03/27/2026,40353,6,0,1,1,40353,/data/ncd?ncdid=0&ncdver=1
04/29/2025,39189,8,0,1,1,39189,/data/ncd?ncdid=0&ncdver=1
03/27/2026,40354,4,0,1,1,40354,/data/ncd?ncdid=0&ncdver=1
04/29/2025,35098,28,270,1,1,35098,/data/ncd?ncdid=270&ncdver=1
03/27/2026,40357,4,0,1,1,40357,/data/ncd?ncdid=0&ncdver=1
04/29/2025,35101,128,0,1,1,35101,/data/ncd?ncdid=0&ncdver=1
04/29/2025,35099,60,98,1,1,35099,/data/ncd?ncdid=98&ncdver=1
04/29/2025,35099,60,100,1,2,35099,/data/ncd?ncdid=100&ncdver=1
04/29/2025,35099,60,101,1,3,35099,/data/ncd?ncdid=101&ncdver=1
04/29/2025,35099,60,102,1,4,35099,/data/ncd?ncdid=102&ncdver=1
04/29/2025,37166,23,12,1,1,37166,/data/ncd?ncdid=12&ncdver=1
04/29/2025,37166,23,131,1,2,37166,/data/ncd?ncdid=131&ncdver=1
04/29/2025,37166,23,232,1,3,37166,/data/ncd?ncdid=232&ncdver=1
04/29/2025,37166,23,217,1,4,37166,/data/ncd?ncdid=217&ncdver=1
04/29/2025,37166,23,47,1,5,37166,/data/ncd?ncdid=47&ncdver=1
04/29/2025,37166,23,139,1,6,37166,/data/ncd?ncdid=139&ncdver=1
04/29/2025,35125,77,12,1,1,35125,/data/ncd?ncdid=12&ncdver=1
04/29/2025,35125,77,131,1,2,35125,/data/ncd?ncdid=131&ncdver=1
04/29/2025,35125,77,232,1,3,35125,/data/ncd?ncdid=232&ncdver=1
04/29/2025,35125,77,217,1,4,35125,/data/ncd?ncdid=217&ncdver=1
04/29/2025,35125,77,47,1,5,35125,/data/ncd?ncdid=47&ncdver=1
04/29/2025,35125,77,139,1,6,35125,/data/ncd?ncdid=139&ncdver=1
04/29/2025,35124,25,0,1,1,35124,/data/ncd?ncdid=0&ncdver=1
04/29/2025,39226,13,198,1,1,39226,/data/ncd?ncdid=198&ncdver=1
04/29/2025,37176,57,0,1,1,37176,/data/ncd?ncdid=0&ncdver=1
04/29/2025,35121,35,176,1,1,35121,/data/ncd?ncdid=176&ncdver=1
04/29/2025,35130,66,0,1,1,35130,/data/ncd?ncdid=0&ncdver=1
04/29/2025,39230,7,372,1,1,39230,/data/ncd?ncdid=372&ncdver=1
04/29/2025,39232,6,372,1,1,39232,/data/ncd?ncdid=372&ncdver=1
04/29/2025,35136,37,240,1,1,35136,/data/ncd?ncdid=240&ncdver=1
04/29/2025,35132,54,0,1,1,35132,/data/ncd?ncdid=0&ncdver=1
04/29/2025,39237,10,322,1,1,39237,/data/ncd?ncdid=322&ncdver=1
04/29/2025,39240,15,0,1,1,39240,/data/ncd?ncdid=0&ncdver=1
04/29/2025,39242,8,0,1,1,39242,/data/ncd?ncdid=0&ncdver=1
04/29/2025,35138,43,171,1,1,35138,/data/ncd?ncdid=171&ncdver=1
04/29/2025,33446,47,0,1,1,33446,/data/ncd?ncdid=0&ncdver=1
04/29/2025,37199,16,0,1,1,37199,/data/ncd?ncdid=0&ncdver=1
04/29/2025,35160,62,0,1,1,35160,/data/ncd?ncdid=0&ncdver=1
04/29/2025,37205,15,0,1,1,37205,/data/ncd?ncdid=0&ncdver=1
04/29/2025,39256,7,0,1,1,39256,/data/ncd?ncdid=0&ncdver=1
04/29/2025,35163,29,64,1,1,35163,/data/ncd?ncdid=64&ncdver=1
04/29/2025,35163,29,14,1,2,35163,/data/ncd?ncdid=14&ncdver=1
04/29/2025,37210,21,0,1,1,37210,/data/ncd?ncdid=0&ncdver=1
04/29/2025,39262,8,0,1,1,39262,/data/ncd?ncdid=0&ncdver=1
04/29/2025,39258,12,171,1,1,39258,/data/ncd?ncdid=171&ncdver=1
04/29/2025,39260,5,0,1,1,39260,/data/ncd?ncdid=0&ncdver=1
04/29/2025,39264,8,0,1,1,39264,/data/ncd?ncdid=0&ncdver=1
04/29/2025,39266,3,0,1,1,39266,/data/ncd?ncdid=0&ncdver=1
11/17/2025,35172,72,0,1,1,35172,/data/ncd?ncdid=0&ncdver=1
04/29/2025,37216,23,0,1,1,37216,/data/ncd?ncdid=0&ncdver=1
11/17/2025,35170,60,0,1,1,35170,/data/ncd?ncdid=0&ncdver=1
04/29/2025,39268,7,256,1,1,39268,/data/ncd?ncdid=256&ncdver=1
04/29/2025,39276,9,0,1,1,39276,/data/ncd?ncdid=0&ncdver=1
04/29/2025,39270,8,366,1,1,39270,/data/ncd?ncdid=366&ncdver=1
04/29/2025,39270,8,1,1,2,39270,/data/ncd?ncdid=1&ncdver=1
04/29/2025,35175,64,176,1,1,35175,/data/ncd?ncdid=176&ncdver=1
04/29/2025,35175,64,177,1,2,35175,/data/ncd?ncdid=177&ncdver=1
04/29/2025,33449,36,192,1,1,33449,/data/ncd?ncdid=192&ncdver=1
04/29/2025,37228,24,131,1,1,37228,/data/ncd?ncdid=131&ncdver=1
04/29/2025,37228,24,232,1,2,37228,/data/ncd?ncdid=232&ncdver=1
04/29/2025,37228,24,217,1,3,37228,/data/ncd?ncdid=217&ncdver=1
04/29/2025,37228,24,47,1,4,37228,/data/ncd?ncdid=47&ncdver=1
04/29/2025,37228,24,315,1,5,37228,/data/ncd?ncdid=315&ncdver=1
04/29/2025,37244,41,9,1,1,37244,/data/ncd?ncdid=9&ncdver=1
04/29/2025,37244,41,60,1,2,37244,/data/ncd?ncdid=60&ncdver=1
05/07/2025,37244,41,239,1,4,37244,/data/ncd?ncdid=239&ncdver=1
04/29/2025,39284,12,152,1,1,39284,/data/ncd?ncdid=152&ncdver=1
04/29/2025,39284,12,268,1,2,39284,/data/ncd?ncdid=268&ncdver=1
04/29/2025,37254,16,0,1,1,37254,/data/ncd?ncdid=0&ncdver=1
07/13/2025,39297,7,0,1,1,39297,/data/ncd?ncdid=0&ncdver=1
04/29/2025,37260,27,0,1,1,37260,/data/ncd?ncdid=0&ncdver=1
05/08/2026,40377,27,0,1,1,40377,/data/ncd?ncdid=0&ncdver=1
04/29/2025,37264,21,0,1,1,37264,/data/ncd?ncdid=0&ncdver=1
07/13/2025,39314,12,158,1,1,39314,/data/ncd?ncdid=158&ncdver=1
04/29/2025,37281,23,176,1,1,37281,/data/ncd?ncdid=176&ncdver=1
04/29/2025,37281,23,177,1,2,37281,/data/ncd?ncdid=177&ncdver=1
04/29/2025,35222,25,135,1,1,35222,/data/ncd?ncdid=135&ncdver=1
04/29/2025,35222,25,15,1,2,35222,/data/ncd?ncdid=15&ncdver=1
04/29/2025,35222,25,11,1,3,35222,/data/ncd?ncdid=11&ncdver=1
04/29/2025,37293,28,17,1,1,37293,/data/ncd?ncdid=17&ncdver=1
04/29/2025,37293,28,320,1,2,37293,/data/ncd?ncdid=320&ncdver=1
04/29/2025,37295,22,0,1,1,37295,/data/ncd?ncdid=0&ncdver=1
04/29/2025,37283,23,0,1,1,37283,/data/ncd?ncdid=0&ncdver=1
05/02/2025,35249,20,135,1,1,35249,/data/ncd?ncdid=135&ncdver=1
05/02/2025,35249,20,15,1,2,35249,/data/ncd?ncdid=15&ncdver=1
05/02/2025,35249,20,11,2,3,35249,/data/ncd?ncdid=11&ncdver=2
04/29/2025,39345,3,0,1,1,39345,/data/ncd?ncdid=0&ncdver=1
04/29/2025,37299,30,0,1,1,37299,/data/ncd?ncdid=0&ncdver=1
04/29/2025,37311,21,0,1,1,37311,/data/ncd?ncdid=0&ncdver=1
04/29/2025,37313,28,0,1,1,37313,/data/ncd?ncdid=0&ncdver=1
04/29/2025,39356,5,0,1,1,39356,/data/ncd?ncdid=0&ncdver=1
12/11/2024,39367,41,281,7,1,39367,/data/ncd?ncdid=281&ncdver=7
12/11/2024,39367,41,198,1,2,39367,/data/ncd?ncdid=198&ncdver=1
12/11/2024,39367,41,372,2,3,39367,/data/ncd?ncdid=372&ncdver=2
12/11/2024,39365,149,281,7,1,39365,/data/ncd?ncdid=281&ncdver=7
12/11/2024,39365,149,198,1,2,39365,/data/ncd?ncdid=198&ncdver=1
12/11/2024,39365,149,372,2,3,39365,/data/ncd?ncdid=372&ncdver=2
04/29/2025,39383,13,0,1,1,39383,/data/ncd?ncdid=0&ncdver=1
04/29/2025,39373,6,0,1,1,39373,/data/ncd?ncdid=0&ncdver=1
04/29/2025,39375,4,0,1,1,39375,/data/ncd?ncdid=0&ncdver=1
04/29/2025,39387,8,0,1,1,39387,/data/ncd?ncdid=0&ncdver=1
04/29/2025,39385,6,0,1,1,39385,/data/ncd?ncdid=0&ncdver=1
04/29/2025,39391,9,0,1,1,39391,/data/ncd?ncdid=0&ncdver=1
04/29/2025,39389,6,0,1,1,39389,/data/ncd?ncdid=0&ncdver=1
04/29/2025,39396,7,366,1,1,39396,/data/ncd?ncdid=366&ncdver=1
04/29/2025,39396,7,1,1,2,39396,/data/ncd?ncdid=1&ncdver=1
04/29/2025,33252,29,0,1,1,33252,/data/ncd?ncdid=0&ncdver=1
04/29/2025,39398,6,366,1,1,39398,/data/ncd?ncdid=366&ncdver=1
04/29/2025,39398,6,1,1,2,39398,/data/ncd?ncdid=1&ncdver=1
04/29/2025,39402,14,0,1,1,39402,/data/ncd?ncdid=0&ncdver=1
04/29/2025,37352,25,0,1,1,37352,/data/ncd?ncdid=0&ncdver=1
04/29/2025,39400,8,0,1,1,39400,/data/ncd?ncdid=0&ncdver=1
05/02/2025,37356,17,0,1,1,37356,/data/ncd?ncdid=0&ncdver=1
04/29/2025,39583,3,0,1,1,39583,/data/ncd?ncdid=0&ncdver=1
04/29/2025,37360,22,240,1,1,37360,/data/ncd?ncdid=240&ncdver=1
04/29/2025,33267,17,0,1,1,33267,/data/ncd?ncdid=0&ncdver=1
04/29/2025,33261,40,266,1,1,33261,/data/ncd?ncdid=266&ncdver=1
04/29/2025,33261,40,187,1,2,33261,/data/ncd?ncdid=187&ncdver=1
04/29/2025,33261,40,161,1,3,33261,/data/ncd?ncdid=161&ncdver=1
04/29/2025,33261,40,241,1,4,33261,/data/ncd?ncdid=241&ncdver=1
04/29/2025,39420,4,177,1,1,39420,/data/ncd?ncdid=177&ncdver=1
04/29/2025,33274,43,0,1,1,33274,/data/ncd?ncdid=0&ncdver=1
04/29/2025,37371,42,1,1,1,37371,/data/ncd?ncdid=1&ncdver=1
04/29/2025,37373,41,176,1,1,37373,/data/ncd?ncdid=176&ncdver=1
04/29/2025,37373,41,177,1,2,37373,/data/ncd?ncdid=177&ncdver=1
04/29/2025,39424,6,0,1,1,39424,/data/ncd?ncdid=0&ncdver=1
04/29/2025,37379,42,263,1,1,37379,/data/ncd?ncdid=263&ncdver=1
04/29/2025,39434,8,366,1,1,39434,/data/ncd?ncdid=366&ncdver=1
04/29/2025,39434,8,1,1,2,39434,/data/ncd?ncdid=1&ncdver=1
04/29/2025,39427,7,0,1,1,39427,/data/ncd?ncdid=0&ncdver=1
04/29/2025,37387,25,0,1,1,37387,/data/ncd?ncdid=0&ncdver=1
04/29/2025,37398,21,1,1,1,37398,/data/ncd?ncdid=1&ncdver=1
04/29/2025,39455,7,0,1,1,39455,/data/ncd?ncdid=0&ncdver=1
04/29/2025,39462,9,0,1,1,39462,/data/ncd?ncdid=0&ncdver=1
04/29/2025,33317,34,0,1,1,33317,/data/ncd?ncdid=0&ncdver=1
04/29/2025,33312,40,190,1,1,33312,/data/ncd?ncdid=190&ncdver=1
04/29/2025,33312,40,219,1,2,33312,/data/ncd?ncdid=219&ncdver=1
04/29/2025,35350,60,81,1,1,35350,/data/ncd?ncdid=81&ncdver=1
04/29/2025,35350,60,95,1,2,35350,/data/ncd?ncdid=95&ncdver=1
11/19/2025,33318,63,0,1,1,33318,/data/ncd?ncdid=0&ncdver=1
04/29/2025,39464,8,0,1,1,39464,/data/ncd?ncdid=0&ncdver=1
12/17/2025,37421,37,0,1,1,37421,/data/ncd?ncdid=0&ncdver=1
07/02/2025,39467,9,0,1,2,39467,/data/ncd?ncdid=0&ncdver=1
07/02/2025,39469,9,0,1,2,39469,/data/ncd?ncdid=0&ncdver=1
04/29/2025,39475,7,0,1,1,39475,/data/ncd?ncdid=0&ncdver=1
04/29/2025,35391,17,331,1,1,35391,/data/ncd?ncdid=331&ncdver=1
04/29/2025,35391,17,336,1,2,35391,/data/ncd?ncdid=336&ncdver=1
04/29/2025,39481,8,0,1,1,39481,/data/ncd?ncdid=0&ncdver=1
04/29/2025,39477,7,366,1,1,39477,/data/ncd?ncdid=366&ncdver=1
04/29/2025,39477,7,1,1,2,39477,/data/ncd?ncdid=1&ncdver=1
04/30/2025,39479,5,0,1,1,39479,/data/ncd?ncdid=0&ncdver=1
04/29/2025,35395,48,171,1,1,35395,/data/ncd?ncdid=171&ncdver=1
04/29/2025,39492,7,179,1,1,39492,/data/ncd?ncdid=179&ncdver=1
04/29/2025,39490,7,179,1,1,39490,/data/ncd?ncdid=179&ncdver=1
04/30/2025,35396,220,281,7,1,35396,/data/ncd?ncdid=281&ncdver=7
04/30/2025,35396,220,372,2,2,35396,/data/ncd?ncdid=372&ncdver=2
04/29/2025,35397,64,165,1,1,35397,/data/ncd?ncdid=165&ncdver=1
04/29/2025,35397,64,212,1,2,35397,/data/ncd?ncdid=212&ncdver=1
04/29/2025,35397,64,164,1,3,35397,/data/ncd?ncdid=164&ncdver=1
04/29/2025,35397,64,263,1,4,35397,/data/ncd?ncdid=263&ncdver=1
04/29/2025,39506,6,64,1,1,39506,/data/ncd?ncdid=64&ncdver=1
04/29/2025,39506,6,14,1,2,39506,/data/ncd?ncdid=14&ncdver=1
04/29/2025,39506,6,129,1,3,39506,/data/ncd?ncdid=129&ncdver=1
04/29/2025,39506,6,338,1,4,39506,/data/ncd?ncdid=338&ncdver=1
04/29/2025,39513,4,1,1,1,39513,/data/ncd?ncdid=1&ncdver=1
04/29/2025,39513,4,366,1,2,39513,/data/ncd?ncdid=366&ncdver=1
12/03/2025,33370,58,190,4,1,33370,/data/ncd?ncdid=190&ncdver=4
12/03/2025,33370,58,321,1,2,33370,/data/ncd?ncdid=321&ncdver=1
04/29/2025,33369,26,0,1,1,33369,/data/ncd?ncdid=0&ncdver=1
04/29/2025,39521,8,211,1,1,39521,/data/ncd?ncdid=211&ncdver=1
04/29/2025,39521,8,323,1,2,39521,/data/ncd?ncdid=323&ncdver=1
04/29/2025,39521,8,356,1,3,39521,/data/ncd?ncdid=356&ncdver=1
04/29/2025,39521,8,331,1,4,39521,/data/ncd?ncdid=331&ncdver=1
04/29/2025,39521,8,298,1,5,39521,/data/ncd?ncdid=298&ncdver=1
04/29/2025,39521,8,294,1,6,39521,/data/ncd?ncdid=294&ncdver=1
04/29/2025,39521,8,331,1,7,39521,/data/ncd?ncdid=331&ncdver=1
04/29/2025,39521,8,323,1,8,39521,/data/ncd?ncdid=323&ncdver=1
04/29/2025,37475,18,156,1,1,37475,/data/ncd?ncdid=156&ncdver=1
04/29/2025,37475,18,55,1,2,37475,/data/ncd?ncdid=55&ncdver=1
04/29/2025,37475,18,194,1,3,37475,/data/ncd?ncdid=194&ncdver=1
04/30/2025,39529,5,0,1,1,39529,/data/ncd?ncdid=0&ncdver=1
04/29/2025,33393,10,0,1,1,33393,/data/ncd?ncdid=0&ncdver=1
04/29/2025,35434,30,169,1,1,35434,/data/ncd?ncdid=169&ncdver=1
04/29/2025,33394,55,0,1,1,33394,/data/ncd?ncdid=0&ncdver=1
06/02/2026,33398,40,0,1,1,33398,/data/ncd?ncdid=0&ncdver=1
04/29/2025,33396,11,42,1,1,33396,/data/ncd?ncdid=42&ncdver=1
04/29/2025,33396,11,11,1,2,33396,/data/ncd?ncdid=11&ncdver=1
04/29/2025,33396,11,249,1,3,33396,/data/ncd?ncdid=249&ncdver=1
04/29/2025,35442,26,0,1,1,35442,/data/ncd?ncdid=0&ncdver=1
04/29/2025,39543,5,249,1,1,39543,/data/ncd?ncdid=249&ncdver=1
04/29/2025,35451,53,165,1,1,35451,/data/ncd?ncdid=165&ncdver=1
04/29/2025,35451,53,263,1,2,35451,/data/ncd?ncdid=263&ncdver=1
04/29/2025,33405,25,226,1,1,33405,/data/ncd?ncdid=226&ncdver=1
04/29/2025,33405,25,330,1,2,33405,/data/ncd?ncdid=330&ncdver=1
04/29/2025,33399,15,214,1,1,33399,/data/ncd?ncdid=214&ncdver=1
04/29/2025,33399,15,215,1,2,33399,/data/ncd?ncdid=215&ncdver=1
04/29/2025,37502,21,156,1,1,37502,/data/ncd?ncdid=156&ncdver=1
04/29/2025,37502,21,55,1,2,37502,/data/ncd?ncdid=55&ncdver=1
04/29/2025,37502,21,194,1,3,37502,/data/ncd?ncdid=194&ncdver=1
04/29/2025,35457,64,11,1,1,35457,/data/ncd?ncdid=11&ncdver=1
04/29/2025,35457,64,135,1,2,35457,/data/ncd?ncdid=135&ncdver=1
04/29/2025,35457,64,15,1,3,35457,/data/ncd?ncdid=15&ncdver=1
04/29/2025,35456,66,11,1,1,35456,/data/ncd?ncdid=11&ncdver=1
04/29/2025,35456,66,135,1,2,35456,/data/ncd?ncdid=135&ncdver=1
04/29/2025,35456,66,15,1,3,35456,/data/ncd?ncdid=15&ncdver=1
04/29/2025,37504,17,156,1,1,37504,/data/ncd?ncdid=156&ncdver=1
04/29/2025,37504,17,55,1,2,37504,/data/ncd?ncdid=55&ncdver=1
04/29/2025,37504,17,194,1,3,37504,/data/ncd?ncdid=194&ncdver=1
04/29/2025,33411,29,57,1,1,33411,/data/ncd?ncdid=57&ncdver=1
04/29/2025,39553,24,0,1,1,39553,/data/ncd?ncdid=0&ncdver=1
04/29/2025,33417,40,266,1,1,33417,/data/ncd?ncdid=266&ncdver=1
04/29/2025,33417,40,187,1,2,33417,/data/ncd?ncdid=187&ncdver=1
04/29/2025,33417,40,161,1,3,33417,/data/ncd?ncdid=161&ncdver=1
04/29/2025,33417,40,155,1,4,33417,/data/ncd?ncdid=155&ncdver=1
04/29/2025,33420,41,0,1,1,33420,/data/ncd?ncdid=0&ncdver=1
04/29/2025,33423,58,176,1,1,33423,/data/ncd?ncdid=176&ncdver=1
04/29/2025,33428,53,64,1,1,33428,/data/ncd?ncdid=64&ncdver=1
04/29/2025,33428,53,14,1,2,33428,/data/ncd?ncdid=14&ncdver=1
04/29/2025,33428,53,338,1,3,33428,/data/ncd?ncdid=338&ncdver=1
04/29/2025,33422,45,0,1,1,33422,/data/ncd?ncdid=0&ncdver=1
04/29/2025,39573,3,147,1,1,39573,/data/ncd?ncdid=147&ncdver=1
04/29/2025,33431,59,100,1,1,33431,/data/ncd?ncdid=100&ncdver=1
04/29/2025,39575,4,366,1,1,39575,/data/ncd?ncdid=366&ncdver=1
04/29/2025,39575,4,217,1,2,39575,/data/ncd?ncdid=217&ncdver=1
04/29/2025,37531,20,0,1,1,37531,/data/ncd?ncdid=0&ncdver=1
04/29/2025,35486,22,249,1,1,35486,/data/ncd?ncdid=249&ncdver=1
04/29/2025,35486,22,231,1,2,35486,/data/ncd?ncdid=231&ncdver=1
04/29/2025,35486,22,42,1,3,35486,/data/ncd?ncdid=42&ncdver=1
04/29/2025,33436,38,0,1,1,33436,/data/ncd?ncdid=0&ncdver=1
04/29/2025,37535,19,0,1,1,37535,/data/ncd?ncdid=0&ncdver=1
04/29/2025,33438,47,0,1,1,33438,/data/ncd?ncdid=0&ncdver=1
04/29/2025,39585,5,0,1,1,39585,/data/ncd?ncdid=0&ncdver=1
04/29/2025,35490,85,0,1,3,35490,/data/ncd?ncdid=0&ncdver=1
04/29/2025,37537,20,156,1,1,37537,/data/ncd?ncdid=156&ncdver=1
04/29/2025,37537,20,55,1,2,37537,/data/ncd?ncdid=55&ncdver=1
04/29/2025,37537,20,194,1,3,37537,/data/ncd?ncdid=194&ncdver=1
04/29/2025,37539,17,0,1,1,37539,/data/ncd?ncdid=0&ncdver=1
04/29/2025,33445,79,129,1,1,33445,/data/ncd?ncdid=129&ncdver=1
04/29/2025,39589,4,0,1,1,39589,/data/ncd?ncdid=0&ncdver=1
04/29/2025,35494,28,0,1,1,35494,/data/ncd?ncdid=0&ncdver=1
04/29/2025,33447,48,0,1,1,33447,/data/ncd?ncdid=0&ncdver=1
04/29/2025,33444,42,17,1,1,33444,/data/ncd?ncdid=17&ncdver=1
04/29/2025,39594,6,0,1,1,39594,/data/ncd?ncdid=0&ncdver=1
04/29/2025,37547,22,0,1,1,37547,/data/ncd?ncdid=0&ncdver=1
04/29/2025,35498,30,129,1,1,35498,/data/ncd?ncdid=129&ncdver=1
04/29/2025,37549,22,0,1,1,37549,/data/ncd?ncdid=0&ncdver=1
04/29/2025,39591,11,0,1,1,39591,/data/ncd?ncdid=0&ncdver=1
04/29/2025,33455,31,0,1,1,33455,/data/ncd?ncdid=0&ncdver=1
04/29/2025,33456,71,0,1,1,33456,/data/ncd?ncdid=0&ncdver=1
04/29/2025,33458,70,19,1,1,33458,/data/ncd?ncdid=19&ncdver=1
04/29/2025,33459,46,176,1,1,33459,/data/ncd?ncdid=176&ncdver=1
04/29/2025,37561,20,0,1,1,37561,/data/ncd?ncdid=0&ncdver=1
04/29/2025,33461,64,223,1,1,33461,/data/ncd?ncdid=223&ncdver=1
04/29/2025,39611,5,29,1,1,39611,/data/ncd?ncdid=29&ncdver=1
04/29/2025,39611,5,28,1,2,39611,/data/ncd?ncdid=28&ncdver=1
04/29/2025,33467,49,56,1,1,33467,/data/ncd?ncdid=56&ncdver=1
04/29/2025,33457,61,271,1,1,33457,/data/ncd?ncdid=271&ncdver=1
04/29/2025,33457,61,292,1,2,33457,/data/ncd?ncdid=292&ncdver=1
04/29/2025,37564,12,156,1,1,37564,/data/ncd?ncdid=156&ncdver=1
04/29/2025,37564,12,55,1,2,37564,/data/ncd?ncdid=55&ncdver=1
04/29/2025,37564,12,194,1,3,37564,/data/ncd?ncdid=194&ncdver=1
04/29/2025,39616,5,0,1,1,39616,/data/ncd?ncdid=0&ncdver=1
04/29/2025,37575,22,156,1,1,37575,/data/ncd?ncdid=156&ncdver=1
04/29/2025,37575,22,194,1,2,37575,/data/ncd?ncdid=194&ncdver=1
04/29/2025,35526,43,0,1,1,35526,/data/ncd?ncdid=0&ncdver=1
04/29/2025,39614,5,0,1,1,39614,/data/ncd?ncdid=0&ncdver=1
04/29/2025,39624,5,0,1,1,39624,/data/ncd?ncdid=0&ncdver=1
04/29/2025,37581,24,0,1,1,37581,/data/ncd?ncdid=0&ncdver=1
04/29/2025,39636,4,0,1,1,39636,/data/ncd?ncdid=0&ncdver=1
04/29/2025,37578,30,0,1,1,37578,/data/ncd?ncdid=0&ncdver=1
04/29/2025,39642,11,0,1,1,39642,/data/ncd?ncdid=0&ncdver=1
04/29/2025,39644,12,0,1,1,39644,/data/ncd?ncdid=0&ncdver=1
04/29/2025,37598,21,0,1,1,37598,/data/ncd?ncdid=0&ncdver=1
04/29/2025,39648,4,0,1,1,39648,/data/ncd?ncdid=0&ncdver=1
04/29/2025,39646,7,0,1,1,39646,/data/ncd?ncdid=0&ncdver=1
04/29/2025,39650,7,0,1,1,39650,/data/ncd?ncdid=0&ncdver=1
04/30/2025,37606,18,198,1,1,37606,/data/ncd?ncdid=198&ncdver=1
04/30/2025,37606,18,372,2,2,37606,/data/ncd?ncdid=372&ncdver=2
04/29/2025,37608,22,0,1,1,37608,/data/ncd?ncdid=0&ncdver=1
04/29/2025,37602,18,0,1,1,37602,/data/ncd?ncdid=0&ncdver=1
04/29/2025,39654,3,0,1,1,39654,/data/ncd?ncdid=0&ncdver=1
04/29/2025,39656,9,373,1,1,39656,/data/ncd?ncdid=373&ncdver=1
04/29/2025,39662,6,373,1,1,39662,/data/ncd?ncdid=373&ncdver=1
04/29/2025,39658,5,0,1,1,39658,/data/ncd?ncdid=0&ncdver=1
04/29/2025,37616,16,0,1,1,37616,/data/ncd?ncdid=0&ncdver=1
04/29/2025,37618,16,0,1,1,37618,/data/ncd?ncdid=0&ncdver=1
04/29/2025,37620,16,0,1,1,37620,/data/ncd?ncdid=0&ncdver=1
04/29/2025,37622,18,0,1,1,37622,/data/ncd?ncdid=0&ncdver=1
04/29/2025,39671,5,373,1,1,39671,/data/ncd?ncdid=373&ncdver=1
04/29/2025,39678,5,0,1,1,39678,/data/ncd?ncdid=0&ncdver=1
04/29/2025,37628,24,253,1,1,37628,/data/ncd?ncdid=253&ncdver=1
04/29/2025,37630,21,253,1,1,37630,/data/ncd?ncdid=253&ncdver=1
04/29/2025,39680,5,0,1,1,39680,/data/ncd?ncdid=0&ncdver=1
04/29/2025,37633,26,16,1,1,37633,/data/ncd?ncdid=16&ncdver=1
04/29/2025,39684,7,0,1,1,39684,/data/ncd?ncdid=0&ncdver=1
04/29/2025,39682,8,0,1,1,39682,/data/ncd?ncdid=0&ncdver=1
04/29/2025,39686,4,0,1,1,39686,/data/ncd?ncdid=0&ncdver=1
04/29/2025,37632,26,240,1,1,37632,/data/ncd?ncdid=240&ncdver=1
04/29/2025,37638,31,0,1,1,37638,/data/ncd?ncdid=0&ncdver=1
04/29/2025,39688,4,0,1,1,39688,/data/ncd?ncdid=0&ncdver=1
04/29/2025,37641,16,11,1,1,37641,/data/ncd?ncdid=11&ncdver=1
04/29/2025,37641,16,283,1,2,37641,/data/ncd?ncdid=283&ncdver=1
04/29/2025,37641,16,284,1,3,37641,/data/ncd?ncdid=284&ncdver=1
04/29/2025,37642,18,135,1,4,37642,/data/ncd?ncdid=135&ncdver=1
04/29/2025,37642,18,15,1,5,37642,/data/ncd?ncdid=15&ncdver=1
04/29/2025,37642,18,11,1,6,37642,/data/ncd?ncdid=11&ncdver=1
04/29/2025,37643,24,171,1,1,37643,/data/ncd?ncdid=171&ncdver=1
04/29/2025,37644,22,0,1,1,37644,/data/ncd?ncdid=0&ncdver=1
04/29/2025,33559,29,176,1,1,33559,/data/ncd?ncdid=176&ncdver=1
04/29/2025,33558,33,213,1,1,33558,/data/ncd?ncdid=213&ncdver=1
04/29/2025,33558,33,9,1,2,33558,/data/ncd?ncdid=9&ncdver=1
04/29/2025,33558,33,60,1,3,33558,/data/ncd?ncdid=60&ncdver=1
04/29/2025,33558,33,239,1,4,33558,/data/ncd?ncdid=239&ncdver=1
04/29/2025,33557,48,62,1,1,33557,/data/ncd?ncdid=62&ncdver=1
04/29/2025,33560,36,0,1,1,33560,/data/ncd?ncdid=0&ncdver=1
04/29/2025,33563,27,0,1,1,33563,/data/ncd?ncdid=0&ncdver=1
04/29/2025,39709,3,0,1,1,39709,/data/ncd?ncdid=0&ncdver=1
04/29/2025,33567,28,56,1,1,33567,/data/ncd?ncdid=56&ncdver=1
04/29/2025,33567,28,213,1,2,33567,/data/ncd?ncdid=213&ncdver=1
04/29/2025,33567,28,60,1,3,33567,/data/ncd?ncdid=60&ncdver=1
04/29/2025,39711,5,0,1,1,39711,/data/ncd?ncdid=0&ncdver=1
04/29/2025,33569,32,0,1,1,33569,/data/ncd?ncdid=0&ncdver=1
04/29/2025,39713,7,373,1,1,39713,/data/ncd?ncdid=373&ncdver=1
04/29/2025,33574,38,261,1,1,33574,/data/ncd?ncdid=261&ncdver=1
04/29/2025,33573,25,0,1,1,33573,/data/ncd?ncdid=0&ncdver=1
04/29/2025,33575,44,0,1,1,33575,/data/ncd?ncdid=0&ncdver=1
04/30/2025,37663,20,0,1,1,37663,/data/ncd?ncdid=0&ncdver=1
04/29/2025,33577,44,263,1,1,33577,/data/ncd?ncdid=263&ncdver=1
04/29/2025,33576,24,202,1,1,33576,/data/ncd?ncdid=202&ncdver=1
04/29/2025,33578,18,263,1,1,33578,/data/ncd?ncdid=263&ncdver=1
04/29/2025,33579,39,263,1,1,33579,/data/ncd?ncdid=263&ncdver=1
04/29/2025,39720,7,0,1,1,39720,/data/ncd?ncdid=0&ncdver=1
04/29/2025,39726,4,0,1,1,39726,/data/ncd?ncdid=0&ncdver=1
04/29/2025,33580,41,89,1,1,33580,/data/ncd?ncdid=89&ncdver=1
04/29/2025,33580,41,192,1,2,33580,/data/ncd?ncdid=192&ncdver=1
04/29/2025,33580,41,274,1,3,33580,/data/ncd?ncdid=274&ncdver=1
04/29/2025,33580,41,237,1,4,33580,/data/ncd?ncdid=237&ncdver=1
04/29/2025,33583,21,81,1,1,33583,/data/ncd?ncdid=81&ncdver=1
04/29/2025,33583,21,108,1,2,33583,/data/ncd?ncdid=108&ncdver=1
04/29/2025,33585,34,186,1,1,33585,/data/ncd?ncdid=186&ncdver=1
04/29/2025,33585,34,177,1,2,33585,/data/ncd?ncdid=177&ncdver=1
04/29/2025,33585,34,263,1,3,33585,/data/ncd?ncdid=263&ncdver=1
04/29/2025,33585,34,272,1,4,33585,/data/ncd?ncdid=272&ncdver=1
04/29/2025,33591,19,266,1,1,33591,/data/ncd?ncdid=266&ncdver=1
04/29/2025,33591,19,187,1,2,33591,/data/ncd?ncdid=187&ncdver=1
04/29/2025,33591,19,161,1,3,33591,/data/ncd?ncdid=161&ncdver=1
04/29/2025,39741,8,0,1,1,39741,/data/ncd?ncdid=0&ncdver=1
04/29/2025,33610,70,0,1,1,33610,/data/ncd?ncdid=0&ncdver=1
04/29/2025,33611,25,0,1,1,33611,/data/ncd?ncdid=0&ncdver=1
04/29/2025,33609,14,0,1,1,33609,/data/ncd?ncdid=0&ncdver=1
04/29/2025,33612,26,190,1,1,33612,/data/ncd?ncdid=190&ncdver=1
04/29/2025,33616,11,3,1,1,33616,/data/ncd?ncdid=3&ncdver=1
04/29/2025,39758,14,0,1,1,39758,/data/ncd?ncdid=0&ncdver=1
04/29/2025,33619,25,263,1,1,33619,/data/ncd?ncdid=263&ncdver=1
04/29/2025,33618,23,0,1,1,33618,/data/ncd?ncdid=0&ncdver=1
04/29/2025,33621,16,263,1,1,33621,/data/ncd?ncdid=263&ncdver=1
04/29/2025,33621,16,60,1,2,33621,/data/ncd?ncdid=60&ncdver=1
04/29/2025,33621,16,9,1,3,33621,/data/ncd?ncdid=9&ncdver=1
04/29/2025,33614,27,0,1,1,33614,/data/ncd?ncdid=0&ncdver=1
04/29/2025,33622,36,0,1,1,33622,/data/ncd?ncdid=0&ncdver=1
04/29/2025,39762,9,0,1,1,39762,/data/ncd?ncdid=0&ncdver=1
04/29/2025,33623,26,201,1,1,33623,/data/ncd?ncdid=201&ncdver=1
04/29/2025,33624,34,26,1,1,33624,/data/ncd?ncdid=26&ncdver=1
04/29/2025,33624,34,30,1,2,33624,/data/ncd?ncdid=30&ncdver=1
04/29/2025,33624,34,31,1,3,33624,/data/ncd?ncdid=31&ncdver=1
04/29/2025,33624,34,59,1,4,33624,/data/ncd?ncdid=59&ncdver=1
04/29/2025,33626,45,0,1,1,33626,/data/ncd?ncdid=0&ncdver=1
04/29/2025,33628,34,69,1,1,33628,/data/ncd?ncdid=69&ncdver=1
04/29/2025,33627,90,263,1,1,33627,/data/ncd?ncdid=263&ncdver=1
04/29/2025,39770,15,0,1,1,39770,/data/ncd?ncdid=0&ncdver=1
04/29/2025,33630,28,0,1,1,33630,/data/ncd?ncdid=0&ncdver=1
04/29/2025,33631,52,58,1,1,33631,/data/ncd?ncdid=58&ncdver=1
04/29/2025,33631,52,240,1,2,33631,/data/ncd?ncdid=240&ncdver=1
04/29/2025,33631,52,76,1,3,33631,/data/ncd?ncdid=76&ncdver=1
04/29/2025,33631,52,22,1,4,33631,/data/ncd?ncdid=22&ncdver=1
04/29/2025,33631,52,63,1,5,33631,/data/ncd?ncdid=63&ncdver=1
04/29/2025,33631,52,175,1,6,33631,/data/ncd?ncdid=175&ncdver=1
04/29/2025,33631,52,151,1,7,33631,/data/ncd?ncdid=151&ncdver=1
04/29/2025,33631,52,94,1,8,33631,/data/ncd?ncdid=94&ncdver=1
04/29/2025,33631,52,124,1,9,33631,/data/ncd?ncdid=124&ncdver=1
04/29/2025,33631,52,354,1,10,33631,/data/ncd?ncdid=354&ncdver=1
04/29/2025,33631,52,250,1,11,33631,/data/ncd?ncdid=250&ncdver=1
04/29/2025,33631,52,315,1,12,33631,/data/ncd?ncdid=315&ncdver=1
04/29/2025,33632,83,0,1,1,33632,/data/ncd?ncdid=0&ncdver=1
04/29/2025,33633,50,177,1,1,33633,/data/ncd?ncdid=177&ncdver=1
04/29/2025,33633,50,178,1,2,33633,/data/ncd?ncdid=178&ncdver=1
04/29/2025,37729,25,0,1,1,37729,/data/ncd?ncdid=0&ncdver=1
04/29/2025,37725,44,0,1,1,37725,/data/ncd?ncdid=0&ncdver=1
04/29/2025,39780,5,16,1,1,39780,/data/ncd?ncdid=16&ncdver=1
04/29/2025,39773,7,0,1,1,39773,/data/ncd?ncdid=0&ncdver=1
04/29/2025,33636,53,171,1,1,33636,/data/ncd?ncdid=171&ncdver=1
04/30/2025,39788,11,0,1,1,39788,/data/ncd?ncdid=0&ncdver=1
04/29/2025,33641,21,208,1,1,33641,/data/ncd?ncdid=208&ncdver=1
04/29/2025,33642,26,190,1,1,33642,/data/ncd?ncdid=190&ncdver=1
04/29/2025,37738,23,0,1,1,37738,/data/ncd?ncdid=0&ncdver=1
04/29/2025,33646,40,0,1,1,33646,/data/ncd?ncdid=0&ncdver=1
04/29/2025,39793,47,0,1,1,39793,/data/ncd?ncdid=0&ncdver=1
04/29/2025,37750,32,0,1,1,37750,/data/ncd?ncdid=0&ncdver=1
04/29/2025,35702,32,0,1,1,35702,/data/ncd?ncdid=0&ncdver=1
04/29/2025,35704,22,0,1,1,35704,/data/ncd?ncdid=0&ncdver=1
04/29/2025,37748,31,0,1,1,37748,/data/ncd?ncdid=0&ncdver=1
04/29/2025,39797,13,0,1,1,39797,/data/ncd?ncdid=0&ncdver=1
04/29/2025,39799,16,0,1,1,39799,/data/ncd?ncdid=0&ncdver=1
04/29/2025,39802,8,0,1,1,39802,/data/ncd?ncdid=0&ncdver=1
04/29/2025,37761,23,0,1,1,37761,/data/ncd?ncdid=0&ncdver=1
04/29/2025,33667,23,165,1,1,33667,/data/ncd?ncdid=165&ncdver=1
04/29/2025,33667,23,12,1,2,33667,/data/ncd?ncdid=12&ncdver=1
04/29/2025,33667,23,263,1,3,33667,/data/ncd?ncdid=263&ncdver=1
04/29/2025,39810,13,0,1,1,39810,/data/ncd?ncdid=0&ncdver=1
04/29/2025,33674,10,263,1,1,33674,/data/ncd?ncdid=263&ncdver=1
04/29/2025,33671,48,81,1,1,33671,/data/ncd?ncdid=81&ncdver=1
04/29/2025,35724,80,0,1,1,35724,/data/ncd?ncdid=0&ncdver=1
04/29/2025,39812,14,0,1,1,39812,/data/ncd?ncdid=0&ncdver=1
04/29/2025,37774,15,371,1,1,37774,/data/ncd?ncdid=371&ncdver=1
04/29/2025,37779,16,0,1,1,37779,/data/ncd?ncdid=0&ncdver=1
04/29/2025,39832,15,0,1,1,39832,/data/ncd?ncdid=0&ncdver=1
04/29/2025,33686,43,0,1,1,33686,/data/ncd?ncdid=0&ncdver=1
04/29/2025,37772,14,0,1,1,37772,/data/ncd?ncdid=0&ncdver=1
04/29/2025,33689,17,129,1,1,33689,/data/ncd?ncdid=129&ncdver=1
04/29/2025,33690,20,0,1,1,33690,/data/ncd?ncdid=0&ncdver=1
12/29/2025,39836,8,0,1,1,39836,/data/ncd?ncdid=0&ncdver=1
04/29/2025,33693,28,165,1,1,33693,/data/ncd?ncdid=165&ncdver=1
04/29/2025,33693,28,263,1,2,33693,/data/ncd?ncdid=263&ncdver=1
04/29/2025,39835,10,0,1,1,39835,/data/ncd?ncdid=0&ncdver=1
04/29/2025,37790,21,0,1,1,37790,/data/ncd?ncdid=0&ncdver=1
04/29/2025,33692,21,190,1,1,33692,/data/ncd?ncdid=190&ncdver=1
04/29/2025,33692,21,228,1,2,33692,/data/ncd?ncdid=228&ncdver=1
04/29/2025,33695,26,165,1,1,33695,/data/ncd?ncdid=165&ncdver=1
04/29/2025,33695,26,212,1,2,33695,/data/ncd?ncdid=212&ncdver=1
04/29/2025,33695,26,263,1,3,33695,/data/ncd?ncdid=263&ncdver=1
04/29/2025,33695,26,204,1,4,33695,/data/ncd?ncdid=204&ncdver=1
04/29/2025,39840,14,176,1,1,39840,/data/ncd?ncdid=176&ncdver=1
04/29/2025,37792,16,152,1,1,37792,/data/ncd?ncdid=152&ncdver=1
04/29/2025,37792,16,268,1,2,37792,/data/ncd?ncdid=268&ncdver=1
04/29/2025,37794,23,0,1,1,37794,/data/ncd?ncdid=0&ncdver=1
04/29/2025,37798,13,152,1,1,37798,/data/ncd?ncdid=152&ncdver=1
04/29/2025,37798,13,268,1,2,37798,/data/ncd?ncdid=268&ncdver=1
04/29/2025,37800,19,266,1,1,37800,/data/ncd?ncdid=266&ncdver=1
04/29/2025,37800,19,155,1,2,37800,/data/ncd?ncdid=155&ncdver=1
04/29/2025,35753,40,212,1,1,35753,/data/ncd?ncdid=212&ncdver=1
04/29/2025,35753,40,263,1,2,35753,/data/ncd?ncdid=263&ncdver=1
04/29/2025,35753,40,204,1,3,35753,/data/ncd?ncdid=204&ncdver=1
04/29/2025,35751,50,165,1,1,35751,/data/ncd?ncdid=165&ncdver=1
04/29/2025,35751,50,263,1,2,35751,/data/ncd?ncdid=263&ncdver=1
04/29/2025,39849,3,0,1,1,39849,/data/ncd?ncdid=0&ncdver=1
04/29/2025,35755,35,263,1,1,35755,/data/ncd?ncdid=263&ncdver=1
04/29/2025,39853,3,16,1,1,39853,/data/ncd?ncdid=16&ncdver=1
04/29/2025,39851,15,176,1,1,39851,/data/ncd?ncdid=176&ncdver=1
04/29/2025,39856,3,0,1,1,39856,/data/ncd?ncdid=0&ncdver=1
04/29/2025,35761,40,165,1,1,35761,/data/ncd?ncdid=165&ncdver=1
04/29/2025,35761,40,164,1,2,35761,/data/ncd?ncdid=164&ncdver=1
04/29/2025,35761,40,263,1,3,35761,/data/ncd?ncdid=263&ncdver=1
04/29/2025,35761,40,204,1,4,35761,/data/ncd?ncdid=204&ncdver=1
04/29/2025,37810,26,198,1,1,37810,/data/ncd?ncdid=198&ncdver=1
04/29/2025,37810,26,372,1,2,37810,/data/ncd?ncdid=372&ncdver=1
04/29/2025,39858,4,0,1,1,39858,/data/ncd?ncdid=0&ncdver=1
12/29/2025,39857,7,0,1,1,39857,/data/ncd?ncdid=0&ncdver=1
04/29/2025,33718,52,226,1,1,33718,/data/ncd?ncdid=226&ncdver=1
04/29/2025,33718,52,190,1,2,33718,/data/ncd?ncdid=190&ncdver=1
04/29/2025,39859,4,0,1,1,39859,/data/ncd?ncdid=0&ncdver=1
04/29/2025,39863,10,176,1,1,39863,/data/ncd?ncdid=176&ncdver=1
04/29/2025,37822,19,0,1,1,37822,/data/ncd?ncdid=0&ncdver=1
04/29/2025,37826,28,313,1,1,37826,/data/ncd?ncdid=313&ncdver=1
04/29/2025,39877,4,366,1,1,39877,/data/ncd?ncdid=366&ncdver=1
04/29/2025,37824,19,0,1,1,37824,/data/ncd?ncdid=0&ncdver=1
04/29/2025,33733,19,190,1,1,33733,/data/ncd?ncdid=190&ncdver=1
04/29/2025,33733,19,168,1,2,33733,/data/ncd?ncdid=168&ncdver=1
04/29/2025,33733,19,219,1,3,33733,/data/ncd?ncdid=219&ncdver=1
04/29/2025,39879,10,366,1,1,39879,/data/ncd?ncdid=366&ncdver=1
04/29/2025,37832,23,0,1,1,37832,/data/ncd?ncdid=0&ncdver=1
04/29/2025,33738,18,0,1,1,33738,/data/ncd?ncdid=0&ncdver=1
04/29/2025,39881,9,176,1,1,39881,/data/ncd?ncdid=176&ncdver=1
04/29/2025,33736,20,190,1,1,33736,/data/ncd?ncdid=190&ncdver=1
04/29/2025,33737,20,0,1,1,33737,/data/ncd?ncdid=0&ncdver=1
04/29/2025,33739,23,190,1,1,33739,/data/ncd?ncdid=190&ncdver=1
04/29/2025,33739,23,274,1,2,33739,/data/ncd?ncdid=274&ncdver=1
04/29/2025,39883,9,176,1,1,39883,/data/ncd?ncdid=176&ncdver=1
04/29/2025,33735,19,0,1,1,33735,/data/ncd?ncdid=0&ncdver=1
04/29/2025,40173,4,0,1,1,40173,/data/ncd?ncdid=0&ncdver=1
04/29/2025,39905,5,60,1,1,39905,/data/ncd?ncdid=60&ncdver=1
04/29/2025,39905,5,9,1,2,39905,/data/ncd?ncdid=9&ncdver=1
04/29/2025,39905,5,239,1,3,39905,/data/ncd?ncdid=239&ncdver=1
04/29/2025,39905,5,213,1,4,39905,/data/ncd?ncdid=213&ncdver=1
04/29/2025,37848,18,0,1,1,37848,/data/ncd?ncdid=0&ncdver=1
04/29/2025,33756,23,263,1,1,33756,/data/ncd?ncdid=263&ncdver=1
04/29/2025,33751,43,128,1,1,33751,/data/ncd?ncdid=128&ncdver=1
04/29/2025,33751,43,349,1,2,33751,/data/ncd?ncdid=349&ncdver=1
04/29/2025,33751,43,157,1,3,33751,/data/ncd?ncdid=157&ncdver=1
04/29/2025,33751,43,350,1,4,33751,/data/ncd?ncdid=350&ncdver=1
04/29/2025,33751,43,56,1,5,33751,/data/ncd?ncdid=56&ncdver=1
04/29/2025,33751,43,261,1,6,33751,/data/ncd?ncdid=261&ncdver=1
04/29/2025,33751,43,69,1,7,33751,/data/ncd?ncdid=69&ncdver=1
04/29/2025,33751,43,176,1,8,33751,/data/ncd?ncdid=176&ncdver=1
04/29/2025,39907,3,9,1,1,39907,/data/ncd?ncdid=9&ncdver=1
04/29/2025,39907,3,239,1,2,39907,/data/ncd?ncdid=239&ncdver=1
04/29/2025,37857,20,0,1,1,37857,/data/ncd?ncdid=0&ncdver=1
04/29/2025,37863,25,0,1,1,37863,/data/ncd?ncdid=0&ncdver=1
04/29/2025,39913,7,0,1,1,39913,/data/ncd?ncdid=0&ncdver=1
04/29/2025,33771,42,0,1,1,33771,/data/ncd?ncdid=0&ncdver=1
06/27/2025,39919,5,0,1,1,39919,/data/ncd?ncdid=0&ncdver=1
04/29/2025,37870,19,372,1,1,37870,/data/ncd?ncdid=372&ncdver=1
06/27/2025,39923,14,0,1,1,39923,/data/ncd?ncdid=0&ncdver=1
04/29/2025,37873,18,12,1,1,37873,/data/ncd?ncdid=12&ncdver=1
04/29/2025,33784,21,190,1,1,33784,/data/ncd?ncdid=190&ncdver=1
06/27/2025,39927,11,0,1,1,39927,/data/ncd?ncdid=0&ncdver=1
04/29/2025,33785,40,0,1,1,33785,/data/ncd?ncdid=0&ncdver=1
04/29/2025,33774,15,81,1,1,33774,/data/ncd?ncdid=81&ncdver=1
04/29/2025,33786,16,229,1,1,33786,/data/ncd?ncdid=229&ncdver=1
04/29/2025,33787,40,0,1,1,33787,/data/ncd?ncdid=0&ncdver=1
04/29/2025,33789,38,190,1,1,33789,/data/ncd?ncdid=190&ncdver=1
04/29/2025,33789,38,219,1,2,33789,/data/ncd?ncdid=219&ncdver=1
04/29/2025,33789,38,376,1,3,33789,/data/ncd?ncdid=376&ncdver=1
04/29/2025,39933,5,0,1,1,39933,/data/ncd?ncdid=0&ncdver=1
04/29/2025,33788,15,190,1,1,33788,/data/ncd?ncdid=190&ncdver=1
04/29/2025,33788,15,219,1,2,33788,/data/ncd?ncdid=219&ncdver=1
04/29/2025,37887,25,0,1,1,37887,/data/ncd?ncdid=0&ncdver=1
04/29/2025,33792,43,190,1,1,33792,/data/ncd?ncdid=190&ncdver=1
04/29/2025,33792,43,219,1,2,33792,/data/ncd?ncdid=219&ncdver=1
04/29/2025,33792,43,376,1,3,33792,/data/ncd?ncdid=376&ncdver=1
11/20/2025,33794,171,190,4,2,33794,/data/ncd?ncdid=190&ncdver=4
11/20/2025,33794,171,223,2,3,33794,/data/ncd?ncdid=223&ncdver=2
04/29/2025,39935,8,0,1,1,39935,/data/ncd?ncdid=0&ncdver=1
06/24/2025,39938,5,0,1,1,39938,/data/ncd?ncdid=0&ncdver=1
04/29/2025,37891,24,0,1,1,37891,/data/ncd?ncdid=0&ncdver=1
04/29/2025,39942,5,0,1,1,39942,/data/ncd?ncdid=0&ncdver=1
04/29/2025,37897,18,372,1,1,37897,/data/ncd?ncdid=372&ncdver=1
06/04/2025,39944,7,0,1,1,39944,/data/ncd?ncdid=0&ncdver=1
06/04/2025,39946,8,0,1,1,39946,/data/ncd?ncdid=0&ncdver=1
06/24/2025,39940,10,0,1,1,39940,/data/ncd?ncdid=0&ncdver=1
04/29/2025,33796,24,65,1,1,33796,/data/ncd?ncdid=65&ncdver=1
10/28/2025,33803,61,0,1,1,33803,/data/ncd?ncdid=0&ncdver=1
06/04/2025,39948,7,0,1,1,39948,/data/ncd?ncdid=0&ncdver=1
06/04/2025,39950,7,0,1,1,39950,/data/ncd?ncdid=0&ncdver=1
04/29/2025,37899,14,372,1,1,37899,/data/ncd?ncdid=372&ncdver=1
09/25/2025,33800,43,380,1,2,33800,/data/ncd?ncdid=380&ncdver=1
04/29/2025,33802,35,145,1,1,33802,/data/ncd?ncdid=145&ncdver=1
04/29/2025,33802,35,63,1,2,33802,/data/ncd?ncdid=63&ncdver=1
04/29/2025,33802,35,151,1,3,33802,/data/ncd?ncdid=151&ncdver=1
04/29/2025,33802,35,354,1,4,33802,/data/ncd?ncdid=354&ncdver=1
04/29/2025,33802,35,273,1,5,33802,/data/ncd?ncdid=273&ncdver=1
04/29/2025,37905,18,0,1,1,37905,/data/ncd?ncdid=0&ncdver=1
04/29/2025,37903,18,372,1,1,37903,/data/ncd?ncdid=372&ncdver=1
04/29/2025,39956,5,0,1,1,39956,/data/ncd?ncdid=0&ncdver=1
04/29/2025,33813,15,0,1,1,33813,/data/ncd?ncdid=0&ncdver=1
04/29/2025,39958,4,0,1,1,39958,/data/ncd?ncdid=0&ncdver=1
04/29/2025,39960,4,0,1,1,39960,/data/ncd?ncdid=0&ncdver=1
04/30/2025,37913,17,0,1,1,37913,/data/ncd?ncdid=0&ncdver=1
04/29/2025,39962,4,0,1,1,39962,/data/ncd?ncdid=0&ncdver=1
04/29/2025,33818,15,0,1,1,33818,/data/ncd?ncdid=0&ncdver=1
04/29/2025,33820,21,190,1,1,33820,/data/ncd?ncdid=190&ncdver=1
04/29/2025,33820,21,227,1,2,33820,/data/ncd?ncdid=227&ncdver=1
04/29/2025,37919,12,0,1,1,37919,/data/ncd?ncdid=0&ncdver=1
04/29/2025,37921,18,372,1,1,37921,/data/ncd?ncdid=372&ncdver=1
04/29/2025,33821,28,0,1,1,33821,/data/ncd?ncdid=0&ncdver=1
04/29/2025,33824,56,0,1,1,33824,/data/ncd?ncdid=0&ncdver=1
04/29/2025,33826,22,0,1,1,33826,/data/ncd?ncdid=0&ncdver=1
04/29/2025,33825,17,315,1,1,33825,/data/ncd?ncdid=315&ncdver=1
04/29/2025,33825,17,190,1,2,33825,/data/ncd?ncdid=190&ncdver=1
04/29/2025,33822,70,222,1,1,33822,/data/ncd?ncdid=222&ncdver=1
04/29/2025,33822,70,190,1,2,33822,/data/ncd?ncdid=190&ncdver=1
04/29/2025,33827,55,309,1,1,33827,/data/ncd?ncdid=309&ncdver=1
04/29/2025,33831,48,47,1,1,33831,/data/ncd?ncdid=47&ncdver=1
04/29/2025,33831,48,139,1,2,33831,/data/ncd?ncdid=139&ncdver=1
04/29/2025,33828,27,0,1,1,33828,/data/ncd?ncdid=0&ncdver=1
04/29/2025,33832,20,0,1,1,33832,/data/ncd?ncdid=0&ncdver=1
04/29/2025,33830,22,190,1,1,33830,/data/ncd?ncdid=190&ncdver=1
04/29/2025,33833,26,0,1,1,33833,/data/ncd?ncdid=0&ncdver=1
04/29/2025,35891,35,0,1,1,35891,/data/ncd?ncdid=0&ncdver=1
05/28/2025,39987,4,0,1,1,39987,/data/ncd?ncdid=0&ncdver=1
05/28/2025,39989,4,0,1,1,39989,/data/ncd?ncdid=0&ncdver=1
05/02/2025,35897,32,0,1,1,35897,/data/ncd?ncdid=0&ncdver=1
04/29/2025,39995,6,333,1,1,39995,/data/ncd?ncdid=333&ncdver=1
06/27/2025,40022,3,0,1,1,40022,/data/ncd?ncdid=0&ncdver=1
06/26/2025,40000,4,0,1,1,40000,/data/ncd?ncdid=0&ncdver=1
04/29/2025,40025,8,0,1,1,40025,/data/ncd?ncdid=0&ncdver=1
04/29/2025,35922,44,0,1,1,35922,/data/ncd?ncdid=0&ncdver=1
04/29/2025,40037,4,0,1,1,40037,/data/ncd?ncdid=0&ncdver=1
04/29/2025,35906,25,270,1,1,35906,/data/ncd?ncdid=270&ncdver=1
06/20/2025,40046,3,155,1,1,40046,/data/ncd?ncdid=155&ncdver=1
06/20/2025,40046,3,266,1,2,40046,/data/ncd?ncdid=266&ncdver=1
05/01/2025,35936,59,11,2,2,35936,/data/ncd?ncdid=11&ncdver=2
05/01/2025,35936,59,176,2,3,35936,/data/ncd?ncdid=176&ncdver=2
05/01/2025,35936,59,15,1,4,35936,/data/ncd?ncdid=15&ncdver=1
06/20/2025,40048,6,155,1,1,40048,/data/ncd?ncdid=155&ncdver=1
06/20/2025,40048,6,266,1,2,40048,/data/ncd?ncdid=266&ncdver=1
09/02/2025,40052,5,155,1,1,40052,/data/ncd?ncdid=155&ncdver=1
04/29/2025,33906,75,0,1,1,33906,/data/ncd?ncdid=0&ncdver=1
04/29/2025,33907,16,181,1,1,33907,/data/ncd?ncdid=181&ncdver=1
09/03/2025,40056,3,155,1,1,40056,/data/ncd?ncdid=155&ncdver=1
09/03/2025,40056,3,266,1,2,40056,/data/ncd?ncdid=266&ncdver=1
07/08/2026,40058,7,112,3,1,40058,/data/ncd?ncdid=112&ncdver=3
05/13/2026,33912,23,0,1,1,33912,/data/ncd?ncdid=0&ncdver=1
09/02/2025,40050,6,155,1,1,40050,/data/ncd?ncdid=155&ncdver=1
04/29/2025,40059,8,112,1,1,40059,/data/ncd?ncdid=112&ncdver=1
05/08/2026,40060,6,112,3,1,40060,/data/ncd?ncdid=112&ncdver=3
04/29/2025,40061,7,112,1,1,40061,/data/ncd?ncdid=112&ncdver=1
04/29/2025,38014,9,0,1,1,38014,/data/ncd?ncdid=0&ncdver=1
04/29/2025,38018,18,0,1,1,38018,/data/ncd?ncdid=0&ncdver=1
04/29/2025,40057,9,112,1,1,40057,/data/ncd?ncdid=112&ncdver=1
05/08/2026,40062,6,112,3,1,40062,/data/ncd?ncdid=112&ncdver=3
04/29/2025,33922,12,0,1,1,33922,/data/ncd?ncdid=0&ncdver=1
04/29/2025,33923,14,0,1,1,33923,/data/ncd?ncdid=0&ncdver=1
04/29/2025,38016,21,0,1,1,38016,/data/ncd?ncdid=0&ncdver=1
04/29/2025,35974,28,0,1,1,35974,/data/ncd?ncdid=0&ncdver=1
04/29/2025,38026,30,0,1,1,38026,/data/ncd?ncdid=0&ncdver=1
04/29/2025,33930,49,11,1,1,33930,/data/ncd?ncdid=11&ncdver=1
04/29/2025,33930,49,15,1,2,33930,/data/ncd?ncdid=15&ncdver=1
04/29/2025,33930,49,176,1,3,33930,/data/ncd?ncdid=176&ncdver=1
04/29/2025,35984,22,0,1,1,35984,/data/ncd?ncdid=0&ncdver=1
04/29/2025,33933,30,0,1,1,33933,/data/ncd?ncdid=0&ncdver=1
04/29/2025,35986,38,0,1,1,35986,/data/ncd?ncdid=0&ncdver=1
04/29/2025,38033,13,313,1,1,38033,/data/ncd?ncdid=313&ncdver=1
04/29/2025,33941,23,171,1,1,33941,/data/ncd?ncdid=171&ncdver=1
04/29/2025,33937,18,0,1,1,33937,/data/ncd?ncdid=0&ncdver=1
04/29/2025,33943,24,0,1,1,33943,/data/ncd?ncdid=0&ncdver=1
04/29/2025,33944,27,0,1,1,33944,/data/ncd?ncdid=0&ncdver=1
04/29/2025,33942,50,41,1,1,33942,/data/ncd?ncdid=41&ncdver=1
04/29/2025,33942,50,315,1,2,33942,/data/ncd?ncdid=315&ncdver=1
04/29/2025,33942,50,58,1,3,33942,/data/ncd?ncdid=58&ncdver=1
04/29/2025,33942,50,88,1,4,33942,/data/ncd?ncdid=88&ncdver=1
04/29/2025,33942,50,131,1,5,33942,/data/ncd?ncdid=131&ncdver=1
04/29/2025,33942,50,219,1,6,33942,/data/ncd?ncdid=219&ncdver=1
04/29/2025,33946,17,69,1,1,33946,/data/ncd?ncdid=69&ncdver=1
04/29/2025,33945,21,0,1,1,33945,/data/ncd?ncdid=0&ncdver=1
04/29/2025,33947,25,176,1,1,33947,/data/ncd?ncdid=176&ncdver=1
04/29/2025,35998,36,201,1,1,35998,/data/ncd?ncdid=201&ncdver=1
04/29/2025,33950,38,186,1,1,33950,/data/ncd?ncdid=186&ncdver=1
04/29/2025,33950,38,263,1,2,33950,/data/ncd?ncdid=263&ncdver=1
04/29/2025,33952,20,179,1,1,33952,/data/ncd?ncdid=179&ncdver=1
04/29/2025,38047,13,372,1,1,38047,/data/ncd?ncdid=372&ncdver=1
04/29/2025,33949,26,0,1,1,33949,/data/ncd?ncdid=0&ncdver=1
04/29/2025,38043,14,372,1,1,38043,/data/ncd?ncdid=372&ncdver=1
04/29/2025,36000,21,0,1,1,36000,/data/ncd?ncdid=0&ncdver=1
04/29/2025,38051,17,0,1,1,38051,/data/ncd?ncdid=0&ncdver=1
04/29/2025,33954,26,60,1,1,33954,/data/ncd?ncdid=60&ncdver=1
04/29/2025,33954,26,213,1,2,33954,/data/ncd?ncdid=213&ncdver=1
04/29/2025,33954,26,9,1,3,33954,/data/ncd?ncdid=9&ncdver=1
04/29/2025,38045,17,372,1,1,38045,/data/ncd?ncdid=372&ncdver=1
04/29/2025,33959,36,0,1,1,33959,/data/ncd?ncdid=0&ncdver=1
04/29/2025,33958,14,200,1,1,33958,/data/ncd?ncdid=200&ncdver=1
04/29/2025,33960,27,0,1,1,33960,/data/ncd?ncdid=0&ncdver=1
04/29/2025,36007,65,0,1,1,36007,/data/ncd?ncdid=0&ncdver=1
04/29/2025,33967,25,135,1,1,33967,/data/ncd?ncdid=135&ncdver=1
04/29/2025,38065,12,372,1,1,38065,/data/ncd?ncdid=372&ncdver=1
04/29/2025,33966,18,0,1,1,33966,/data/ncd?ncdid=0&ncdver=1
04/29/2025,36021,49,0,1,1,36021,/data/ncd?ncdid=0&ncdver=1
04/29/2025,38067,13,372,1,1,38067,/data/ncd?ncdid=372&ncdver=1
04/29/2025,38070,12,372,1,1,38070,/data/ncd?ncdid=372&ncdver=1
04/29/2025,33979,36,0,1,1,33979,/data/ncd?ncdid=0&ncdver=1
04/29/2025,36029,44,0,1,1,36029,/data/ncd?ncdid=0&ncdver=1
04/29/2025,33977,18,165,1,1,33977,/data/ncd?ncdid=165&ncdver=1
04/29/2025,33977,18,212,1,2,33977,/data/ncd?ncdid=212&ncdver=1
04/29/2025,33977,18,263,1,3,33977,/data/ncd?ncdid=263&ncdver=1
04/29/2025,33999,21,0,1,1,33999,/data/ncd?ncdid=0&ncdver=1
04/29/2025,36039,13,177,1,1,36039,/data/ncd?ncdid=177&ncdver=1
04/29/2025,40139,7,155,1,1,40139,/data/ncd?ncdid=155&ncdver=1
04/29/2025,33996,33,0,1,1,33996,/data/ncd?ncdid=0&ncdver=1
04/29/2025,33975,25,26,1,1,33975,/data/ncd?ncdid=26&ncdver=1
04/29/2025,36044,59,0,1,1,36044,/data/ncd?ncdid=0&ncdver=1
07/08/2026,40140,6,0,1,1,40140,/data/ncd?ncdid=0&ncdver=1
04/29/2025,40141,4,0,1,1,40141,/data/ncd?ncdid=0&ncdver=1
04/29/2025,40143,8,0,1,1,40143,/data/ncd?ncdid=0&ncdver=1
04/29/2025,34005,34,0,1,1,34005,/data/ncd?ncdid=0&ncdver=1
04/29/2025,38111,10,0,1,1,38111,/data/ncd?ncdid=0&ncdver=1
04/29/2025,34007,48,158,1,1,34007,/data/ncd?ncdid=158&ncdver=1
04/29/2025,34008,23,0,1,1,34008,/data/ncd?ncdid=0&ncdver=1
04/29/2025,34010,38,0,1,1,34010,/data/ncd?ncdid=0&ncdver=1
04/29/2025,34018,18,181,1,1,34018,/data/ncd?ncdid=181&ncdver=1
04/29/2025,34021,18,0,1,1,34021,/data/ncd?ncdid=0&ncdver=1
04/29/2025,38119,11,372,1,1,38119,/data/ncd?ncdid=372&ncdver=1
10/23/2025,40168,9,0,1,1,40168,/data/ncd?ncdid=0&ncdver=1
04/29/2025,40167,12,0,1,1,40167,/data/ncd?ncdid=0&ncdver=1
04/29/2025,38121,11,372,1,1,38121,/data/ncd?ncdid=372&ncdver=1
04/29/2025,38125,11,372,1,1,38125,/data/ncd?ncdid=372&ncdver=1
04/29/2025,34028,16,0,1,1,34028,/data/ncd?ncdid=0&ncdver=1
04/29/2025,38123,12,372,1,1,38123,/data/ncd?ncdid=372&ncdver=1
04/29/2025,34032,34,0,1,1,34032,/data/ncd?ncdid=0&ncdver=1
04/29/2025,40175,4,0,1,1,40175,/data/ncd?ncdid=0&ncdver=1
01/09/2026,40176,7,0,1,1,40176,/data/ncd?ncdid=0&ncdver=1
04/29/2025,34027,14,263,1,1,34027,/data/ncd?ncdid=263&ncdver=1
04/29/2025,40174,4,0,1,1,40174,/data/ncd?ncdid=0&ncdver=1
01/08/2026,40179,7,0,1,1,40179,/data/ncd?ncdid=0&ncdver=1
04/29/2025,40178,3,0,1,1,40178,/data/ncd?ncdid=0&ncdver=1
04/29/2025,34037,22,0,1,1,34037,/data/ncd?ncdid=0&ncdver=1
04/29/2025,34038,32,0,1,1,34038,/data/ncd?ncdid=0&ncdver=1
05/06/2025,40183,9,0,1,1,40183,/data/ncd?ncdid=0&ncdver=1
04/29/2025,34040,34,226,1,1,34040,/data/ncd?ncdid=226&ncdver=1
04/29/2025,34040,34,330,1,2,34040,/data/ncd?ncdid=330&ncdver=1
04/29/2025,36089,30,0,1,1,36089,/data/ncd?ncdid=0&ncdver=1
07/01/2025,40186,8,0,1,1,40186,/data/ncd?ncdid=0&ncdver=1
06/19/2026,40187,3,0,1,1,40187,/data/ncd?ncdid=0&ncdver=1
04/29/2025,40185,7,0,1,1,40185,/data/ncd?ncdid=0&ncdver=1
01/09/2026,40189,10,0,1,1,40189,/data/ncd?ncdid=0&ncdver=1
04/29/2025,34046,29,237,1,1,34046,/data/ncd?ncdid=237&ncdver=1
04/29/2025,34046,29,89,1,2,34046,/data/ncd?ncdid=89&ncdver=1
04/29/2025,34046,29,192,1,3,34046,/data/ncd?ncdid=192&ncdver=1
04/29/2025,36094,58,0,1,1,36094,/data/ncd?ncdid=0&ncdver=1
04/29/2025,34049,36,0,1,1,34049,/data/ncd?ncdid=0&ncdver=1
08/22/2025,40196,4,0,1,1,40196,/data/ncd?ncdid=0&ncdver=1
05/02/2025,34045,38,165,1,1,34045,/data/ncd?ncdid=165&ncdver=1
05/02/2025,34045,38,212,1,2,34045,/data/ncd?ncdid=212&ncdver=1
05/02/2025,34045,38,164,1,3,34045,/data/ncd?ncdid=164&ncdver=1
04/29/2025,34051,43,0,1,1,34051,/data/ncd?ncdid=0&ncdver=1
10/23/2025,40193,9,0,1,1,40193,/data/ncd?ncdid=0&ncdver=1
06/19/2026,40197,4,0,1,1,40197,/data/ncd?ncdid=0&ncdver=1
06/19/2026,40199,4,0,1,1,40199,/data/ncd?ncdid=0&ncdver=1
04/29/2025,38151,9,0,1,1,38151,/data/ncd?ncdid=0&ncdver=1
04/29/2025,34056,27,202,1,1,34056,/data/ncd?ncdid=202&ncdver=1
04/29/2025,38153,8,0,1,1,38153,/data/ncd?ncdid=0&ncdver=1
08/21/2025,40198,5,0,1,1,40198,/data/ncd?ncdid=0&ncdver=1
05/13/2025,40195,3,155,1,1,40195,/data/ncd?ncdid=155&ncdver=1
05/13/2025,40195,3,266,1,2,40195,/data/ncd?ncdid=266&ncdver=1
05/27/2025,40204,9,0,1,1,40204,/data/ncd?ncdid=0&ncdver=1
04/29/2025,34061,26,56,1,1,34061,/data/ncd?ncdid=56&ncdver=1
04/29/2025,34061,26,261,1,2,34061,/data/ncd?ncdid=261&ncdver=1
04/29/2025,34061,26,69,1,3,34061,/data/ncd?ncdid=69&ncdver=1
04/29/2025,34061,26,176,1,4,34061,/data/ncd?ncdid=176&ncdver=1
05/14/2026,40205,8,0,1,1,40205,/data/ncd?ncdid=0&ncdver=1
04/29/2025,34063,19,0,1,1,34063,/data/ncd?ncdid=0&ncdver=1
04/29/2025,36113,25,0,1,1,36113,/data/ncd?ncdid=0&ncdver=1
04/29/2025,34064,24,0,1,1,34064,/data/ncd?ncdid=0&ncdver=1
04/29/2025,34062,42,201,1,1,34062,/data/ncd?ncdid=201&ncdver=1
04/29/2025,38158,9,372,1,1,38158,/data/ncd?ncdid=372&ncdver=1
08/18/2025,40209,8,0,1,1,40209,/data/ncd?ncdid=0&ncdver=1
04/29/2025,36117,36,0,1,1,36117,/data/ncd?ncdid=0&ncdver=1
07/17/2025,40208,6,0,1,1,40208,/data/ncd?ncdid=0&ncdver=1
04/29/2025,38168,11,372,1,1,38168,/data/ncd?ncdid=372&ncdver=1
04/29/2025,34076,24,15,1,1,34076,/data/ncd?ncdid=15&ncdver=1
04/29/2025,36125,40,0,1,1,36125,/data/ncd?ncdid=0&ncdver=1
04/29/2025,34074,39,158,1,1,34074,/data/ncd?ncdid=158&ncdver=1
08/22/2025,40221,4,0,1,1,40221,/data/ncd?ncdid=0&ncdver=1
04/29/2025,38176,13,372,1,1,38176,/data/ncd?ncdid=372&ncdver=1
09/18/2025,40223,5,0,1,1,40223,/data/ncd?ncdid=0&ncdver=1
04/29/2025,38178,11,0,1,1,38178,/data/ncd?ncdid=0&ncdver=1
04/29/2025,34081,26,0,1,1,34081,/data/ncd?ncdid=0&ncdver=1
11/24/2025,40224,3,375,1,1,40224,/data/ncd?ncdid=375&ncdver=1
02/02/2026,40228,4,201,11,1,40228,/data/ncd?ncdid=201&ncdver=11
02/02/2026,40228,4,371,1,2,40228,/data/ncd?ncdid=371&ncdver=1
04/29/2025,34085,18,0,1,1,34085,/data/ncd?ncdid=0&ncdver=1
04/29/2025,34082,30,0,1,1,34082,/data/ncd?ncdid=0&ncdver=1
01/08/2026,40232,5,0,1,1,40232,/data/ncd?ncdid=0&ncdver=1
04/29/2025,34087,20,0,1,1,34087,/data/ncd?ncdid=0&ncdver=1
04/29/2025,34084,23,0,1,1,34084,/data/ncd?ncdid=0&ncdver=1
04/29/2025,34090,22,0,1,1,34090,/data/ncd?ncdid=0&ncdver=1
07/01/2025,40237,6,0,1,1,40237,/data/ncd?ncdid=0&ncdver=1
04/29/2025,36139,31,102,1,1,36139,/data/ncd?ncdid=102&ncdver=1
04/29/2025,35677,88,0,1,1,35677,/data/ncd?ncdid=0&ncdver=1
09/18/2025,40231,6,0,1,1,40231,/data/ncd?ncdid=0&ncdver=1
08/22/2025,40241,4,0,1,1,40241,/data/ncd?ncdid=0&ncdver=1
07/16/2025,40247,8,190,3,1,40247,/data/ncd?ncdid=190&ncdver=3
07/16/2025,40247,8,223,2,2,40247,/data/ncd?ncdid=223&ncdver=2
07/10/2025,40245,3,0,1,1,40245,/data/ncd?ncdid=0&ncdver=1
04/08/2026,40244,4,179,2,1,40244,/data/ncd?ncdid=179&ncdver=2
07/10/2025,40243,17,179,2,1,40243,/data/ncd?ncdid=179&ncdver=2
07/01/2026,40249,5,112,3,1,40249,/data/ncd?ncdid=112&ncdver=3
07/14/2025,40248,2,112,3,2,40248,/data/ncd?ncdid=112&ncdver=3
04/29/2025,38201,25,0,1,1,38201,/data/ncd?ncdid=0&ncdver=1
04/29/2025,36155,23,0,1,1,36155,/data/ncd?ncdid=0&ncdver=1
04/29/2025,34106,47,0,1,1,34106,/data/ncd?ncdid=0&ncdver=1
07/11/2025,40250,2,0,1,1,40250,/data/ncd?ncdid=0&ncdver=1
07/18/2025,40254,6,179,2,1,40254,/data/ncd?ncdid=179&ncdver=2
04/08/2026,40255,8,179,2,1,40255,/data/ncd?ncdid=179&ncdver=2
04/08/2026,40257,7,179,2,1,40257,/data/ncd?ncdid=179&ncdver=2
07/21/2025,40256,6,179,2,1,40256,/data/ncd?ncdid=179&ncdver=2
04/29/2025,36159,22,0,1,1,36159,/data/ncd?ncdid=0&ncdver=1
07/25/2025,40260,5,11,2,1,40260,/data/ncd?ncdid=11&ncdver=2
07/25/2025,40260,5,135,1,2,40260,/data/ncd?ncdid=135&ncdver=1
07/25/2025,40260,5,15,1,3,40260,/data/ncd?ncdid=15&ncdver=1
04/29/2025,38213,13,0,1,1,38213,/data/ncd?ncdid=0&ncdver=1
04/29/2025,38211,17,0,1,1,38211,/data/ncd?ncdid=0&ncdver=1
09/16/2025,40264,7,0,1,1,40264,/data/ncd?ncdid=0&ncdver=1
09/18/2025,40268,6,0,1,1,40268,/data/ncd?ncdid=0&ncdver=1
08/21/2025,40258,4,0,1,1,40258,/data/ncd?ncdid=0&ncdver=1
09/18/2025,40266,5,11,2,1,40266,/data/ncd?ncdid=11&ncdver=2
09/18/2025,40266,5,15,1,2,40266,/data/ncd?ncdid=15&ncdver=1
09/18/2025,40266,5,135,1,3,40266,/data/ncd?ncdid=135&ncdver=1
07/31/2025,40262,8,11,2,1,40262,/data/ncd?ncdid=11&ncdver=2
07/31/2025,40262,8,135,1,2,40262,/data/ncd?ncdid=135&ncdver=1
07/31/2025,40262,8,15,1,3,40262,/data/ncd?ncdid=15&ncdver=1
08/22/2025,40269,12,190,4,1,40269,/data/ncd?ncdid=190&ncdver=4
08/22/2025,40269,12,321,1,2,40269,/data/ncd?ncdid=321&ncdver=1
04/29/2025,38223,19,0,1,1,38223,/data/ncd?ncdid=0&ncdver=1
08/22/2025,40270,19,0,1,1,40270,/data/ncd?ncdid=0&ncdver=1
08/08/2025,40273,5,0,1,1,40273,/data/ncd?ncdid=0&ncdver=1
06/18/2026,40272,3,0,1,1,40272,/data/ncd?ncdid=0&ncdver=1
08/07/2025,40271,3,0,1,1,40271,/data/ncd?ncdid=0&ncdver=1
04/29/2025,38227,19,0,1,1,38227,/data/ncd?ncdid=0&ncdver=1
03/27/2026,40276,7,12,4,2,40276,/data/ncd?ncdid=12&ncdver=4
03/27/2026,40276,7,204,2,3,40276,/data/ncd?ncdid=204&ncdver=2
03/27/2026,40276,7,165,1,4,40276,/data/ncd?ncdid=165&ncdver=1
03/27/2026,40276,7,164,1,5,40276,/data/ncd?ncdid=164&ncdver=1
03/27/2026,40276,7,263,3,6,40276,/data/ncd?ncdid=263&ncdver=3
04/29/2025,36180,37,0,1,1,36180,/data/ncd?ncdid=0&ncdver=1
04/29/2025,38229,27,0,1,1,38229,/data/ncd?ncdid=0&ncdver=1
04/29/2025,38231,19,201,1,1,38231,/data/ncd?ncdid=201&ncdver=1
04/29/2025,38233,6,0,1,1,38233,/data/ncd?ncdid=0&ncdver=1
09/18/2025,40279,6,0,1,1,40279,/data/ncd?ncdid=0&ncdver=1
08/08/2025,40277,4,0,1,1,40277,/data/ncd?ncdid=0&ncdver=1
04/29/2025,36188,26,0,1,1,36188,/data/ncd?ncdid=0&ncdver=1
04/29/2025,36186,37,0,1,1,36186,/data/ncd?ncdid=0&ncdver=1
03/27/2026,40289,6,12,4,1,40289,/data/ncd?ncdid=12&ncdver=4
03/27/2026,40289,6,204,2,2,40289,/data/ncd?ncdid=204&ncdver=2
03/27/2026,40289,6,165,1,3,40289,/data/ncd?ncdid=165&ncdver=1
03/27/2026,40289,6,164,1,4,40289,/data/ncd?ncdid=164&ncdver=1
03/27/2026,40289,6,263,3,5,40289,/data/ncd?ncdid=263&ncdver=3
04/29/2025,36192,25,0,1,1,36192,/data/ncd?ncdid=0&ncdver=1
09/03/2025,40288,7,12,4,1,40288,/data/ncd?ncdid=12&ncdver=4
09/03/2025,40288,7,204,2,2,40288,/data/ncd?ncdid=204&ncdver=2
09/03/2025,40288,7,165,1,3,40288,/data/ncd?ncdid=165&ncdver=1
09/03/2025,40288,7,164,1,4,40288,/data/ncd?ncdid=164&ncdver=1
09/03/2025,40288,7,263,3,5,40288,/data/ncd?ncdid=263&ncdver=3
04/29/2025,38240,26,0,1,1,38240,/data/ncd?ncdid=0&ncdver=1
04/29/2025,34149,52,17,1,1,34149,/data/ncd?ncdid=17&ncdver=1
04/29/2025,34149,52,320,1,2,34149,/data/ncd?ncdid=320&ncdver=1
04/29/2025,38249,22,0,1,1,38249,/data/ncd?ncdid=0&ncdver=1
04/29/2025,36204,23,240,1,1,36204,/data/ncd?ncdid=240&ncdver=1
09/11/2025,40299,2,11,2,1,40299,/data/ncd?ncdid=11&ncdver=2
09/11/2025,40299,2,15,1,2,40299,/data/ncd?ncdid=15&ncdver=1
09/11/2025,40299,2,135,1,3,40299,/data/ncd?ncdid=135&ncdver=1
04/29/2025,38238,13,0,1,1,38238,/data/ncd?ncdid=0&ncdver=1
09/14/2025,40301,7,0,1,1,40301,/data/ncd?ncdid=0&ncdver=1
04/29/2025,34163,33,0,1,1,34163,/data/ncd?ncdid=0&ncdver=1
02/13/2026,40310,20,11,2,1,40310,/data/ncd?ncdid=11&ncdver=2
02/13/2026,40310,20,217,6,2,40310,/data/ncd?ncdid=217&ncdver=6
02/13/2026,40310,20,15,1,3,40310,/data/ncd?ncdid=15&ncdver=1
05/21/2026,40302,3,0,1,1,40302,/data/ncd?ncdid=0&ncdver=1
02/13/2026,40314,11,11,2,1,40314,/data/ncd?ncdid=11&ncdver=2
02/13/2026,40314,11,217,6,2,40314,/data/ncd?ncdid=217&ncdver=6
02/13/2026,40314,11,15,1,3,40314,/data/ncd?ncdid=15&ncdver=1
04/29/2025,34175,32,0,1,1,34175,/data/ncd?ncdid=0&ncdver=1
04/29/2025,38274,10,0,1,1,38274,/data/ncd?ncdid=0&ncdver=1
04/29/2025,38268,11,0,1,1,38268,/data/ncd?ncdid=0&ncdver=1
04/29/2025,34171,18,0,1,1,34171,/data/ncd?ncdid=0&ncdver=1
04/29/2025,38276,12,240,1,1,38276,/data/ncd?ncdid=240&ncdver=1
04/29/2025,38276,12,226,1,2,38276,/data/ncd?ncdid=226&ncdver=1
04/29/2025,38276,12,330,1,3,38276,/data/ncd?ncdid=330&ncdver=1
08/06/2026,40328,5,0,1,1,40328,/data/ncd?ncdid=0&ncdver=1
01/09/2026,40323,7,0,1,1,40323,/data/ncd?ncdid=0&ncdver=1
08/05/2026,40324,6,0,1,1,40324,/data/ncd?ncdid=0&ncdver=1
04/29/2025,34183,20,20,1,1,34183,/data/ncd?ncdid=20&ncdver=1
04/29/2025,34183,20,117,1,2,34183,/data/ncd?ncdid=117&ncdver=1
04/29/2025,34183,20,16,1,3,34183,/data/ncd?ncdid=16&ncdver=1
04/29/2025,34183,20,26,1,4,34183,/data/ncd?ncdid=26&ncdver=1
04/29/2025,34183,20,30,1,5,34183,/data/ncd?ncdid=30&ncdver=1
04/29/2025,34183,20,31,1,6,34183,/data/ncd?ncdid=31&ncdver=1
04/29/2025,34183,20,28,1,7,34183,/data/ncd?ncdid=28&ncdver=1
04/29/2025,34183,20,68,1,8,34183,/data/ncd?ncdid=68&ncdver=1
04/29/2025,34183,20,278,1,9,34183,/data/ncd?ncdid=278&ncdver=1
04/29/2025,34183,20,32,1,10,34183,/data/ncd?ncdid=32&ncdver=1
04/29/2025,34181,28,60,1,1,34181,/data/ncd?ncdid=60&ncdver=1
04/29/2025,34181,28,263,1,2,34181,/data/ncd?ncdid=263&ncdver=1
04/29/2025,36236,18,0,1,1,36236,/data/ncd?ncdid=0&ncdver=1
01/26/2026,40325,4,155,1,1,40325,/data/ncd?ncdid=155&ncdver=1
01/26/2026,40325,4,187,1,2,40325,/data/ncd?ncdid=187&ncdver=1
01/26/2026,40325,4,266,1,3,40325,/data/ncd?ncdid=266&ncdver=1
01/26/2026,40325,4,161,1,4,40325,/data/ncd?ncdid=161&ncdver=1
08/06/2026,40330,6,0,1,1,40330,/data/ncd?ncdid=0&ncdver=1
04/30/2025,38278,35,176,2,1,38278,/data/ncd?ncdid=176&ncdver=2
04/29/2025,38284,13,0,1,1,38284,/data/ncd?ncdid=0&ncdver=1
04/29/2025,38288,11,0,1,1,38288,/data/ncd?ncdid=0&ncdver=1
05/21/2026,40334,3,322,1,1,40334,/data/ncd?ncdid=322&ncdver=1
01/16/2026,40331,7,0,1,1,40331,/data/ncd?ncdid=0&ncdver=1
04/29/2025,36240,57,266,1,1,36240,/data/ncd?ncdid=266&ncdver=1
04/29/2025,36240,57,155,1,2,36240,/data/ncd?ncdid=155&ncdver=1
04/29/2025,34194,27,0,1,1,34194,/data/ncd?ncdid=0&ncdver=1
05/02/2025,34195,28,0,1,1,34195,/data/ncd?ncdid=0&ncdver=1
08/06/2026,40341,6,0,1,1,40341,/data/ncd?ncdid=0&ncdver=1
04/29/2025,34196,30,16,1,1,34196,/data/ncd?ncdid=16&ncdver=1
04/29/2025,34196,30,278,1,2,34196,/data/ncd?ncdid=278&ncdver=1
04/29/2025,34196,30,250,1,3,34196,/data/ncd?ncdid=250&ncdver=1
04/29/2025,38294,24,333,1,1,38294,/data/ncd?ncdid=333&ncdver=1
04/29/2025,38299,26,0,1,1,38299,/data/ncd?ncdid=0&ncdver=1
04/29/2025,34200,30,0,1,1,34200,/data/ncd?ncdid=0&ncdver=1
04/29/2025,34203,26,9,1,1,34203,/data/ncd?ncdid=9&ncdver=1
01/26/2026,40345,10,190,4,1,40345,/data/ncd?ncdid=190&ncdver=4
01/26/2026,40345,10,219,2,2,40345,/data/ncd?ncdid=219&ncdver=2
01/26/2026,40345,10,376,1,3,40345,/data/ncd?ncdid=376&ncdver=1
04/29/2025,38301,26,0,1,1,38301,/data/ncd?ncdid=0&ncdver=1
04/29/2025,36241,98,266,1,1,36241,/data/ncd?ncdid=266&ncdver=1
04/29/2025,36241,98,187,1,2,36241,/data/ncd?ncdid=187&ncdver=1
04/29/2025,36241,98,161,1,3,36241,/data/ncd?ncdid=161&ncdver=1
04/29/2025,36241,98,241,1,4,36241,/data/ncd?ncdid=241&ncdver=1
04/29/2025,38292,17,0,1,1,38292,/data/ncd?ncdid=0&ncdver=1
04/29/2025,36256,54,0,1,1,36256,/data/ncd?ncdid=0&ncdver=1
03/27/2026,40350,15,0,1,1,40350,/data/ncd?ncdid=0&ncdver=1
04/29/2025,34209,43,0,1,1,34209,/data/ncd?ncdid=0&ncdver=1
04/29/2025,38303,13,0,1,1,38303,/data/ncd?ncdid=0&ncdver=1
04/29/2025,38307,14,0,1,1,38307,/data/ncd?ncdid=0&ncdver=1
03/27/2026,40351,3,0,1,1,40351,/data/ncd?ncdid=0&ncdver=1
04/29/2025,38310,11,0,1,1,38310,/data/ncd?ncdid=0&ncdver=1
04/29/2025,34215,59,0,1,1,34215,/data/ncd?ncdid=0&ncdver=1
04/29/2025,34211,40,373,1,1,34211,/data/ncd?ncdid=373&ncdver=1
04/29/2025,34213,56,281,1,1,34213,/data/ncd?ncdid=281&ncdver=1
04/29/2025,38312,5,0,1,1,38312,/data/ncd?ncdid=0&ncdver=1
04/29/2025,34218,26,15,1,1,34218,/data/ncd?ncdid=15&ncdver=1
05/11/2026,40355,8,0,1,1,40355,/data/ncd?ncdid=0&ncdver=1
04/29/2025,36267,44,234,1,1,36267,/data/ncd?ncdid=234&ncdver=1
04/29/2025,36267,44,190,1,2,36267,/data/ncd?ncdid=190&ncdver=1
04/29/2025,34220,40,176,1,1,34220,/data/ncd?ncdid=176&ncdver=1
04/29/2025,34220,40,177,1,2,34220,/data/ncd?ncdid=177&ncdver=1
04/29/2025,34228,54,0,1,1,34228,/data/ncd?ncdid=0&ncdver=1
05/11/2026,40358,4,0,1,1,40358,/data/ncd?ncdid=0&ncdver=1
05/14/2026,40366,3,0,1,1,40366,/data/ncd?ncdid=0&ncdver=1
05/14/2026,40362,4,0,1,1,40362,/data/ncd?ncdid=0&ncdver=1
04/29/2025,38327,10,0,1,1,38327,/data/ncd?ncdid=0&ncdver=1
04/16/2026,40376,6,0,1,1,40376,/data/ncd?ncdid=0&ncdver=1
04/29/2025,34233,36,0,1,1,34233,/data/ncd?ncdid=0&ncdver=1
04/29/2025,38329,10,0,1,1,38329,/data/ncd?ncdid=0&ncdver=1
04/29/2025,38331,25,0,1,1,38331,/data/ncd?ncdid=0&ncdver=1
04/29/2025,38335,16,333,1,1,38335,/data/ncd?ncdid=333&ncdver=1
04/29/2025,36286,22,0,1,1,36286,/data/ncd?ncdid=0&ncdver=1
04/29/2025,38337,16,333,1,1,38337,/data/ncd?ncdid=333&ncdver=1
05/08/2026,40379,8,0,1,1,40379,/data/ncd?ncdid=0&ncdver=1
04/29/2025,38333,20,0,1,1,38333,/data/ncd?ncdid=0&ncdver=1
05/11/2026,40386,6,0,1,1,40386,/data/ncd?ncdid=0&ncdver=1
03/27/2026,40381,4,0,1,1,40381,/data/ncd?ncdid=0&ncdver=1
05/13/2026,40384,5,0,1,1,40384,/data/ncd?ncdid=0&ncdver=1
04/29/2025,38339,17,0,1,1,38339,/data/ncd?ncdid=0&ncdver=1
04/29/2025,40184,7,0,1,1,40184,/data/ncd?ncdid=0&ncdver=1
07/02/2026,40391,25,11,2,1,40391,/data/ncd?ncdid=11&ncdver=2
07/02/2026,40391,25,176,2,2,40391,/data/ncd?ncdid=176&ncdver=2
07/02/2026,40391,25,15,1,3,40391,/data/ncd?ncdid=15&ncdver=1
04/29/2025,38341,14,0,1,1,38341,/data/ncd?ncdid=0&ncdver=1
07/15/2026,40403,11,169,2,5,40403,/data/ncd?ncdid=169&ncdver=2
07/15/2026,40403,11,312,1,6,40403,/data/ncd?ncdid=312&ncdver=1
07/15/2026,40403,11,47,1,7,40403,/data/ncd?ncdid=47&ncdver=1
07/15/2026,40403,11,190,4,8,40403,/data/ncd?ncdid=190&ncdver=4
04/29/2025,38351,9,0,1,1,38351,/data/ncd?ncdid=0&ncdver=1
04/29/2025,38353,9,0,1,1,38353,/data/ncd?ncdid=0&ncdver=1
07/16/2026,40402,7,0,1,1,40402,/data/ncd?ncdid=0&ncdver=1
04/29/2025,34246,26,171,1,1,34246,/data/ncd?ncdid=171&ncdver=1
05/08/2025,40188,6,0,1,1,40188,/data/ncd?ncdid=0&ncdver=1
07/02/2026,40404,7,11,2,1,40404,/data/ncd?ncdid=11&ncdver=2
07/02/2026,40404,7,176,2,2,40404,/data/ncd?ncdid=176&ncdver=2
07/02/2026,40404,7,15,1,3,40404,/data/ncd?ncdid=15&ncdver=1
07/12/2025,38367,32,0,1,1,38367,/data/ncd?ncdid=0&ncdver=1
04/29/2025,38371,13,0,1,1,38371,/data/ncd?ncdid=0&ncdver=1
04/29/2025,36335,25,0,1,1,36335,/data/ncd?ncdid=0&ncdver=1
04/29/2025,38385,40,240,1,1,38385,/data/ncd?ncdid=240&ncdver=1
04/29/2025,38385,40,226,1,2,38385,/data/ncd?ncdid=226&ncdver=1
04/29/2025,38385,40,330,1,3,38385,/data/ncd?ncdid=330&ncdver=1
05/07/2025,40192,3,0,1,1,40192,/data/ncd?ncdid=0&ncdver=1
10/07/2025,38378,26,0,1,1,38378,/data/ncd?ncdid=0&ncdver=1
04/29/2025,38387,8,240,1,1,38387,/data/ncd?ncdid=240&ncdver=1
04/29/2025,38387,8,226,1,2,38387,/data/ncd?ncdid=226&ncdver=1
04/29/2025,38387,8,330,1,3,38387,/data/ncd?ncdid=330&ncdver=1
05/08/2025,40194,3,0,1,1,40194,/data/ncd?ncdid=0&ncdver=1
04/29/2025,38394,13,333,1,1,38394,/data/ncd?ncdid=333&ncdver=1
04/29/2025,38396,25,177,1,1,38396,/data/ncd?ncdid=177&ncdver=1
04/29/2025,38396,25,263,1,2,38396,/data/ncd?ncdid=263&ncdver=1
04/29/2025,38396,25,211,1,3,38396,/data/ncd?ncdid=211&ncdver=1
04/29/2025,38396,25,292,1,4,38396,/data/ncd?ncdid=292&ncdver=1
04/29/2025,38396,25,298,1,5,38396,/data/ncd?ncdid=298&ncdver=1
04/29/2025,38396,25,271,1,6,38396,/data/ncd?ncdid=271&ncdver=1
04/29/2025,36339,26,0,1,1,36339,/data/ncd?ncdid=0&ncdver=1
04/29/2025,34314,53,158,1,1,34314,/data/ncd?ncdid=158&ncdver=1
04/29/2025,36358,39,102,1,1,36358,/data/ncd?ncdid=102&ncdver=1
04/29/2025,36362,34,102,1,1,36362,/data/ncd?ncdid=102&ncdver=1
04/29/2025,38398,6,240,1,1,38398,/data/ncd?ncdid=240&ncdver=1
04/29/2025,38398,6,226,1,2,38398,/data/ncd?ncdid=226&ncdver=1
04/29/2025,38398,6,330,1,3,38398,/data/ncd?ncdid=330&ncdver=1
09/04/2025,36351,42,0,1,1,36351,/data/ncd?ncdid=0&ncdver=1
09/04/2025,36353,38,0,1,1,36353,/data/ncd?ncdid=0&ncdver=1
04/29/2025,34313,18,266,1,1,34313,/data/ncd?ncdid=266&ncdver=1
04/29/2025,36129,54,102,1,1,36129,/data/ncd?ncdid=102&ncdver=1
04/29/2025,34315,41,0,1,1,34315,/data/ncd?ncdid=0&ncdver=1
04/29/2025,34324,38,36,1,1,34324,/data/ncd?ncdid=36&ncdver=1
04/29/2025,36380,27,0,1,1,36380,/data/ncd?ncdid=0&ncdver=1
04/29/2025,38429,9,0,1,1,38429,/data/ncd?ncdid=0&ncdver=1
04/29/2025,34328,44,240,1,1,34328,/data/ncd?ncdid=240&ncdver=1
04/29/2025,36386,24,0,1,1,36386,/data/ncd?ncdid=0&ncdver=1
04/29/2025,34338,34,0,1,1,34338,/data/ncd?ncdid=0&ncdver=1
04/29/2025,34337,23,0,1,1,34337,/data/ncd?ncdid=0&ncdver=1
04/29/2025,38433,9,0,1,1,38433,/data/ncd?ncdid=0&ncdver=1
04/29/2025,38435,15,333,1,1,38435,/data/ncd?ncdid=333&ncdver=1
04/29/2025,36402,35,266,1,1,36402,/data/ncd?ncdid=266&ncdver=1
04/29/2025,36402,35,187,1,2,36402,/data/ncd?ncdid=187&ncdver=1
04/29/2025,36402,35,161,1,3,36402,/data/ncd?ncdid=161&ncdver=1
04/29/2025,36400,20,0,1,1,36400,/data/ncd?ncdid=0&ncdver=1
04/29/2025,38443,11,0,1,1,38443,/data/ncd?ncdid=0&ncdver=1
04/29/2025,38441,15,0,1,1,38441,/data/ncd?ncdid=0&ncdver=1
04/29/2025,34356,31,322,1,1,34356,/data/ncd?ncdid=322&ncdver=1
04/29/2025,34353,35,41,1,1,34353,/data/ncd?ncdid=41&ncdver=1
04/29/2025,34353,35,16,1,2,34353,/data/ncd?ncdid=16&ncdver=1
04/29/2025,34353,35,26,1,3,34353,/data/ncd?ncdid=26&ncdver=1
04/29/2025,34353,35,27,1,4,34353,/data/ncd?ncdid=27&ncdver=1
04/29/2025,34353,35,30,1,5,34353,/data/ncd?ncdid=30&ncdver=1
04/29/2025,34353,35,31,1,6,34353,/data/ncd?ncdid=31&ncdver=1
04/29/2025,34353,35,29,1,7,34353,/data/ncd?ncdid=29&ncdver=1
04/29/2025,34353,35,28,1,8,34353,/data/ncd?ncdid=28&ncdver=1
04/29/2025,34353,35,59,1,9,34353,/data/ncd?ncdid=59&ncdver=1
04/29/2025,34353,35,278,1,10,34353,/data/ncd?ncdid=278&ncdver=1
04/29/2025,36393,37,29,1,1,36393,/data/ncd?ncdid=29&ncdver=1
04/29/2025,36393,37,28,1,2,36393,/data/ncd?ncdid=28&ncdver=1
04/29/2025,36393,37,59,1,3,36393,/data/ncd?ncdid=59&ncdver=1
04/29/2025,36406,10,0,1,1,36406,/data/ncd?ncdid=0&ncdver=1
04/29/2025,36425,21,0,1,1,36425,/data/ncd?ncdid=0&ncdver=1
04/29/2025,34372,22,177,1,1,34372,/data/ncd?ncdid=177&ncdver=1
08/26/2025,36408,34,155,1,1,36408,/data/ncd?ncdid=155&ncdver=1
08/26/2025,36408,34,266,1,2,36408,/data/ncd?ncdid=266&ncdver=1
04/29/2025,36427,38,81,1,1,36427,/data/ncd?ncdid=81&ncdver=1
05/02/2025,34393,24,0,1,1,34393,/data/ncd?ncdid=0&ncdver=1
04/29/2025,34380,42,263,1,1,34380,/data/ncd?ncdid=263&ncdver=1
04/29/2025,34394,27,0,1,1,34394,/data/ncd?ncdid=0&ncdver=1
04/29/2025,34399,30,0,1,1,34399,/data/ncd?ncdid=0&ncdver=1
12/10/2025,34410,46,0,1,1,34410,/data/ncd?ncdid=0&ncdver=1
04/29/2025,38495,7,279,1,1,38495,/data/ncd?ncdid=279&ncdver=1
04/29/2025,34411,46,0,1,1,34411,/data/ncd?ncdid=0&ncdver=1
04/29/2025,34415,58,176,1,1,34415,/data/ncd?ncdid=176&ncdver=1
04/29/2025,34413,53,9,1,1,34413,/data/ncd?ncdid=9&ncdver=1
04/29/2025,36460,25,256,1,1,36460,/data/ncd?ncdid=256&ncdver=1
04/29/2025,34419,43,0,1,1,34419,/data/ncd?ncdid=0&ncdver=1
04/29/2025,34417,57,176,1,1,34417,/data/ncd?ncdid=176&ncdver=1
04/29/2025,36464,27,0,1,1,36464,/data/ncd?ncdid=0&ncdver=1
04/29/2025,38506,3,279,1,1,38506,/data/ncd?ncdid=279&ncdver=1
04/29/2025,34521,7,214,1,1,34521,/data/ncd?ncdid=214&ncdver=1
04/29/2025,36469,24,0,1,1,36469,/data/ncd?ncdid=0&ncdver=1
04/29/2025,34424,47,177,1,1,34424,/data/ncd?ncdid=177&ncdver=1
04/29/2025,34426,55,128,1,1,34426,/data/ncd?ncdid=128&ncdver=1
04/29/2025,34426,55,349,1,2,34426,/data/ncd?ncdid=349&ncdver=1
04/29/2025,34426,55,157,1,3,34426,/data/ncd?ncdid=157&ncdver=1
04/29/2025,34425,43,177,1,1,34425,/data/ncd?ncdid=177&ncdver=1
04/29/2025,34427,100,145,1,1,34427,/data/ncd?ncdid=145&ncdver=1
04/29/2025,34427,100,58,1,2,34427,/data/ncd?ncdid=58&ncdver=1
04/29/2025,34427,100,76,1,3,34427,/data/ncd?ncdid=76&ncdver=1
04/29/2025,34427,100,94,1,4,34427,/data/ncd?ncdid=94&ncdver=1
04/29/2025,34427,100,22,1,5,34427,/data/ncd?ncdid=22&ncdver=1
04/29/2025,34427,100,354,1,6,34427,/data/ncd?ncdid=354&ncdver=1
04/29/2025,34427,100,240,1,7,34427,/data/ncd?ncdid=240&ncdver=1
04/29/2025,34427,100,175,1,8,34427,/data/ncd?ncdid=175&ncdver=1
04/29/2025,34427,100,250,1,9,34427,/data/ncd?ncdid=250&ncdver=1
04/29/2025,34427,100,4,1,10,34427,/data/ncd?ncdid=4&ncdver=1
04/29/2025,34427,100,131,1,11,34427,/data/ncd?ncdid=131&ncdver=1
04/29/2025,34427,100,47,1,12,34427,/data/ncd?ncdid=47&ncdver=1
04/29/2025,34427,100,315,1,13,34427,/data/ncd?ncdid=315&ncdver=1
04/29/2025,34427,100,41,1,14,34427,/data/ncd?ncdid=41&ncdver=1
04/29/2025,34427,100,42,1,15,34427,/data/ncd?ncdid=42&ncdver=1
04/29/2025,34429,63,250,1,1,34429,/data/ncd?ncdid=250&ncdver=1
04/29/2025,34429,63,89,1,2,34429,/data/ncd?ncdid=89&ncdver=1
04/29/2025,34429,63,192,1,3,34429,/data/ncd?ncdid=192&ncdver=1
04/29/2025,34429,63,274,1,4,34429,/data/ncd?ncdid=274&ncdver=1
04/29/2025,34429,63,237,1,5,34429,/data/ncd?ncdid=237&ncdver=1
04/29/2025,34429,63,245,1,6,34429,/data/ncd?ncdid=245&ncdver=1
04/29/2025,34429,63,247,1,7,34429,/data/ncd?ncdid=247&ncdver=1
04/29/2025,34428,93,145,1,1,34428,/data/ncd?ncdid=145&ncdver=1
04/29/2025,34428,93,58,1,2,34428,/data/ncd?ncdid=58&ncdver=1
04/29/2025,34428,93,76,1,3,34428,/data/ncd?ncdid=76&ncdver=1
04/29/2025,34428,93,175,1,4,34428,/data/ncd?ncdid=175&ncdver=1
04/29/2025,34428,93,94,1,5,34428,/data/ncd?ncdid=94&ncdver=1
04/29/2025,34428,93,22,1,6,34428,/data/ncd?ncdid=22&ncdver=1
04/29/2025,34428,93,354,1,7,34428,/data/ncd?ncdid=354&ncdver=1
04/29/2025,34428,93,240,1,8,34428,/data/ncd?ncdid=240&ncdver=1
04/29/2025,34428,93,250,1,9,34428,/data/ncd?ncdid=250&ncdver=1
04/29/2025,34428,93,4,1,10,34428,/data/ncd?ncdid=4&ncdver=1
04/29/2025,34428,93,320,1,11,34428,/data/ncd?ncdid=320&ncdver=1
04/29/2025,34428,93,131,1,12,34428,/data/ncd?ncdid=131&ncdver=1
04/29/2025,34428,93,47,1,13,34428,/data/ncd?ncdid=47&ncdver=1
04/29/2025,34428,93,315,1,14,34428,/data/ncd?ncdid=315&ncdver=1
04/29/2025,34428,93,41,1,15,34428,/data/ncd?ncdid=41&ncdver=1
04/29/2025,34428,93,42,1,16,34428,/data/ncd?ncdid=42&ncdver=1
04/29/2025,34430,46,17,1,1,34430,/data/ncd?ncdid=17&ncdver=1
04/29/2025,34430,46,320,1,2,34430,/data/ncd?ncdid=320&ncdver=1
04/29/2025,34433,43,270,1,1,34433,/data/ncd?ncdid=270&ncdver=1
04/29/2025,34431,60,69,1,1,34431,/data/ncd?ncdid=69&ncdver=1
04/29/2025,34431,60,56,1,2,34431,/data/ncd?ncdid=56&ncdver=1
04/29/2025,34431,60,261,1,3,34431,/data/ncd?ncdid=261&ncdver=1
04/29/2025,38528,9,240,1,1,38528,/data/ncd?ncdid=240&ncdver=1
04/29/2025,38528,9,226,1,2,38528,/data/ncd?ncdid=226&ncdver=1
04/29/2025,38528,9,330,1,3,38528,/data/ncd?ncdid=330&ncdver=1
04/29/2025,36485,23,0,1,1,36485,/data/ncd?ncdid=0&ncdver=1
08/08/2024,34434,68,81,1,1,34434,/data/ncd?ncdid=81&ncdver=1
08/08/2024,34434,68,191,1,2,34434,/data/ncd?ncdid=191&ncdver=1
08/08/2024,34434,68,95,1,3,34434,/data/ncd?ncdid=95&ncdver=1
08/21/2025,40225,6,0,1,1,40225,/data/ncd?ncdid=0&ncdver=1
04/29/2025,34454,67,0,1,1,34454,/data/ncd?ncdid=0&ncdver=1
10/07/2025,38549,17,0,1,1,38549,/data/ncd?ncdid=0&ncdver=1
06/26/2025,40227,5,201,11,1,40227,/data/ncd?ncdid=201&ncdver=11
06/26/2025,40227,5,371,1,2,40227,/data/ncd?ncdid=371&ncdver=1
04/29/2025,38566,11,0,1,1,38566,/data/ncd?ncdid=0&ncdver=1
04/29/2025,36499,28,372,1,1,36499,/data/ncd?ncdid=372&ncdver=1
04/29/2025,38551,14,0,1,1,38551,/data/ncd?ncdid=0&ncdver=1
04/29/2025,38568,10,112,1,1,38568,/data/ncd?ncdid=112&ncdver=1
04/29/2025,38571,9,281,1,1,38571,/data/ncd?ncdid=281&ncdver=1
04/29/2025,36524,43,270,1,1,36524,/data/ncd?ncdid=270&ncdver=1
04/29/2025,36523,35,102,1,1,36523,/data/ncd?ncdid=102&ncdver=1
04/29/2025,36526,33,270,1,1,36526,/data/ncd?ncdid=270&ncdver=1
04/29/2025,38584,15,0,1,1,38584,/data/ncd?ncdid=0&ncdver=1
04/29/2025,38582,11,0,1,1,38582,/data/ncd?ncdid=0&ncdver=1
04/29/2025,38576,14,372,1,1,38576,/data/ncd?ncdid=372&ncdver=1
04/29/2025,38586,13,372,1,1,38586,/data/ncd?ncdid=372&ncdver=1
04/29/2025,36538,22,0,1,1,36538,/data/ncd?ncdid=0&ncdver=1
04/29/2025,36551,21,0,1,1,36551,/data/ncd?ncdid=0&ncdver=1
04/29/2025,36544,21,0,1,1,36544,/data/ncd?ncdid=0&ncdver=1
04/29/2025,34512,48,0,1,1,34512,/data/ncd?ncdid=0&ncdver=1
04/29/2025,34513,41,366,1,1,34513,/data/ncd?ncdid=366&ncdver=1
04/29/2025,36569,19,0,1,1,36569,/data/ncd?ncdid=0&ncdver=1
04/29/2025,38613,16,176,1,1,38613,/data/ncd?ncdid=176&ncdver=1
04/29/2025,38615,14,176,1,1,38615,/data/ncd?ncdid=176&ncdver=1
04/29/2025,34519,33,372,1,1,34519,/data/ncd?ncdid=372&ncdver=1
04/29/2025,38617,31,190,1,1,38617,/data/ncd?ncdid=190&ncdver=1
04/29/2025,38617,31,223,1,2,38617,/data/ncd?ncdid=223&ncdver=1
04/29/2025,38617,31,222,1,3,38617,/data/ncd?ncdid=222&ncdver=1
04/29/2025,34522,29,0,1,1,34522,/data/ncd?ncdid=0&ncdver=1
04/29/2025,34520,32,0,1,1,34520,/data/ncd?ncdid=0&ncdver=1
04/29/2025,36573,17,0,1,1,36573,/data/ncd?ncdid=0&ncdver=1
04/29/2025,38623,21,0,1,1,38623,/data/ncd?ncdid=0&ncdver=1
04/29/2025,34526,24,226,1,1,34526,/data/ncd?ncdid=226&ncdver=1
04/29/2025,34526,24,330,1,2,34526,/data/ncd?ncdid=330&ncdver=1
04/29/2025,34528,38,261,1,1,34528,/data/ncd?ncdid=261&ncdver=1
04/29/2025,38629,5,112,1,1,38629,/data/ncd?ncdid=112&ncdver=1
04/29/2025,36577,17,0,1,1,36577,/data/ncd?ncdid=0&ncdver=1
04/29/2025,36575,21,0,1,1,36575,/data/ncd?ncdid=0&ncdver=1
04/29/2025,34541,21,0,1,1,34541,/data/ncd?ncdid=0&ncdver=1
04/29/2025,34537,45,0,1,1,34537,/data/ncd?ncdid=0&ncdver=1
04/29/2025,34540,15,91,1,1,34540,/data/ncd?ncdid=91&ncdver=1
04/29/2025,34538,21,0,1,1,34538,/data/ncd?ncdid=0&ncdver=1
04/29/2025,34536,36,0,1,1,34536,/data/ncd?ncdid=0&ncdver=1
04/29/2025,34544,47,0,1,1,34544,/data/ncd?ncdid=0&ncdver=1
04/29/2025,34547,40,0,1,1,34547,/data/ncd?ncdid=0&ncdver=1
04/29/2025,34539,16,140,1,1,34539,/data/ncd?ncdid=140&ncdver=1
04/29/2025,38643,8,0,1,1,38643,/data/ncd?ncdid=0&ncdver=1
04/29/2025,38645,8,0,1,1,38645,/data/ncd?ncdid=0&ncdver=1
04/29/2025,34548,43,0,1,1,34548,/data/ncd?ncdid=0&ncdver=1
04/29/2025,36593,37,20,1,1,36593,/data/ncd?ncdid=20&ncdver=1
04/29/2025,36593,37,226,1,2,36593,/data/ncd?ncdid=226&ncdver=1
04/29/2025,36593,37,330,1,3,36593,/data/ncd?ncdid=330&ncdver=1
04/29/2025,38647,14,372,1,1,38647,/data/ncd?ncdid=372&ncdver=1
04/29/2025,38649,13,372,1,1,38649,/data/ncd?ncdid=372&ncdver=1
04/29/2025,34552,40,97,1,1,34552,/data/ncd?ncdid=97&ncdver=1
04/29/2025,34551,36,0,1,1,34551,/data/ncd?ncdid=0&ncdver=1
04/29/2025,34559,43,0,1,1,34559,/data/ncd?ncdid=0&ncdver=1
04/29/2025,34553,47,0,1,1,34553,/data/ncd?ncdid=0&ncdver=1
04/29/2025,34558,40,0,1,1,34558,/data/ncd?ncdid=0&ncdver=1
04/29/2025,34554,34,253,1,1,34554,/data/ncd?ncdid=253&ncdver=1
04/29/2025,34562,45,0,1,1,34562,/data/ncd?ncdid=0&ncdver=1
04/29/2025,38659,18,0,1,1,38659,/data/ncd?ncdid=0&ncdver=1
04/29/2025,34560,76,145,1,1,34560,/data/ncd?ncdid=145&ncdver=1
04/29/2025,34560,76,76,1,2,34560,/data/ncd?ncdid=76&ncdver=1
04/29/2025,34560,76,175,1,3,34560,/data/ncd?ncdid=175&ncdver=1
04/29/2025,34560,76,151,1,4,34560,/data/ncd?ncdid=151&ncdver=1
04/29/2025,34560,76,94,1,5,34560,/data/ncd?ncdid=94&ncdver=1
04/29/2025,34560,76,354,1,6,34560,/data/ncd?ncdid=354&ncdver=1
04/29/2025,34560,76,240,1,7,34560,/data/ncd?ncdid=240&ncdver=1
04/29/2025,34560,76,250,1,8,34560,/data/ncd?ncdid=250&ncdver=1
04/29/2025,34560,76,4,1,9,34560,/data/ncd?ncdid=4&ncdver=1
04/29/2025,34560,76,131,1,10,34560,/data/ncd?ncdid=131&ncdver=1
04/29/2025,34560,76,315,1,11,34560,/data/ncd?ncdid=315&ncdver=1
04/29/2025,34560,76,41,1,12,34560,/data/ncd?ncdid=41&ncdver=1
04/29/2025,34560,76,42,1,13,34560,/data/ncd?ncdid=42&ncdver=1
04/29/2025,34564,83,58,1,1,34564,/data/ncd?ncdid=58&ncdver=1
04/29/2025,34564,83,175,1,2,34564,/data/ncd?ncdid=175&ncdver=1
04/29/2025,34564,83,151,1,3,34564,/data/ncd?ncdid=151&ncdver=1
04/29/2025,34564,83,94,1,4,34564,/data/ncd?ncdid=94&ncdver=1
04/29/2025,34564,83,354,1,5,34564,/data/ncd?ncdid=354&ncdver=1
04/29/2025,34564,83,240,1,6,34564,/data/ncd?ncdid=240&ncdver=1
04/29/2025,34564,83,63,1,7,34564,/data/ncd?ncdid=63&ncdver=1
04/29/2025,34564,83,250,1,8,34564,/data/ncd?ncdid=250&ncdver=1
04/29/2025,34564,83,4,1,9,34564,/data/ncd?ncdid=4&ncdver=1
04/29/2025,34564,83,131,1,10,34564,/data/ncd?ncdid=131&ncdver=1
04/29/2025,34564,83,315,1,11,34564,/data/ncd?ncdid=315&ncdver=1
04/29/2025,34564,83,41,1,12,34564,/data/ncd?ncdid=41&ncdver=1
04/29/2025,34564,83,42,1,13,34564,/data/ncd?ncdid=42&ncdver=1
04/29/2025,38657,21,0,1,1,38657,/data/ncd?ncdid=0&ncdver=1
04/29/2025,38664,26,222,1,1,38664,/data/ncd?ncdid=222&ncdver=1
04/29/2025,38664,26,190,1,2,38664,/data/ncd?ncdid=190&ncdver=1
04/29/2025,38664,26,223,1,3,38664,/data/ncd?ncdid=223&ncdver=1
04/29/2025,38662,18,0,1,1,38662,/data/ncd?ncdid=0&ncdver=1
04/29/2025,34561,69,0,1,1,34561,/data/ncd?ncdid=0&ncdver=1
04/29/2025,34563,51,89,1,1,34563,/data/ncd?ncdid=89&ncdver=1
04/29/2025,34563,51,192,1,2,34563,/data/ncd?ncdid=192&ncdver=1
04/29/2025,34563,51,274,1,3,34563,/data/ncd?ncdid=274&ncdver=1
04/29/2025,34563,51,237,1,4,34563,/data/ncd?ncdid=237&ncdver=1
04/29/2025,34563,51,245,1,5,34563,/data/ncd?ncdid=245&ncdver=1
04/29/2025,34563,51,247,1,6,34563,/data/ncd?ncdid=247&ncdver=1
04/29/2025,34573,31,179,1,1,34573,/data/ncd?ncdid=179&ncdver=1
04/29/2025,34565,40,0,1,1,34565,/data/ncd?ncdid=0&ncdver=1
04/29/2025,38671,6,112,1,1,38671,/data/ncd?ncdid=112&ncdver=1
04/29/2025,38667,4,176,1,1,38667,/data/ncd?ncdid=176&ncdver=1
04/29/2025,34567,43,0,1,1,34567,/data/ncd?ncdid=0&ncdver=1
04/29/2025,34570,52,26,1,1,34570,/data/ncd?ncdid=26&ncdver=1
04/29/2025,34570,52,30,1,2,34570,/data/ncd?ncdid=30&ncdver=1
04/29/2025,34570,52,31,1,3,34570,/data/ncd?ncdid=31&ncdver=1
04/29/2025,34570,52,28,1,4,34570,/data/ncd?ncdid=28&ncdver=1
04/29/2025,34570,52,68,1,5,34570,/data/ncd?ncdid=68&ncdver=1
04/29/2025,34570,52,278,1,6,34570,/data/ncd?ncdid=278&ncdver=1
04/29/2025,34570,52,20,1,7,34570,/data/ncd?ncdid=20&ncdver=1
04/29/2025,34570,52,117,1,8,34570,/data/ncd?ncdid=117&ncdver=1
04/29/2025,34576,72,57,1,1,34576,/data/ncd?ncdid=57&ncdver=1
04/29/2025,34578,30,22,1,1,34578,/data/ncd?ncdid=22&ncdver=1
04/29/2025,34578,30,192,1,2,34578,/data/ncd?ncdid=192&ncdver=1
04/29/2025,34575,43,156,1,1,34575,/data/ncd?ncdid=156&ncdver=1
04/29/2025,34575,43,55,1,2,34575,/data/ncd?ncdid=55&ncdver=1
04/29/2025,34575,43,194,1,3,34575,/data/ncd?ncdid=194&ncdver=1
04/29/2025,34577,64,263,1,1,34577,/data/ncd?ncdid=263&ncdver=1
04/29/2025,34580,57,158,1,1,34580,/data/ncd?ncdid=158&ncdver=1
04/29/2025,38680,7,112,1,1,38680,/data/ncd?ncdid=112&ncdver=1
04/29/2025,38678,11,0,1,1,38678,/data/ncd?ncdid=0&ncdver=1
10/13/2025,38682,13,0,1,1,38682,/data/ncd?ncdid=0&ncdver=1
04/29/2025,38684,10,372,1,1,38684,/data/ncd?ncdid=372&ncdver=1
04/29/2025,32553,21,155,1,1,32553,/data/ncd?ncdid=155&ncdver=1
04/29/2025,32553,21,266,1,2,32553,/data/ncd?ncdid=266&ncdver=1
04/29/2025,38694,12,0,1,1,38694,/data/ncd?ncdid=0&ncdver=1
04/29/2025,34594,42,270,1,1,34594,/data/ncd?ncdid=270&ncdver=1
04/29/2025,38700,5,0,1,1,38700,/data/ncd?ncdid=0&ncdver=1
04/29/2025,38686,18,98,1,1,38686,/data/ncd?ncdid=98&ncdver=1
04/29/2025,38686,18,251,1,2,38686,/data/ncd?ncdid=251&ncdver=1
04/29/2025,38686,18,222,1,3,38686,/data/ncd?ncdid=222&ncdver=1
10/14/2025,38705,14,0,1,1,38705,/data/ncd?ncdid=0&ncdver=1
04/29/2025,34614,43,0,1,1,34614,/data/ncd?ncdid=0&ncdver=1
04/29/2025,34596,52,0,1,1,34596,/data/ncd?ncdid=0&ncdver=1
10/14/2025,38707,13,0,1,1,38707,/data/ncd?ncdid=0&ncdver=1
04/29/2025,38709,5,0,1,1,38709,/data/ncd?ncdid=0&ncdver=1
04/29/2025,36658,22,1,1,1,36658,/data/ncd?ncdid=1&ncdver=1
04/29/2025,34615,42,261,1,1,34615,/data/ncd?ncdid=261&ncdver=1
04/29/2025,34616,44,41,1,1,34616,/data/ncd?ncdid=41&ncdver=1
04/29/2025,38712,18,0,1,1,38712,/data/ncd?ncdid=0&ncdver=1
04/29/2025,36665,19,0,1,1,36665,/data/ncd?ncdid=0&ncdver=1
04/29/2025,36668,45,0,1,1,36668,/data/ncd?ncdid=0&ncdver=1
04/29/2025,34624,42,270,1,1,34624,/data/ncd?ncdid=270&ncdver=1
04/29/2025,34623,38,0,1,1,34623,/data/ncd?ncdid=0&ncdver=1
04/29/2025,38720,6,263,1,1,38720,/data/ncd?ncdid=263&ncdver=1
04/29/2025,38726,17,0,1,1,38726,/data/ncd?ncdid=0&ncdver=1
04/29/2025,36675,19,0,1,1,36675,/data/ncd?ncdid=0&ncdver=1
04/29/2025,36680,26,0,1,1,36680,/data/ncd?ncdid=0&ncdver=1
04/29/2025,36678,33,0,1,1,36678,/data/ncd?ncdid=0&ncdver=1
04/29/2025,34633,54,322,1,1,34633,/data/ncd?ncdid=322&ncdver=1
04/29/2025,34641,27,0,1,1,34641,/data/ncd?ncdid=0&ncdver=1
05/02/2025,36690,38,217,6,1,36690,/data/ncd?ncdid=217&ncdver=6
04/29/2025,34636,38,179,1,1,34636,/data/ncd?ncdid=179&ncdver=1
04/29/2025,34635,37,0,1,1,34635,/data/ncd?ncdid=0&ncdver=1
04/29/2025,34646,26,41,1,1,34646,/data/ncd?ncdid=41&ncdver=1
04/29/2025,38737,19,0,1,1,38737,/data/ncd?ncdid=0&ncdver=1
04/29/2025,36692,27,0,1,1,36692,/data/ncd?ncdid=0&ncdver=1
04/29/2025,34645,51,29,1,1,34645,/data/ncd?ncdid=29&ncdver=1
04/29/2025,34645,51,28,1,2,34645,/data/ncd?ncdid=28&ncdver=1
04/29/2025,38743,15,0,1,1,38743,/data/ncd?ncdid=0&ncdver=1
04/29/2025,34648,31,0,1,1,34648,/data/ncd?ncdid=0&ncdver=1
04/29/2025,38745,17,217,1,1,38745,/data/ncd?ncdid=217&ncdver=1
04/29/2025,38747,9,0,1,1,38747,/data/ncd?ncdid=0&ncdver=1
04/29/2025,36700,16,0,1,1,36700,/data/ncd?ncdid=0&ncdver=1
04/29/2025,36702,20,0,1,1,36702,/data/ncd?ncdid=0&ncdver=1
04/29/2025,36704,23,0,1,1,36704,/data/ncd?ncdid=0&ncdver=1
04/29/2025,34659,32,81,1,1,34659,/data/ncd?ncdid=81&ncdver=1
04/29/2025,34659,32,108,1,2,34659,/data/ncd?ncdid=108&ncdver=1
04/29/2025,36706,23,0,1,1,36706,/data/ncd?ncdid=0&ncdver=1
04/29/2025,34658,36,0,1,1,34658,/data/ncd?ncdid=0&ncdver=1
04/29/2025,38765,27,11,1,1,38765,/data/ncd?ncdid=11&ncdver=1
04/29/2025,38765,27,15,1,2,38765,/data/ncd?ncdid=15&ncdver=1
04/29/2025,38765,27,176,1,3,38765,/data/ncd?ncdid=176&ncdver=1
04/29/2025,38755,6,281,1,1,38755,/data/ncd?ncdid=281&ncdver=1
04/29/2025,36715,58,372,1,1,36715,/data/ncd?ncdid=372&ncdver=1
05/02/2025,38771,18,176,2,1,38771,/data/ncd?ncdid=176&ncdver=2
04/29/2025,36707,40,0,1,1,36707,/data/ncd?ncdid=0&ncdver=1
04/29/2025,38769,14,176,1,1,38769,/data/ncd?ncdid=176&ncdver=1
04/29/2025,38775,10,0,1,1,38775,/data/ncd?ncdid=0&ncdver=1
04/29/2025,38777,7,281,1,1,38777,/data/ncd?ncdid=281&ncdver=1
04/29/2025,38779,4,372,1,1,38779,/data/ncd?ncdid=372&ncdver=1
04/29/2025,38773,32,11,1,1,38773,/data/ncd?ncdid=11&ncdver=1
04/29/2025,38773,32,15,1,2,38773,/data/ncd?ncdid=15&ncdver=1
04/29/2025,38773,32,176,1,3,38773,/data/ncd?ncdid=176&ncdver=1
04/29/2025,38786,10,0,1,1,38786,/data/ncd?ncdid=0&ncdver=1
04/29/2025,38792,6,0,1,1,38792,/data/ncd?ncdid=0&ncdver=1
08/08/2025,40275,8,165,1,1,40275,/data/ncd?ncdid=165&ncdver=1
08/08/2025,40275,8,12,4,2,40275,/data/ncd?ncdid=12&ncdver=4
08/08/2025,40275,8,263,3,3,40275,/data/ncd?ncdid=263&ncdver=3
08/08/2025,40275,8,164,1,4,40275,/data/ncd?ncdid=164&ncdver=1
08/08/2025,40275,8,204,2,5,40275,/data/ncd?ncdid=204&ncdver=2
04/29/2025,38805,7,81,1,1,38805,/data/ncd?ncdid=81&ncdver=1
04/29/2025,38805,7,281,1,2,38805,/data/ncd?ncdid=281&ncdver=1
04/29/2025,38801,23,11,1,1,38801,/data/ncd?ncdid=11&ncdver=1
04/29/2025,38801,23,15,1,2,38801,/data/ncd?ncdid=15&ncdver=1
04/29/2025,38801,23,176,1,3,38801,/data/ncd?ncdid=176&ncdver=1
04/29/2025,38807,7,281,1,1,38807,/data/ncd?ncdid=281&ncdver=1
04/29/2025,38807,7,81,1,2,38807,/data/ncd?ncdid=81&ncdver=1
04/29/2025,38803,17,11,1,1,38803,/data/ncd?ncdid=11&ncdver=1
04/29/2025,38803,17,15,1,2,38803,/data/ncd?ncdid=15&ncdver=1
04/29/2025,38803,17,176,1,3,38803,/data/ncd?ncdid=176&ncdver=1
04/29/2025,38812,7,81,1,1,38812,/data/ncd?ncdid=81&ncdver=1
04/29/2025,36761,20,0,1,1,36761,/data/ncd?ncdid=0&ncdver=1
04/29/2025,38809,30,0,1,1,38809,/data/ncd?ncdid=0&ncdver=1
04/29/2025,38814,4,372,1,1,38814,/data/ncd?ncdid=372&ncdver=1
04/29/2025,38822,8,372,1,1,38822,/data/ncd?ncdid=372&ncdver=1
04/29/2025,38816,6,372,1,1,38816,/data/ncd?ncdid=372&ncdver=1
04/29/2025,38835,8,372,1,1,38835,/data/ncd?ncdid=372&ncdver=1
04/29/2025,38826,8,281,1,1,38826,/data/ncd?ncdid=281&ncdver=1
04/29/2025,36767,27,0,1,1,36767,/data/ncd?ncdid=0&ncdver=1
04/29/2025,38837,7,281,1,1,38837,/data/ncd?ncdid=281&ncdver=1
04/29/2025,38824,10,281,1,1,38824,/data/ncd?ncdid=281&ncdver=1
04/29/2025,38839,12,0,1,1,38839,/data/ncd?ncdid=0&ncdver=1
04/29/2025,38841,20,11,1,1,38841,/data/ncd?ncdid=11&ncdver=1
04/29/2025,38841,20,15,1,2,38841,/data/ncd?ncdid=15&ncdver=1
04/29/2025,38841,20,176,1,3,38841,/data/ncd?ncdid=176&ncdver=1
04/29/2025,36805,27,0,1,1,36805,/data/ncd?ncdid=0&ncdver=1
04/29/2025,36797,22,0,1,1,36797,/data/ncd?ncdid=0&ncdver=1
04/29/2025,36807,45,0,1,1,36807,/data/ncd?ncdid=0&ncdver=1
04/29/2025,36815,26,0,1,1,36815,/data/ncd?ncdid=0&ncdver=1
04/29/2025,34760,27,56,1,1,34760,/data/ncd?ncdid=56&ncdver=1
06/12/2025,34760,27,69,1,2,34760,/data/ncd?ncdid=69&ncdver=1
06/12/2025,34760,27,176,2,3,34760,/data/ncd?ncdid=176&ncdver=2
04/29/2025,34761,34,201,1,1,34761,/data/ncd?ncdid=201&ncdver=1
04/30/2025,36811,16,0,1,1,36811,/data/ncd?ncdid=0&ncdver=1
04/29/2025,36839,23,330,1,1,36839,/data/ncd?ncdid=330&ncdver=1
04/29/2025,36839,23,226,1,2,36839,/data/ncd?ncdid=226&ncdver=1
04/29/2025,36831,35,0,1,1,36831,/data/ncd?ncdid=0&ncdver=1
04/29/2025,34771,51,158,1,1,34771,/data/ncd?ncdid=158&ncdver=1
04/29/2025,36857,17,0,1,1,36857,/data/ncd?ncdid=0&ncdver=1
04/29/2025,36859,27,373,1,1,36859,/data/ncd?ncdid=373&ncdver=1
04/29/2025,38904,11,131,1,1,38904,/data/ncd?ncdid=131&ncdver=1
04/29/2025,38904,11,232,1,2,38904,/data/ncd?ncdid=232&ncdver=1
04/29/2025,38904,11,217,1,3,38904,/data/ncd?ncdid=217&ncdver=1
04/29/2025,38904,11,47,1,4,38904,/data/ncd?ncdid=47&ncdver=1
04/29/2025,38904,11,139,1,5,38904,/data/ncd?ncdid=139&ncdver=1
04/29/2025,38904,11,315,1,6,38904,/data/ncd?ncdid=315&ncdver=1
04/29/2025,36850,25,0,1,1,36850,/data/ncd?ncdid=0&ncdver=1
04/29/2025,38902,12,131,1,1,38902,/data/ncd?ncdid=131&ncdver=1
04/29/2025,38902,12,232,1,2,38902,/data/ncd?ncdid=232&ncdver=1
04/29/2025,38902,12,217,1,3,38902,/data/ncd?ncdid=217&ncdver=1
04/29/2025,38902,12,47,1,4,38902,/data/ncd?ncdid=47&ncdver=1
04/29/2025,38902,12,139,1,5,38902,/data/ncd?ncdid=139&ncdver=1
04/29/2025,38902,12,315,1,6,38902,/data/ncd?ncdid=315&ncdver=1
04/29/2025,36861,25,226,1,1,36861,/data/ncd?ncdid=226&ncdver=1
04/29/2025,36861,25,330,1,2,36861,/data/ncd?ncdid=330&ncdver=1
04/29/2025,36846,21,0,1,1,36846,/data/ncd?ncdid=0&ncdver=1
